instance,family,n,alpha,group_id,bks,bpc_oa_gap_pct,bpc_n_solved,bpc_group_count,bpc_class,bpc_class_label,bpc_note,master_obj,master_cert_gap_pct,master_rt_s,master_status,alns_obj,alns_runtime_s,best_ub,final_cert_gap_pct,alns_lag_proven_optimal,beta_stop_reason,beta_phases,beta_ec_gain,beta_vs_bks,beta_status,beta_vs_master,baseline_ub,baseline_cert_gap_pct,refine_s,refined_source,selfseed_ub,selfseed_gap_pct,selfseed_refine_s
B_n100_001_a25_001,B,100,0.25,001,2142,0.0,4,5,1,optimal,WARNING: bpc_n_solved=4 < group_count=5; 1 instance(s) may be Class 3 (no_incumbent),2142,1.162791,494.0,TIE,2142.0,376.1,2142,0.0000,1,GAP<0.3%,1,0,0.0,TIE,0.0,2144,0.0933,75.5,refined,2142,0.0000,
B_n100_001_a50_002,B,100,0.5,001,3025,0.0,5,5,1,optimal,,3025,0.056167,978.0,TIE,3025.0,377.8,3025,0.0000,1,GAP<0.3%,1,0,0.0,TIE,0.0,3026,0.0330,76.6,refined,3025,0.0000,
B_n100_001_a75_003,B,100,0.75,001,3119,0.0,5,5,1,optimal,,3119,0.0,734.0,TIE,3119.0,0.4,3119,0.0000,True,UB,1,0,0.0,TIE,0.0,3119,0.0000,,baseline,3119,0.0,
B_n100_002_a25_004,B,100,0.25,002,2364,0.0,4,5,1,optimal,WARNING: bpc_n_solved=4 < group_count=5; 1 instance(s) may be Class 3 (no_incumbent),2364,1.89243,488.0,TIE,2364.0,625.9,2364,0.0000,1,GAP<0.3%,2,0,0.0,TIE,0.0,2366,0.0845,25.1,refined,2364,0.0000,
B_n100_002_a50_005,B,100,0.5,002,3173,0.0,5,5,1,optimal,,3173,1.066351,899.0,TIE,3173.0,601.3,3173,0.0000,True,GAP<0.3%,2,0,0.0,TIE,0.0,3173,0.0000,,baseline,3173,0.0000,
B_n100_002_a75_006,B,100,0.75,002,3329,0.0,5,5,1,optimal,,3329,0.0,990.0,TIE,3329.0,0.2,3329,0.0000,True,UB,1,0,0.0,TIE,0.0,3329,0.0000,,baseline,3329,0.0,
B_n100_003_a25_007,B,100,0.25,003,2312,0.0,4,5,1,optimal,WARNING: bpc_n_solved=4 < group_count=5; 1 instance(s) may be Class 3 (no_incumbent),2312,1.654685,536.0,TIE,2312.0,625.4,2312,0.0000,1,GAP<0.3%,2,0,0.0,TIE,0.0,2313,0.0432,24.6,refined,2312,0.0000,
B_n100_003_a50_008,B,100,0.5,003,3179,0.0,5,5,1,optimal,,3179,0.025159,610.0,TIE,3179.0,0.5,3179,0.0000,True,UB,1,0,0.0,TIE,0.0,3179,0.0000,,baseline,3179,0.0000,
B_n100_003_a75_009,B,100,0.75,003,3277,0.0,5,5,1,optimal,,3277,0.003051,831.0,TIE,3277.0,0.7,3277,0.0000,True,UB,1,0,0.0,TIE,0.0,3277,0.0000,,baseline,3277,0.0000,
B_n100_004_a25_010,B,100,0.25,004,2831,0.0,4,5,1,optimal,WARNING: bpc_n_solved=4 < group_count=5; 1 instance(s) may be Class 3 (no_incumbent),2831,1.701389,504.0,TIE,2831.0,615.9,2831,0.0000,1,GAP<0.3%,2,0,0.0,TIE,0.0,2839,0.2818,15.0,refined,2831,0.0000,
B_n100_004_a50_011,B,100,0.5,004,4102,0.0,5,5,1,optimal,,4102,0.0,599.0,TIE,4102.0,0.7,4102,0.0000,True,UB,1,0,0.0,TIE,0.0,4102,0.0000,,baseline,4102,0.0,
B_n100_004_a75_012,B,100,0.75,004,4174,0.0,5,5,1,optimal,,4174,0.0,895.0,TIE,4174.0,0.2,4174,0.0000,True,UB,1,0,0.0,TIE,0.0,4174,0.0000,,baseline,4174,0.0,
B_n100_005_a25_013,B,100,0.25,005,2241,0.0,4,5,1,optimal,WARNING: bpc_n_solved=4 < group_count=5; 1 instance(s) may be Class 3 (no_incumbent),2241,1.433849,466.0,TIE,2241.0,614.3,2241,0.0000,1,GAP<0.3%,2,0,0.0,TIE,0.0,2242,0.0446,13.7,refined,2241,0.0000,
B_n100_005_a50_014,B,100,0.5,005,3344,0.0,5,5,1,optimal,,3344,0.809777,1055.0,TIE,3344.0,316.2,3344,0.0000,1,GAP<0.3%,1,0,0.0,TIE,0.0,3352,0.2387,14.4,refined,3344,0.0000,
B_n100_005_a75_015,B,100,0.75,005,3512,0.0,5,5,1,optimal,,3512,0.0,838.0,TIE,3512.0,0.5,3512,0.0000,True,UB,1,0,0.0,TIE,0.0,3512,0.0000,,baseline,3512,0.0,
B_n110_006_a25_016,B,110,0.25,006,2434,0.0,4,5,1,optimal,WARNING: bpc_n_solved=4 < group_count=5; 1 instance(s) may be Class 3 (no_incumbent),2434,1.577032,374.0,TIE,2434.0,1070.7,2469,1.4176,0,TIERS_EXHAUSTED,3,0,0.0,TIE,0.0,2473,1.5770,167.9,refined,2469,1.4176,
B_n110_006_a50_017,B,110,0.5,006,3465,0.0,5,5,1,optimal,,3465,1.033931,779.0,TIE,3465.0,794.4,3465,0.0000,1,GAP<0.3%,2,0,0.0,TIE,0.0,3475,0.2878,191.2,refined,3465,0.0000,
B_n110_006_a75_018,B,110,0.75,006,3614,0.0,5,5,1,optimal,,3614,0.022131,841.0,TIE,3614.0,0.7,3614,0.0000,True,UB,1,0,0.0,TIE,0.0,3614,0.0000,,baseline,3614,0.0000,
B_n110_007_a25_019,B,110,0.25,007,2510,0.0,4,5,1,optimal,WARNING: bpc_n_solved=4 < group_count=5; 1 instance(s) may be Class 3 (no_incumbent),2510,1.607213,454.0,TIE,2510.0,928.7,2510,0.0000,1,GAP<0.3%,3,0,0.0,TIE,0.0,2515,0.1988,27.4,refined,2510,0.0000,
B_n110_007_a50_020,B,110,0.5,007,3603,0.0,5,5,1,optimal,,3602,1.160717,1021.0,GAP,3603.0,649.0,3603,0.0000,1,GAP<0.3%,2,0,0.0,TIE,1.0,3605,0.0555,47.1,refined,3603,0.0000,
B_n110_007_a75_021,B,110,0.75,007,3780,0.0,5,5,1,optimal,,3780,0.0,1189.0,TIE,3780.0,0.3,3780,0.0000,True,UB,1,0,0.0,TIE,0.0,3780,0.0000,,baseline,3780,0.0,
B_n110_008_a25_022,B,110,0.25,008,2531,0.0,4,5,1,optimal,WARNING: bpc_n_solved=4 < group_count=5; 1 instance(s) may be Class 3 (no_incumbent),2531,0.197161,664.0,TIE,2531.0,642.5,2531,0.0000,1,GAP<0.3%,2,0,0.0,TIE,0.0,2535,0.1578,41.5,refined,2531,0.0000,
B_n110_008_a50_023,B,110,0.5,008,3700,0.0,5,5,1,optimal,,3700,0.018915,825.0,TIE,3700.0,0.7,3700,0.0000,True,UB,1,0,0.0,TIE,0.0,3700,0.0000,,baseline,3700,0.0000,
B_n110_008_a75_024,B,110,0.75,008,3808,0.0,5,5,1,optimal,,3808,0.002626,1092.0,TIE,3808.0,0.8,3808,0.0000,True,UB,1,0,0.0,TIE,0.0,3808,0.0000,,baseline,3808,0.0000,
B_n110_009_a25_025,B,110,0.25,009,3221,0.0,4,5,1,optimal,WARNING: bpc_n_solved=4 < group_count=5; 1 instance(s) may be Class 3 (no_incumbent),3221,0.179745,568.0,TIE,3221.0,631.2,3221,0.0000,1,GAP<0.3%,2,0,0.0,TIE,0.0,3226,0.1550,30.4,refined,3221,0.0000,
B_n110_009_a50_026,B,110,0.5,009,4524,0.0,5,5,1,optimal,,4524,0.745941,779.0,TIE,4524.0,631.4,4524,0.0000,1,GAP<0.3%,2,0,0.0,TIE,0.0,4526,0.0442,29.5,refined,4524,0.0000,
B_n110_009_a75_027,B,110,0.75,009,4696,0.0,5,5,1,optimal,,4696,0.0,1204.0,TIE,4696.0,0.5,4696,0.0000,True,UB,1,0,0.0,TIE,0.0,4696,0.0000,,baseline,4696,0.0,
B_n110_010_a25_028,B,110,0.25,010,2549,0.0,4,5,1,optimal,WARNING: bpc_n_solved=4 < group_count=5; 1 instance(s) may be Class 3 (no_incumbent),2549,0.913508,459.0,TIE,2549.0,327.7,2549,0.0000,1,GAP<0.3%,1,0,0.0,TIE,0.0,2553,0.1567,27.2,refined,2549,0.0000,
B_n110_010_a50_029,B,110,0.5,010,3674,0.0,5,5,1,optimal,,3674,0.761709,962.0,TIE,3674.0,344.9,3674,0.0000,1,GAP<0.3%,1,0,0.0,TIE,0.0,3684,0.2714,43.2,refined,3674,0.0000,
B_n110_010_a75_030,B,110,0.75,010,3853,0.0,5,5,1,optimal,,3853,0.0,1233.0,TIE,3853.0,0.8,3853,0.0000,True,UB,1,0,0.0,TIE,0.0,3853,0.0000,,baseline,3853,0.0,25.7
B_n120_011_a25_031,B,120,0.25,011,2526,0.07,4,5,2,incumbent,WARNING: bpc_n_solved=4 < group_count=5; 1 instance(s) may be Class 3 (no_incumbent),2526,1.796128,560.0,TIE,2526.0,1271.7,2566,1.5588,0,TIERS_EXHAUSTED,3,0,0.0,TIE,0.0,2574,1.8648,366.3,refined,2566,1.5588,
B_n120_011_a50_032,B,120,0.5,011,3899,0.0,5,5,1,optimal,,3898,1.268965,917.0,GAP,3899.0,964.6,3899,0.0000,1,GAP<0.3%,2,0,0.0,TIE,1.0,3909,0.2558,361.5,refined,3899,0.0000,
B_n120_011_a75_033,B,120,0.75,011,4074,0.0,5,5,1,optimal,,4074,0.009817,740.0,TIE,4074.0,0.7,4074,0.0000,True,UB,1,0,0.0,TIE,0.0,4074,0.0000,,baseline,4074,0.0000,
B_n120_012_a25_034,B,120,0.25,012,2871,0.07,4,5,2,incumbent,WARNING: bpc_n_solved=4 < group_count=5; 1 instance(s) may be Class 3 (no_incumbent),2871,0.485269,633.0,TIE,2871.0,997.5,2881,0.3471,0,TIERS_EXHAUSTED,3,0,0.0,TIE,0.0,2883,0.4162,93.9,refined,2881,0.3471,
B_n120_012_a50_035,B,120,0.5,012,4182,0.0,5,5,1,optimal,,4182,0.011955,1455.0,TIE,4182.0,1.1,4182,0.0000,True,UB,1,0,0.0,TIE,0.0,4182,0.0000,,baseline,4182,0.0000,
B_n120_012_a75_036,B,120,0.75,012,4222,0.0,5,5,1,optimal,,4222,0.0,915.0,TIE,4222.0,0.2,4222,0.0000,True,UB,1,0,0.0,TIE,0.0,4222,0.0000,,baseline,4222,0.0,
B_n120_013_a25_037,B,120,0.25,013,2942,0.07,4,5,2,incumbent,WARNING: bpc_n_solved=4 < group_count=5; 1 instance(s) may be Class 3 (no_incumbent),2942,1.598769,665.0,TIE,2942.0,674.2,2945,0.1019,0,GAP<0.3%,2,0,0.0,TIE,0.0,2949,0.2374,72.7,refined,2945,0.1019,
B_n120_013_a50_038,B,120,0.5,013,4064,0.0,5,5,1,optimal,,4063,0.066409,927.0,GAP,4064.0,301.0,4064,0.0000,True,GAP<0.3%,1,0,0.0,TIE,1.0,4064,0.0000,,baseline,4064,0.0000,
B_n120_013_a75_039,B,120,0.75,013,4147,0.0,5,5,1,optimal,,4147,0.012055,611.0,TIE,4147.0,0.6,4147,0.0000,True,UB,1,0,0.0,TIE,0.0,4147,0.0000,,baseline,4147,0.0000,
B_n120_014_a25_040,B,120,0.25,014,3242,0.07,4,5,2,incumbent,WARNING: bpc_n_solved=4 < group_count=5; 1 instance(s) may be Class 3 (no_incumbent),3242,1.581616,586.0,TIE,3242.0,967.5,3287,1.3690,0,TIERS_EXHAUSTED,3,0,0.0,TIE,0.0,3294,1.5786,65.3,refined,3287,1.3690,
B_n120_014_a50_041,B,120,0.5,014,4855,0.0,5,5,1,optimal,,4845,0.218305,1005.0,GAP,4855.0,1.4,4855,0.0000,True,UB,1,0,0.0,TIE,10.0,4855,0.0000,,baseline,4855,0.0000,
B_n120_014_a75_042,B,120,0.75,014,5038,0.0,5,5,1,optimal,,5038,0.0,610.0,TIE,5038.0,0.7,5038,0.0000,True,UB,1,0,0.0,TIE,0.0,5038,0.0000,,baseline,5038,0.0,
B_n120_015_a25_043,B,120,0.25,015,2579,0.07,4,5,2,incumbent,WARNING: bpc_n_solved=4 < group_count=5; 1 instance(s) may be Class 3 (no_incumbent),2579,0.178046,591.0,TIE,2579.0,655.4,2579,0.0000,1,GAP<0.3%,2,0,0.0,TIE,0.0,2583,0.1549,54.1,refined,2579,0.0000,
B_n120_015_a50_044,B,120,0.5,015,4004,0.0,5,5,1,optimal,,4004,0.0,880.0,TIE,4004.0,0.9,4004,0.0000,True,UB,1,0,0.0,TIE,0.0,4004,0.0000,,baseline,4004,0.0,49.0
B_n120_015_a75_045,B,120,0.75,015,4282,0.0,5,5,1,optimal,,4282,0.00467,614.0,TIE,4282.0,1.3,4282,0.0000,True,UB,1,0,0.0,TIE,0.0,4282,0.0000,,baseline,4282,0.0000,
B_n130_016_a25_046,B,130,0.25,016,2744,0.01,4,5,2,incumbent,WARNING: bpc_n_solved=4 < group_count=5; 1 instance(s) may be Class 3 (no_incumbent),2744,1.8598,311.0,TIE,2744.0,1341.3,2789,1.6135,0,TIERS_EXHAUSTED,3,0,0.0,TIE,0.0,2799,1.9650,437.7,refined,2789,1.6135,
B_n130_016_a50_047,B,130,0.5,016,4157,0.06,3,5,2,incumbent,WARNING: bpc_n_solved=3 < group_count=5; 2 instance(s) may be Class 3 (no_incumbent),4156,1.200523,1708.0,GAP,4156.0,991.7,4157,0.0241,0,GAP<0.3%,2,0,-1.0,GAP,0.0,4163,0.1681,385.6,refined,4157,0.0241,
B_n130_016_a75_048,B,130,0.75,016,4216,0.61,3,5,2,incumbent,WARNING: bpc_n_solved=3 < group_count=5; 2 instance(s) may be Class 3 (no_incumbent),4333,0.195785,2327.0,BEAT,4333.0,724.7,4334,0.0231,0,GAP<0.3%,1,0,117.0,BEAT,0.0,4334,0.0231,419.9,refined,4334,0.0231,
B_n130_017_a25_049,B,130,0.25,017,3062,0.01,4,5,2,incumbent,WARNING: bpc_n_solved=4 < group_count=5; 1 instance(s) may be Class 3 (no_incumbent),3061,0.409943,462.0,GAP,3062.0,1046.0,3072,0.3255,0,TIERS_EXHAUSTED,3,0,0.0,TIE,1.0,3073,0.3580,141.4,refined,3072,0.3255,
B_n130_017_a50_050,B,130,0.5,017,4594,0.06,3,5,2,incumbent,WARNING: bpc_n_solved=3 < group_count=5; 2 instance(s) may be Class 3 (no_incumbent),4593,0.336335,2085.0,GAP,4594.0,516.5,4595,0.0218,0,GAP<0.3%,1,0,0.0,TIE,1.0,4595,0.0218,212.7,refined,4595,0.0218,
B_n130_017_a75_051,B,130,0.75,017,4635,0.61,3,5,2,incumbent,WARNING: bpc_n_solved=3 < group_count=5; 2 instance(s) may be Class 3 (no_incumbent),4646,0.0,3384.0,BEAT,4646.0,0.2,4646,0.0000,True,UB,1,0,11.0,BEAT,0.0,4646,0.0000,,baseline,4646,0.0,
B_n130_018_a25_052,B,130,0.25,018,3192,0.01,4,5,2,incumbent,WARNING: bpc_n_solved=4 < group_count=5; 1 instance(s) may be Class 3 (no_incumbent),3192,1.414541,477.0,TIE,3192.0,688.0,3196,0.1252,0,GAP<0.3%,2,0,0.0,TIE,0.0,3197,0.1564,85.9,refined,3196,0.1252,
B_n130_018_a50_053,B,130,0.5,018,4497,0.06,3,5,2,incumbent,WARNING: bpc_n_solved=3 < group_count=5; 2 instance(s) may be Class 3 (no_incumbent),4497,0.36557,3322.0,TIE,4497.0,305.9,4497,0.0000,True,GAP<0.3%,1,0,0.0,TIE,0.0,4497,0.0000,,baseline,4497,0.0000,
B_n130_018_a75_054,B,130,0.75,018,4578,0.61,3,5,2,incumbent,WARNING: bpc_n_solved=3 < group_count=5; 2 instance(s) may be Class 3 (no_incumbent),4577,0.152705,2986.0,GAP,4578.0,303.9,4578,0.0000,True,GAP<0.3%,1,0,0.0,TIE,1.0,4578,0.0000,,baseline,4578,0.0000,
B_n130_019_a25_055,B,130,0.25,019,3359,0.01,4,5,2,incumbent,WARNING: bpc_n_solved=4 < group_count=5; 1 instance(s) may be Class 3 (no_incumbent),3359,1.521593,401.0,TIE,3359.0,969.6,3404,1.3220,0,TIERS_EXHAUSTED,3,0,0.0,TIE,0.0,3410,1.4956,67.8,refined,3404,1.3220,
B_n130_019_a50_056,B,130,0.5,019,5093,0.06,3,5,2,incumbent,WARNING: bpc_n_solved=3 < group_count=5; 2 instance(s) may be Class 3 (no_incumbent),5083,0.742043,2670.0,GAP,5093.0,302.9,5093,0.0000,True,GAP<0.3%,1,0,0.0,TIE,10.0,5093,0.0000,,baseline,5093,0.0000,
B_n130_019_a75_057,B,130,0.75,019,5307,0.61,3,5,2,incumbent,WARNING: bpc_n_solved=3 < group_count=5; 2 instance(s) may be Class 3 (no_incumbent),5307,0.037672,1609.0,TIE,5307.0,301.7,5307,0.0000,True,GAP<0.3%,1,0,0.0,TIE,0.0,5307,0.0000,,baseline,5307,0.0000,
B_n130_020_a25_058,B,130,0.25,020,2680,0.01,4,5,2,incumbent,WARNING: bpc_n_solved=4 < group_count=5; 1 instance(s) may be Class 3 (no_incumbent),2680,0.382857,827.0,TIE,2680.0,965.5,2680,0.0000,1,GAP<0.3%,3,0,0.0,TIE,0.0,2684,0.1490,63.5,refined,2680,0.0000,
B_n130_020_a50_059,B,130,0.5,020,4294,0.06,3,5,2,incumbent,WARNING: bpc_n_solved=3 < group_count=5; 2 instance(s) may be Class 3 (no_incumbent),4306,0.485325,1880.0,BEAT,4306.0,302.2,4306,0.0000,True,GAP<0.3%,1,0,12.0,BEAT,0.0,4306,0.0000,,baseline,4306,0.0000,
B_n130_020_a75_060,B,130,0.75,020,4597,0.61,3,5,2,incumbent,WARNING: bpc_n_solved=3 < group_count=5; 2 instance(s) may be Class 3 (no_incumbent),4596,0.19544,1994.0,GAP,4596.0,369.6,4597,0.0218,0,GAP<0.3%,1,0,-1.0,GAP,0.0,4597,0.0218,66.8,refined,4597,0.0218,
B_n140_021_a25_061,B,140,0.25,021,3142,NA,NA,5,4,not_reported,outside paper coverage,3142,1.649607,1258.0,TIE,3142.0,1434.8,3187,1.4120,0,TIERS_EXHAUSTED,3,0,0.0,TIE,0.0,3195,1.6588,527.3,refined,3187,1.4120,
B_n140_021_a50_062,B,140,0.5,021,4655,NA,NA,5,4,not_reported,outside paper coverage,4654,1.157481,1756.0,GAP,4654.0,1024.6,4655,0.0215,0,GAP<0.3%,2,0,-1.0,GAP,0.0,4660,0.1288,418.0,refined,4655,0.0215,
B_n140_021_a75_063,B,140,0.75,021,4852,NA,NA,5,4,not_reported,outside paper coverage,4851,0.195453,2797.0,GAP,4850.0,770.6,4852,0.0412,0,GAP<0.3%,1,0,-2.0,GAP,-1.0,4853,0.0618,462.1,refined,4852,0.0412,
B_n140_022_a25_064,B,140,0.25,022,3392,NA,NA,5,4,not_reported,outside paper coverage,3391,0.132528,1224.0,GAP,3392.0,777.4,3392,0.0000,1,GAP<0.3%,2,0,0.0,TIE,1.0,3395,0.0884,172.6,refined,3392,0.0000,
B_n140_022_a50_065,B,140,0.5,022,5034,NA,NA,5,4,not_reported,outside paper coverage,5080,0.489716,3384.0,BEAT,5080.0,534.6,5081,0.0197,0,GAP<0.3%,1,0,46.0,BEAT,0.0,5081,0.0197,229.7,refined,5081,0.0197,
B_n140_022_a75_066,B,140,0.75,022,5178,NA,NA,5,4,not_reported,outside paper coverage,5177,0.019312,4525.0,GAP,5178.0,0.2,5178,0.0000,True,UB,1,0,0.0,TIE,1.0,5178,0.0000,,baseline,5178,0.0,
B_n140_023_a25_067,B,140,0.25,023,3781,NA,NA,5,4,not_reported,outside paper coverage,3781,0.630749,2103.0,TIE,3781.0,1224.6,3784,0.0793,0,TIERS_EXHAUSTED,3,0,0.0,TIE,0.0,3798,0.4476,319.5,refined,3784,0.0793,
B_n140_023_a50_068,B,140,0.5,023,4815,NA,NA,5,4,not_reported,outside paper coverage,4942,0.961924,4456.0,BEAT,4942.0,851.2,4943,0.0202,0,GAP<0.3%,2,0,127.0,BEAT,0.0,4949,0.1414,243.0,refined,4943,0.0202,
B_n140_023_a75_069,B,140,0.75,023,5095,NA,NA,5,4,not_reported,outside paper coverage,5094,0.156801,3284.0,GAP,5095.0,303.0,5095,0.0000,True,GAP<0.3%,1,0,0.0,TIE,1.0,5095,0.0000,,baseline,5095,0.0000,
B_n140_024_a25_070,B,140,0.25,024,4264,NA,NA,5,4,not_reported,outside paper coverage,4264,1.186504,2528.0,TIE,4264.0,1024.8,4309,1.0443,0,TIERS_EXHAUSTED,3,0,0.0,TIE,0.0,4315,1.1819,120.1,refined,4309,1.0443,
B_n140_024_a50_071,B,140,0.5,024,5578,NA,NA,5,4,not_reported,outside paper coverage,5578,0.614699,2057.0,TIE,5577.0,427.9,5578,0.0179,0,GAP<0.3%,1,0,-1.0,GAP,-1.0,5578,0.0179,123.9,refined,5578,0.0179,
B_n140_024_a75_072,B,140,0.75,024,5663,NA,NA,5,4,not_reported,outside paper coverage,5663,0.0,2417.0,TIE,5663.0,0.6,5663,0.0000,True,UB,1,0,0.0,TIE,0.0,5663,0.0000,,baseline,5663,0.0,
B_n140_025_a25_073,B,140,0.25,025,3331,NA,NA,5,4,not_reported,outside paper coverage,3262,2.431729,1284.0,GAP,3331.0,691.0,3331,0.0000,1,GAP<0.3%,2,0,0.0,TIE,69.0,3335,0.1199,89.5,refined,3331,0.0000,
B_n140_025_a50_074,B,140,0.5,025,4639,NA,NA,5,4,not_reported,outside paper coverage,4639,0.823089,2001.0,TIE,4639.0,1028.7,4639,0.0000,1,GAP<0.3%,3,0,0.0,TIE,0.0,4642,0.0646,123.7,refined,4639,0.0000,
B_n140_025_a75_075,B,140,0.75,025,4941,NA,NA,5,4,not_reported,outside paper coverage,4940,0.111212,1414.0,GAP,4941.0,307.4,4941,0.0000,True,GAP<0.3%,1,0,0.0,TIE,1.0,4941,0.0000,,baseline,4941,0.0000,
B_n150_026_a25_076,B,150,0.25,026,?,NA,NA,5,4,not_reported,outside paper coverage,3246,1.895004,1580.0,NA,3246.0,1401.6,3296,1.5170,0,TIERS_EXHAUSTED,3,0,,NA,0.0,3307,1.8446,495.3,refined,3296,1.5170,
B_n150_026_a50_077,B,150,0.5,026,?,NA,NA,5,4,not_reported,outside paper coverage,4972,1.172729,2120.0,NA,4973.0,1323.2,4974,0.0201,0,GAP<0.3%,3,0,,NA,1.0,4982,0.1807,415.0,refined,4974,0.0201,
B_n150_026_a75_078,B,150,0.75,026,?,NA,NA,5,4,not_reported,outside paper coverage,5190,0.211498,2977.0,NA,5191.0,779.7,5193,0.0385,0,GAP<0.3%,1,0,,NA,1.0,5194,0.0578,472.6,refined,5193,0.0385,
B_n150_027_a25_079,B,150,0.25,027,?,NA,NA,5,4,not_reported,outside paper coverage,3500,0.542752,1062.0,NA,3500.0,1126.8,3500,0.0000,1,GAP<0.3%,3,0,,NA,0.0,3510,0.2849,221.5,refined,3500,0.0000,
B_n150_027_a50_080,B,150,0.5,027,?,NA,NA,5,4,not_reported,outside paper coverage,5274,0.929839,3996.0,NA,5275.0,868.6,5286,0.2081,0,GAP<0.3%,2,0,,NA,1.0,5288,0.2458,263.0,refined,5286,0.2081,
B_n150_027_a75_081,B,150,0.75,027,?,NA,NA,5,4,not_reported,outside paper coverage,5419,0.046113,3634.0,NA,5420.0,701.9,5421,0.0184,0,GAP<0.3%,1,0,,NA,1.0,5421,0.0184,399.5,refined,5421,0.0184,
B_n150_028_a25_082,B,150,0.25,028,?,NA,NA,5,4,not_reported,outside paper coverage,3888,1.954356,2536.0,NA,3890.0,1326.5,3893,0.0771,0,TIERS_EXHAUSTED,3,0,,NA,2.0,3907,0.4351,420.3,refined,3893,0.0771,
B_n150_028_a50_083,B,150,0.5,028,?,NA,NA,5,4,not_reported,outside paper coverage,5072,1.43801,3514.0,NA,5073.0,852.0,5077,0.0788,0,GAP<0.3%,2,0,,NA,1.0,5086,0.2556,246.3,refined,5077,0.0788,
B_n150_028_a75_084,B,150,0.75,028,?,NA,NA,5,4,not_reported,outside paper coverage,5330,0.13116,2901.0,NA,5330.0,303.1,5330,0.0000,True,GAP<0.3%,1,0,,NA,0.0,5330,0.0000,,baseline,5330,0.0000,
B_n150_029_a25_085,B,150,0.25,029,?,NA,NA,5,4,not_reported,outside paper coverage,4595,1.952417,2360.0,NA,4595.0,823.1,4599,0.0870,0,GAP<0.3%,2,0,,NA,0.0,4607,0.2605,215.9,refined,4599,0.0870,
B_n150_029_a50_086,B,150,0.5,029,?,NA,NA,5,4,not_reported,outside paper coverage,6099,0.343137,2477.0,NA,6102.0,305.6,6102,0.0000,True,GAP<0.3%,1,0,,NA,3.0,6102,0.0000,,baseline,6102,0.0000,
B_n150_029_a75_087,B,150,0.75,029,?,NA,NA,5,4,not_reported,outside paper coverage,6185,0.016166,3190.0,NA,6185.0,302.3,6185,0.0000,True,GAP<0.3%,1,0,,NA,0.0,6185,0.0000,,baseline,6185,0.0000,
B_n150_030_a25_088,B,150,0.25,030,?,NA,NA,5,4,not_reported,outside paper coverage,3550,1.279199,1609.0,NA,3550.0,730.2,3550,0.0000,1,GAP<0.3%,2,0,,NA,0.0,3553,0.0844,127.8,refined,3550,0.0000,
B_n150_030_a50_089,B,150,0.5,030,?,NA,NA,5,4,not_reported,outside paper coverage,4973,0.946121,1815.0,NA,4973.0,777.8,4974,0.0201,0,GAP<0.3%,2,0,,NA,0.0,4980,0.1406,171.9,refined,4974,0.0201,
B_n150_030_a75_090,B,150,0.75,030,?,NA,NA,5,4,not_reported,outside paper coverage,5280,0.122955,1795.0,NA,5281.0,481.3,5282,0.0189,0,GAP<0.3%,1,0,,NA,1.0,5286,0.0946,177.3,refined,5282,0.0189,
C_n050_001_a25_001,C,50,0.25,001,735,NA,NA,5,4,not_reported,outside paper coverage,735,0.433487,104.0,TIE,735.0,299.9,735,0.0000,True,GAP<0.3%,1,0,0.0,TIE,0.0,735,0.0000,,baseline,735,0.0000,
C_n050_001_a50_002,C,50,0.5,001,1236,NA,NA,5,4,not_reported,outside paper coverage,1236,0.04852,302.0,TIE,1236.0,0.1,1236,0.0000,True,UB,1,0,0.0,TIE,0.0,1236,0.0000,,baseline,1236,0.0000,
C_n050_001_a75_003,C,50,0.75,001,1445,NA,NA,5,4,not_reported,outside paper coverage,1445,0.103699,363.0,TIE,1445.0,300.7,1445,0.0000,True,GAP<0.3%,1,0,0.0,TIE,0.0,1445,0.0000,,baseline,1445,0.0000,
C_n050_002_a25_004,C,50,0.25,002,783,NA,NA,5,4,not_reported,outside paper coverage,783,0.153022,134.0,TIE,783.0,300.1,783,0.0000,True,GAP<0.3%,1,0,0.0,TIE,0.0,783,0.0000,,baseline,783,0.0000,
C_n050_002_a50_005,C,50,0.5,002,1257,NA,NA,5,4,not_reported,outside paper coverage,1257,0.023861,335.0,TIE,1257.0,0.2,1257,0.0000,True,UB,1,0,0.0,TIE,0.0,1257,0.0000,,baseline,1257,0.0000,
C_n050_002_a75_006,C,50,0.75,002,1495,NA,NA,5,4,not_reported,outside paper coverage,1495,0.0,419.0,TIE,1495.0,0.3,1495,0.0000,True,UB,1,0,0.0,TIE,0.0,1495,0.0000,,baseline,1495,0.0,
C_n050_003_a25_007,C,50,0.25,003,994,NA,NA,5,4,not_reported,outside paper coverage,994,1.86593,176.0,TIE,994.0,306.2,994,0.0000,1,GAP<0.3%,1,0,0.0,TIE,0.0,995,0.1005,6.1,refined,994,0.0000,
C_n050_003_a50_008,C,50,0.5,003,1362,NA,NA,5,4,not_reported,outside paper coverage,1362,0.110011,439.0,TIE,1362.0,607.3,1362,0.0000,1,GAP<0.3%,2,0,0.0,TIE,0.0,1363,0.0734,6.2,refined,1362,0.0000,
C_n050_003_a75_009,C,50,0.75,003,1595,NA,NA,5,4,not_reported,outside paper coverage,1595,0.0,438.0,TIE,1595.0,0.6,1595,0.0000,True,UB,1,0,0.0,TIE,0.0,1595,0.0000,,baseline,1595,0.0,
C_n050_004_a25_010,C,50,0.25,004,1242,NA,NA,5,4,not_reported,outside paper coverage,1242,0.751159,124.0,TIE,1242.0,304.6,1242,0.0000,1,GAP<0.3%,1,0,0.0,TIE,0.0,1243,0.0805,5.2,refined,1242,0.0000,
C_n050_004_a50_011,C,50,0.5,004,2016,NA,NA,5,4,not_reported,outside paper coverage,2016,0.079302,405.0,TIE,2016.0,305.6,2017,0.0496,0,GAP<0.3%,1,0,0.0,TIE,0.0,2017,0.0496,5.1,refined,2017,0.0496,
C_n050_004_a75_012,C,50,0.75,004,2062,NA,NA,5,4,not_reported,outside paper coverage,2062,0.0,462.0,TIE,2062.0,0.5,2062,0.0000,True,UB,1,0,0.0,TIE,0.0,2062,0.0000,,baseline,2062,0.0,
C_n050_005_a25_013,C,50,0.25,005,1077,NA,NA,5,4,not_reported,outside paper coverage,1077,0.498891,228.0,TIE,1077.0,306.3,1077,0.0000,1,GAP<0.3%,1,0,0.0,TIE,0.0,1078,0.0928,6.1,refined,1077,0.0000,
C_n050_005_a50_014,C,50,0.5,005,1684,NA,NA,5,4,not_reported,outside paper coverage,1684,0.005938,437.0,TIE,1684.0,0.4,1684,0.0000,True,UB,1,0,0.0,TIE,0.0,1684,0.0000,,baseline,1684,0.0000,
C_n050_005_a75_015,C,50,0.75,005,1737,NA,NA,5,4,not_reported,outside paper coverage,1737,0.0,491.0,TIE,1737.0,0.6,1737,0.0000,True,UB,1,0,0.0,TIE,0.0,1737,0.0000,,baseline,1737,0.0,
C_n055_006_a25_016,C,55,0.25,006,975,0.0,5,5,1,optimal,,975,0.0,160.0,TIE,975.0,0.0,975,0.0000,True,UB,1,0,0.0,TIE,0.0,975,0.0000,,baseline,975,0.0,
C_n055_006_a50_017,C,55,0.5,006,1540,0.0,5,5,1,optimal,,1540,0.0,416.0,TIE,1540.0,0.4,1540,0.0000,True,UB,1,0,0.0,TIE,0.0,1540,0.0000,,baseline,1540,0.0,
C_n055_006_a75_018,C,55,0.75,006,1589,0.0,5,5,1,optimal,,1589,0.031456,514.0,TIE,1589.0,0.8,1589,0.0000,True,UB,1,0,0.0,TIE,0.0,1589,0.0000,,baseline,1589,0.0000,
C_n055_007_a25_019,C,55,0.25,007,804,0.0,5,5,1,optimal,,804,1.615272,164.0,TIE,804.0,299.2,804,0.0000,True,GAP<0.3%,1,0,0.0,TIE,0.0,804,0.0000,,baseline,804,0.0000,
C_n055_007_a50_020,C,55,0.5,007,1368,0.0,5,5,1,optimal,,1368,0.036536,403.0,TIE,1368.0,0.3,1368,0.0000,True,UB,1,0,0.0,TIE,0.0,1368,0.0000,,baseline,1368,0.0000,
C_n055_007_a75_021,C,55,0.75,007,1623,0.0,5,5,1,optimal,,1623,0.0,425.0,TIE,1623.0,0.8,1623,0.0000,True,UB,1,0,0.0,TIE,0.0,1623,0.0000,,baseline,1623,0.0,
C_n055_008_a25_022,C,55,0.25,008,1004,0.0,5,5,1,optimal,,1004,1.336478,228.0,TIE,1004.0,300.2,1004,0.0000,True,GAP<0.3%,1,0,0.0,TIE,0.0,1004,0.0000,,baseline,1004,0.0000,
C_n055_008_a50_023,C,55,0.5,008,1381,0.0,5,5,1,optimal,,1381,0.094046,481.0,TIE,1381.0,612.2,1381,0.0000,1,GAP<0.3%,2,0,0.0,TIE,0.0,1382,0.0724,11.2,refined,1381,0.0000,
C_n055_008_a75_024,C,55,0.75,008,1617,0.0,5,5,1,optimal,,1617,0.0,454.0,TIE,1617.0,1.1,1617,0.0000,True,UB,1,0,0.0,TIE,0.0,1617,0.0000,,baseline,1617,0.0,
C_n055_009_a25_025,C,55,0.25,009,1353,0.0,5,5,1,optimal,,1353,0.770077,185.0,TIE,1353.0,306.3,1353,0.0000,1,GAP<0.3%,1,0,0.0,TIE,0.0,1354,0.0739,6.2,refined,1353,0.0000,
C_n055_009_a50_026,C,55,0.5,009,2225,0.0,5,5,1,optimal,,2225,0.071858,418.0,TIE,2225.0,306.1,2226,0.0449,0,GAP<0.3%,1,0,0.0,TIE,0.0,2226,0.0449,5.4,refined,2226,0.0449,
C_n055_009_a75_027,C,55,0.75,009,2373,0.0,5,5,1,optimal,,2373,0.0,513.0,TIE,2373.0,0.6,2373,0.0000,True,UB,1,0,0.0,TIE,0.0,2373,0.0000,,baseline,2373,0.0,
C_n055_010_a25_028,C,55,0.25,010,1186,0.0,5,5,1,optimal,,1186,0.419815,285.0,TIE,1186.0,306.7,1186,0.0000,1,GAP<0.3%,1,0,0.0,TIE,0.0,1187,0.0842,6.5,refined,1186,0.0000,
C_n055_010_a50_029,C,55,0.5,010,1894,0.0,5,5,1,optimal,,1894,1.179171,562.0,TIE,1894.0,601.0,1894,0.0000,True,GAP<0.3%,2,0,0.0,TIE,0.0,1894,0.0000,,baseline,1894,0.0000,
C_n055_010_a75_030,C,55,0.75,010,2048,0.0,5,5,1,optimal,,2048,0.0,493.0,TIE,2048.0,0.7,2048,0.0000,True,UB,1,0,0.0,TIE,0.0,2048,0.0000,,baseline,2048,0.0,
C_n060_011_a25_031,C,60,0.25,011,1212,0.0,5,5,1,optimal,,1212,0.696436,220.0,TIE,1212.0,311.4,1212,0.0000,1,GAP<0.3%,1,0,0.0,TIE,0.0,1213,0.0824,11.2,refined,1212,0.0000,
C_n060_011_a50_032,C,60,0.5,011,1664,0.0,5,5,1,optimal,,1664,0.102059,542.0,TIE,1664.0,300.8,1664,0.0000,True,GAP<0.3%,1,0,0.0,TIE,0.0,1664,0.0000,,baseline,1664,0.0000,
C_n060_011_a75_033,C,60,0.75,011,1713,0.0,5,5,1,optimal,,1713,0.0,609.0,TIE,1713.0,0.6,1713,0.0000,True,UB,1,0,0.0,TIE,0.0,1713,0.0000,,baseline,1713,0.0,
C_n060_012_a25_034,C,60,0.25,012,1113,0.0,5,5,1,optimal,,1113,0.250941,237.0,TIE,1113.0,618.5,1113,0.0000,1,GAP<0.3%,2,0,0.0,TIE,0.0,1115,0.1794,18.2,refined,1113,0.0000,
C_n060_012_a50_035,C,60,0.5,012,1731,0.0,5,5,1,optimal,,1731,0.023103,630.0,TIE,1731.0,0.9,1731,0.0000,True,UB,1,0,0.0,TIE,0.0,1731,0.0000,,baseline,1731,0.0000,
C_n060_012_a75_036,C,60,0.75,012,1759,0.0,5,5,1,optimal,,1759,0.0,639.0,TIE,1759.0,0.7,1759,0.0000,True,UB,1,0,0.0,TIE,0.0,1759,0.0000,,baseline,1759,0.0,
C_n060_013_a25_037,C,60,0.25,013,1294,0.0,5,5,1,optimal,,1294,0.015454,269.0,TIE,1294.0,0.1,1294,0.0000,True,UB,1,0,0.0,TIE,0.0,1294,0.0000,,baseline,1294,0.0000,
C_n060_013_a50_038,C,60,0.5,013,1784,0.0,5,5,1,optimal,,1784,0.117575,579.0,TIE,1784.0,628.8,1784,0.0000,1,GAP<0.3%,2,0,0.0,TIE,0.0,1786,0.1120,27.2,refined,1784,0.0000,
C_n060_013_a75_039,C,60,0.75,013,2019,0.0,5,5,1,optimal,,2019,0.0,471.0,TIE,2019.0,0.7,2019,0.0000,True,UB,1,0,0.0,TIE,0.0,2019,0.0000,,baseline,2019,0.0,
C_n060_014_a25_040,C,60,0.25,014,1544,0.0,5,5,1,optimal,,1544,0.98121,223.0,TIE,1544.0,607.9,1544,0.0000,1,GAP<0.3%,2,0,0.0,TIE,0.0,1545,0.0647,7.7,refined,1544,0.0000,
C_n060_014_a50_041,C,60,0.5,014,2341,0.0,5,5,1,optimal,,2341,0.47615,530.0,TIE,2341.0,300.8,2341,0.0000,True,GAP<0.3%,1,0,0.0,TIE,0.0,2341,0.0000,,baseline,2341,0.0000,
C_n060_014_a75_042,C,60,0.75,014,2476,0.0,5,5,1,optimal,,2476,0.0,844.0,TIE,2476.0,1.2,2476,0.0000,True,UB,1,0,0.0,TIE,0.0,2476,0.0000,,baseline,2476,0.0,
C_n060_015_a25_043,C,60,0.25,015,1466,0.0,5,5,1,optimal,,1466,0.63038,296.0,TIE,1466.0,306.5,1466,0.0000,1,GAP<0.3%,1,0,0.0,TIE,0.0,1468,0.1362,6.3,refined,1466,0.0000,
C_n060_015_a50_044,C,60,0.5,015,2123,0.0,5,5,1,optimal,,2123,0.028254,585.0,TIE,2123.0,0.8,2123,0.0000,True,UB,1,0,0.0,TIE,0.0,2123,0.0000,,baseline,2123,0.0000,
C_n060_015_a75_045,C,60,0.75,015,2190,0.0,5,5,1,optimal,,2189,0.045662,387.0,GAP,2190.0,0.6,2190,0.0000,True,UB,1,0,0.0,TIE,1.0,2190,0.0000,,baseline,2190,0.0,
C_n065_016_a25_046,C,65,0.25,016,1312,0.0,5,5,1,optimal,,1312,0.538246,268.0,TIE,1312.0,319.2,1312,0.0000,1,GAP<0.3%,1,0,0.0,TIE,0.0,1313,0.0762,18.9,refined,1312,0.0000,
C_n065_016_a50_047,C,65,0.5,016,1863,0.01,4,5,2,incumbent,WARNING: bpc_n_solved=4 < group_count=5; 1 instance(s) may be Class 3 (no_incumbent),1863,0.075091,565.0,TIE,1863.0,301.3,1863,0.0000,True,GAP<0.3%,1,0,0.0,TIE,0.0,1863,0.0000,,baseline,1863,0.0000,
C_n065_016_a75_048,C,65,0.75,016,1924,0.0,5,5,1,optimal,,1923,0.051975,656.0,GAP,1924.0,1.0,1924,0.0000,True,UB,1,0,0.0,TIE,1.0,1924,0.0000,,baseline,1924,0.0,
C_n065_017_a25_049,C,65,0.25,017,1302,0.0,5,5,1,optimal,,1294,0.751649,271.0,GAP,1302.0,620.9,1302,0.0000,1,GAP<0.3%,2,0,0.0,TIE,8.0,1303,0.0767,20.6,refined,1302,0.0000,
C_n065_017_a50_050,C,65,0.5,017,1930,0.01,4,5,2,incumbent,WARNING: bpc_n_solved=4 < group_count=5; 1 instance(s) may be Class 3 (no_incumbent),1930,0.051787,700.0,TIE,1930.0,301.6,1930,0.0000,True,GAP<0.3%,1,0,0.0,TIE,0.0,1930,0.0000,,baseline,1930,0.0000,
C_n065_017_a75_051,C,65,0.75,017,1971,0.0,5,5,1,optimal,,1971,0.0,534.0,TIE,1971.0,0.7,1971,0.0000,True,UB,1,0,0.0,TIE,0.0,1971,0.0000,,baseline,1971,0.0,
C_n065_018_a25_052,C,65,0.25,018,1386,0.0,5,5,1,optimal,,1386,0.0,254.0,TIE,1386.0,0.1,1386,0.0000,True,UB,1,0,0.0,TIE,0.0,1386,0.0000,,baseline,1386,0.0,13.6
C_n065_018_a50_053,C,65,0.5,018,1905,0.01,4,5,2,incumbent,WARNING: bpc_n_solved=4 < group_count=5; 1 instance(s) may be Class 3 (no_incumbent),1905,0.17816,757.0,TIE,1905.0,633.4,1906,0.0525,0,GAP<0.3%,2,0,0.0,TIE,0.0,1908,0.1572,31.6,refined,1906,0.0525,
C_n065_018_a75_054,C,65,0.75,018,2146,0.0,5,5,1,optimal,,2146,0.0,471.0,TIE,2146.0,2.2,2146,0.0000,True,UB,1,0,0.0,TIE,0.0,2146,0.0000,,baseline,2146,0.0,
C_n065_019_a25_055,C,65,0.25,019,1864,0.0,5,5,1,optimal,,1864,1.239801,357.0,TIE,1864.0,600.3,1864,0.0000,True,GAP<0.3%,2,0,0.0,TIE,0.0,1864,0.0000,,baseline,1864,0.0000,
C_n065_019_a50_056,C,65,0.5,019,2464,0.01,4,5,2,incumbent,WARNING: bpc_n_solved=4 < group_count=5; 1 instance(s) may be Class 3 (no_incumbent),2464,0.560959,792.0,TIE,2464.0,314.1,2464,0.0000,1,GAP<0.3%,1,0,0.0,TIE,0.0,2465,0.0406,13.1,refined,2464,0.0000,
C_n065_019_a75_057,C,65,0.75,019,2600,0.0,5,5,1,optimal,,2600,0.0,678.0,TIE,2600.0,0.8,2600,0.0000,True,UB,1,0,0.0,TIE,0.0,2600,0.0000,,baseline,2600,0.0,
C_n065_020_a25_058,C,65,0.25,020,1566,0.0,5,5,1,optimal,,1566,0.741586,345.0,TIE,1566.0,315.5,1566,0.0000,1,GAP<0.3%,1,0,0.0,TIE,0.0,1568,0.1276,15.1,refined,1566,0.0000,
C_n065_020_a50_059,C,65,0.5,020,2323,0.01,4,5,2,incumbent,WARNING: bpc_n_solved=4 < group_count=5; 1 instance(s) may be Class 3 (no_incumbent),2323,1.283359,722.0,TIE,2323.0,620.9,2323,0.0000,1,GAP<0.3%,2,0,0.0,TIE,0.0,2325,0.0860,20.0,refined,2323,0.0000,
C_n065_020_a75_060,C,65,0.75,020,2489,0.0,5,5,1,optimal,,2489,0.0,496.0,TIE,2489.0,1.5,2489,0.0000,True,UB,1,0,0.0,TIE,0.0,2489,0.0000,,baseline,2489,0.0,
C_n070_021_a25_061,C,70,0.25,021,1314,0.0,5,5,1,optimal,,1314,1.262399,262.0,TIE,1314.0,623.4,1314,0.0000,1,GAP<0.3%,2,0,0.0,TIE,0.0,1317,0.2278,22.8,refined,1314,0.0000,
C_n070_021_a50_062,C,70,0.5,021,1964,0.08,4,5,2,incumbent,WARNING: bpc_n_solved=4 < group_count=5; 1 instance(s) may be Class 3 (no_incumbent),1964,0.172817,767.0,TIE,1964.0,324.4,1964,0.0000,1,GAP<0.3%,1,0,0.0,TIE,0.0,1965,0.0509,22.7,refined,1964,0.0000,
C_n070_021_a75_063,C,70,0.75,021,2035,0.0,5,5,1,optimal,,2034,0.04914,615.0,GAP,2035.0,1.6,2035,0.0000,True,UB,1,0,0.0,TIE,1.0,2035,0.0000,,baseline,2035,0.0,
C_n070_022_a25_064,C,70,0.25,022,1413,0.0,5,5,1,optimal,,1405,0.930757,297.0,GAP,1413.0,941.0,1413,0.0000,1,GAP<0.3%,3,0,0.0,TIE,8.0,1415,0.1413,40.2,refined,1413,0.0000,
C_n070_022_a50_065,C,70,0.5,022,?,0.08,4,5,2,incumbent,WARNING: bpc_n_solved=4 < group_count=5; 1 instance(s) may be Class 3 (no_incumbent),2052,1.203659,698.0,NA,2052.0,948.3,2060,0.3883,0,TIERS_EXHAUSTED,3,0,,NA,0.0,2060,0.3883,44.5,refined,2060,0.3883,
C_n070_022_a75_066,C,70,0.75,022,2102,0.0,5,5,1,optimal,,2102,0.0,675.0,TIE,2102.0,0.9,2102,0.0000,True,UB,1,0,0.0,TIE,0.0,2102,0.0000,,baseline,2102,0.0,
C_n070_023_a25_067,C,70,0.25,023,1628,0.0,5,5,1,optimal,,1628,0.324496,520.0,TIE,1628.0,929.0,1632,0.2451,0,TIERS_EXHAUSTED,3,0,0.0,TIE,0.0,1633,0.3062,27.4,refined,1632,0.2451,
C_n070_023_a50_068,C,70,0.5,023,2305,0.08,4,5,2,incumbent,WARNING: bpc_n_solved=4 < group_count=5; 1 instance(s) may be Class 3 (no_incumbent),2305,0.060701,624.0,TIE,2305.0,303.3,2305,0.0000,True,GAP<0.3%,1,0,0.0,TIE,0.0,2305,0.0000,,baseline,2305,0.0000,
C_n070_023_a75_069,C,70,0.75,023,2359,0.0,5,5,1,optimal,,2359,0.0,512.0,TIE,2359.0,2.6,2359,0.0000,True,UB,1,0,0.0,TIE,0.0,2359,0.0000,,baseline,2359,0.0,
C_n070_024_a25_070,C,70,0.25,024,2046,0.0,5,5,1,optimal,,2046,1.345291,406.0,TIE,2046.0,600.7,2046,0.0000,True,GAP<0.3%,2,0,0.0,TIE,0.0,2046,0.0000,,baseline,2046,0.0000,
C_n070_024_a50_071,C,70,0.5,024,2863,0.08,4,5,2,incumbent,WARNING: bpc_n_solved=4 < group_count=5; 1 instance(s) may be Class 3 (no_incumbent),2863,0.229997,616.0,TIE,2863.0,301.7,2863,0.0000,True,GAP<0.3%,1,0,0.0,TIE,0.0,2863,0.0000,,baseline,2863,0.0000,
C_n070_024_a75_072,C,70,0.75,024,3009,0.0,5,5,1,optimal,,3009,0.0,522.0,TIE,3009.0,1.3,3009,0.0000,True,UB,1,0,0.0,TIE,0.0,3009,0.0000,,baseline,3009,0.0,
C_n070_025_a25_073,C,70,0.25,025,1680,0.0,5,5,1,optimal,,1680,1.362142,451.0,TIE,1680.0,628.2,1680,0.0000,1,GAP<0.3%,2,0,0.0,TIE,0.0,1681,0.0595,26.8,refined,1680,0.0000,
C_n070_025_a50_074,C,70,0.5,025,2449,0.08,4,5,2,incumbent,WARNING: bpc_n_solved=4 < group_count=5; 1 instance(s) may be Class 3 (no_incumbent),2449,1.812204,718.0,TIE,2449.0,630.1,2449,0.0000,1,GAP<0.3%,2,0,0.0,TIE,0.0,2451,0.0816,28.0,refined,2449,0.0000,
C_n070_025_a75_075,C,70,0.75,025,2601,0.0,5,5,1,optimal,,2601,0.0,415.0,TIE,2601.0,2.2,2601,0.0000,True,UB,1,0,0.0,TIE,0.0,2601,0.0000,,baseline,2601,0.0,
C_n075_026_a25_076,C,75,0.25,026,?,NA,NA,5,4,not_reported,outside paper coverage,1316,0.318134,189.0,NA,1316.0,943.8,1316,0.0000,1,GAP<0.3%,3,0,,NA,0.0,1317,0.0759,43.0,refined,1316,0.0000,
C_n075_026_a50_077,C,75,0.5,026,?,NA,NA,5,4,not_reported,outside paper coverage,1977,1.85176,393.0,NA,1977.0,342.3,1977,0.0000,1,GAP<0.3%,1,0,,NA,0.0,1978,0.0506,40.5,refined,1977,0.0000,
C_n075_026_a75_078,C,75,0.75,026,?,NA,NA,5,4,not_reported,outside paper coverage,2055,0.242718,1056.0,NA,2055.0,303.4,2055,0.0000,True,GAP<0.3%,1,0,,NA,0.0,2055,0.0000,,baseline,2055,0.0000,
C_n075_027_a25_079,C,75,0.25,027,?,NA,NA,5,4,not_reported,outside paper coverage,1618,0.00618,311.0,NA,1618.0,0.3,1618,0.0000,True,UB,1,0,,NA,0.0,1618,0.0000,,baseline,1618,0.0000,
C_n075_027_a50_080,C,75,0.5,027,?,NA,NA,5,4,not_reported,outside paper coverage,2184,0.99728,526.0,NA,2184.0,383.5,2185,0.0458,0,GAP<0.3%,1,0,,NA,0.0,2185,0.0458,79.5,refined,2185,0.0458,
C_n075_027_a75_081,C,75,0.75,027,?,NA,NA,5,4,not_reported,outside paper coverage,2232,0.044783,2353.0,NA,2232.0,302.8,2232,0.0000,True,GAP<0.3%,1,0,,NA,0.0,2232,0.0000,,baseline,2232,0.0000,
C_n075_028_a25_082,C,75,0.25,028,?,NA,NA,5,4,not_reported,outside paper coverage,1829,0.294374,376.0,NA,1829.0,1016.2,1833,0.2182,0,GAP<0.3%,3,0,,NA,0.0,1834,0.2726,113.5,refined,1833,0.2182,
C_n075_028_a50_083,C,75,0.5,028,?,NA,NA,5,4,not_reported,outside paper coverage,2538,0.325963,575.0,NA,2538.0,303.6,2538,0.0000,True,GAP<0.3%,1,0,,NA,0.0,2538,0.0000,,baseline,2538,0.0000,
C_n075_028_a75_084,C,75,0.75,028,?,NA,NA,5,4,not_reported,outside paper coverage,2581,0.077429,2559.0,NA,2582.0,304.3,2582,0.0000,True,GAP<0.3%,1,0,,NA,1.0,2582,0.0000,,baseline,2582,0.0000,
C_n075_029_a25_085,C,75,0.25,029,?,NA,NA,5,4,not_reported,outside paper coverage,2168,0.239278,321.0,NA,2168.0,626.5,2168,0.0000,1,GAP<0.3%,2,0,,NA,0.0,2172,0.1842,25.7,refined,2168,0.0000,
C_n075_029_a50_086,C,75,0.5,029,?,NA,NA,5,4,not_reported,outside paper coverage,3003,0.651735,554.0,NA,3004.0,330.1,3004,0.0000,1,GAP<0.3%,1,0,,NA,1.0,3013,0.2987,26.3,refined,3004,0.0000,
C_n075_029_a75_087,C,75,0.75,029,?,NA,NA,5,4,not_reported,outside paper coverage,3223,0.0,1800.0,NA,3223.0,0.7,3223,0.0000,True,UB,1,0,,NA,0.0,3223,0.0000,,baseline,3223,0.0000,
C_n075_030_a25_088,C,75,0.25,030,?,NA,NA,5,4,not_reported,outside paper coverage,1777,0.033753,251.0,NA,1777.0,0.4,1777,0.0000,True,UB,1,0,,NA,0.0,1777,0.0000,,baseline,1777,0.0000,
C_n075_030_a50_089,C,75,0.5,030,?,NA,NA,5,4,not_reported,outside paper coverage,2568,1.446828,1286.0,NA,2568.0,661.3,2568,0.0000,1,GAP<0.3%,2,0,,NA,0.0,2572,0.1555,57.8,refined,2568,0.0000,
C_n075_030_a75_090,C,75,0.75,030,?,NA,NA,5,4,not_reported,outside paper coverage,2722,0.827048,1535.0,NA,2722.0,303.8,2722,0.0000,True,GAP<0.3%,1,0,,NA,0.0,2722,0.0000,,baseline,2722,0.0000,
C_n080_031_a25_091,C,80,0.25,031,?,NA,NA,5,4,not_reported,outside paper coverage,1515,0.401026,768.0,NA,1515.0,946.6,1515,0.0000,1,GAP<0.3%,3,0,,NA,0.0,1516,0.0660,45.2,refined,1515,0.0000,
C_n080_031_a50_092,C,80,0.5,031,?,NA,NA,5,4,not_reported,outside paper coverage,2287,1.520045,563.0,NA,2287.0,347.8,2287,0.0000,1,GAP<0.3%,1,0,,NA,0.0,2288,0.0437,44.3,refined,2287,0.0000,
C_n080_031_a75_093,C,80,0.75,031,?,NA,NA,5,4,not_reported,outside paper coverage,2365,0.240435,393.0,NA,2365.0,303.1,2365,0.0000,True,GAP<0.3%,1,0,,NA,0.0,2365,0.0000,,baseline,2365,0.0000,
C_n080_032_a25_094,C,80,0.25,032,?,NA,NA,5,4,not_reported,outside paper coverage,1747,0.028612,1089.0,NA,1747.0,0.6,1747,0.0000,True,UB,1,0,,NA,0.0,1747,0.0000,,baseline,1747,0.0000,
C_n080_032_a50_095,C,80,0.5,032,?,NA,NA,5,4,not_reported,outside paper coverage,2404,1.122856,446.0,NA,2403.0,396.2,2404,0.0416,0,GAP<0.3%,1,0,,NA,-1.0,2404,0.0416,90.6,refined,2404,0.0416,
C_n080_032_a75_096,C,80,0.75,032,?,NA,NA,5,4,not_reported,outside paper coverage,2461,0.081202,256.0,NA,2461.0,301.8,2461,0.0000,True,GAP<0.3%,1,0,,NA,0.0,2461,0.0000,,baseline,2461,0.0000,
C_n080_033_a25_097,C,80,0.25,033,?,NA,NA,5,4,not_reported,outside paper coverage,2029,0.28504,1096.0,NA,2029.0,967.9,2033,0.1968,0,GAP<0.3%,3,0,,NA,0.0,2035,0.2948,65.4,refined,2033,0.1968,
C_n080_033_a50_098,C,80,0.5,033,?,NA,NA,5,4,not_reported,outside paper coverage,2748,0.506879,412.0,NA,2748.0,304.1,2748,0.0000,True,GAP<0.3%,1,0,,NA,0.0,2748,0.0000,,baseline,2748,0.0000,
C_n080_033_a75_099,C,80,0.75,033,?,NA,NA,5,4,not_reported,outside paper coverage,2803,0.035663,342.0,NA,2803.0,303.8,2803,0.0000,True,GAP<0.3%,1,0,,NA,0.0,2803,0.0000,,baseline,2803,0.0000,
C_n080_034_a25_100,C,80,0.25,034,?,NA,NA,5,4,not_reported,outside paper coverage,2268,0.206802,655.0,NA,2268.0,634.0,2268,0.0000,1,GAP<0.3%,2,0,,NA,0.0,2272,0.1761,32.9,refined,2268,0.0000,
C_n080_034_a50_101,C,80,0.5,034,?,NA,NA,5,4,not_reported,outside paper coverage,3205,0.94879,464.0,NA,3205.0,635.4,3205,0.0000,1,GAP<0.3%,2,0,,NA,0.0,3207,0.0624,29.4,refined,3205,0.0000,
C_n080_034_a75_102,C,80,0.75,034,?,NA,NA,5,4,not_reported,outside paper coverage,3425,0.029189,379.0,NA,3425.0,301.5,3426,0.0292,0,GAP<0.3%,1,0,,NA,0.0,3425,0.0000,,reverified,3426,0.0292,
C_n080_035_a25_103,C,80,0.25,035,?,NA,NA,5,4,not_reported,outside paper coverage,1897,0.100058,415.0,NA,1897.0,350.0,1898,0.0527,0,GAP<0.3%,1,0,,NA,0.0,1902,0.2629,48.4,refined,1898,0.0527,
C_n080_035_a50_104,C,80,0.5,035,?,NA,NA,5,4,not_reported,outside paper coverage,2778,1.373948,508.0,NA,2778.0,669.2,2779,0.0360,0,GAP<0.3%,2,0,,NA,0.0,2782,0.1438,63.4,refined,2779,0.0360,
C_n080_035_a75_105,C,80,0.75,035,?,NA,NA,5,4,not_reported,outside paper coverage,2934,0.767748,305.0,NA,2934.0,301.9,2934,0.0000,True,GAP<0.3%,1,0,,NA,0.0,2934,0.0000,,baseline,2934,0.0000,
D_n040_001_a25_001,D,40,0.25,001,715,NA,NA,5,4,not_reported,outside paper coverage,715,0.0,113.0,TIE,715.0,0.1,715,0.0000,True,UB,1,0,0.0,TIE,0.0,715,0.0000,,baseline,715,0.0,
D_n040_001_a50_002,D,40,0.5,001,970,NA,NA,5,4,not_reported,outside paper coverage,970,1.552827,324.0,TIE,970.0,300.6,970,0.0000,True,GAP<0.3%,1,0,0.0,TIE,0.0,970,0.0000,,baseline,970,0.0000,
D_n040_001_a75_003,D,40,0.75,001,1203,NA,NA,5,4,not_reported,outside paper coverage,1203,0.0,210.0,TIE,1203.0,1.1,1203,0.0000,True,UB,1,0,0.0,TIE,0.0,1203,0.0000,,baseline,1203,0.0,
D_n040_002_a25_004,D,40,0.25,002,352,NA,NA,5,4,not_reported,outside paper coverage,352,0.0,56.0,TIE,352.0,0.0,352,0.0000,True,UB,1,0,0.0,TIE,0.0,352,0.0000,,baseline,352,0.0,
D_n040_002_a50_005,D,40,0.5,002,894,NA,NA,5,4,not_reported,outside paper coverage,894,0.434347,235.0,TIE,894.0,300.2,894,0.0000,True,GAP<0.3%,1,0,0.0,TIE,0.0,894,0.0000,,baseline,894,0.0000,
D_n040_002_a75_006,D,40,0.75,002,1137,NA,NA,5,4,not_reported,outside paper coverage,1137,0.0,182.0,TIE,1137.0,0.5,1137,0.0000,True,UB,1,0,0.0,TIE,0.0,1137,0.0000,,baseline,1137,0.0,
D_n040_003_a25_007,D,40,0.25,003,563,NA,NA,5,4,not_reported,outside paper coverage,563,1.158708,117.0,TIE,563.0,600.2,563,0.0000,True,GAP<0.3%,2,0,0.0,TIE,0.0,563,0.0000,,baseline,563,0.0000,
D_n040_003_a50_008,D,40,0.5,003,1023,NA,NA,5,4,not_reported,outside paper coverage,1023,0.156159,274.0,TIE,1023.0,300.4,1023,0.0000,True,GAP<0.3%,1,0,0.0,TIE,0.0,1023,0.0000,,baseline,1023,0.0000,
D_n040_003_a75_009,D,40,0.75,003,1149,NA,NA,5,4,not_reported,outside paper coverage,1149,0.0,381.0,TIE,1149.0,1.2,1149,0.0000,True,UB,1,0,0.0,TIE,0.0,1149,0.0000,,baseline,1149,0.0,
D_n040_004_a25_010,D,40,0.25,004,723,NA,NA,5,4,not_reported,outside paper coverage,723,0.0,80.0,TIE,723.0,0.0,723,0.0000,True,UB,1,0,0.0,TIE,0.0,723,0.0000,,baseline,723,0.0,
D_n040_004_a50_011,D,40,0.5,004,1374,NA,NA,5,4,not_reported,outside paper coverage,1374,0.311979,340.0,TIE,1374.0,300.8,1374,0.0000,True,GAP<0.3%,1,0,0.0,TIE,0.0,1374,0.0000,,baseline,1374,0.0000,
D_n040_004_a75_012,D,40,0.75,004,1537,NA,NA,5,4,not_reported,outside paper coverage,1537,0.0,452.0,TIE,1537.0,1.6,1537,0.0000,True,UB,1,0,0.0,TIE,0.0,1537,0.0000,,baseline,1537,0.0,
D_n040_005_a25_013,D,40,0.25,005,837,NA,NA,5,4,not_reported,outside paper coverage,837,0.404569,191.0,TIE,837.0,300.2,837,0.0000,True,GAP<0.3%,1,0,0.0,TIE,0.0,837,0.0000,,baseline,837,0.0000,
D_n040_005_a50_014,D,40,0.5,005,1351,NA,NA,5,4,not_reported,outside paper coverage,1351,0.169955,400.0,TIE,1351.0,607.4,1351,0.0000,1,GAP<0.3%,2,0,0.0,TIE,0.0,1353,0.1478,6.1,refined,1351,0.0000,
D_n040_005_a75_015,D,40,0.75,005,1467,NA,NA,5,4,not_reported,outside paper coverage,1467,0.0,385.0,TIE,1467.0,0.9,1467,0.0000,True,UB,1,0,0.0,TIE,0.0,1467,0.0000,,baseline,1467,0.0,
D_n045_006_a25_016,D,45,0.25,006,745,0.0,5,5,1,optimal,,745,0.454303,366.0,TIE,745.0,300.5,745,0.0000,True,GAP<0.3%,1,0,0.0,TIE,0.0,745,0.0000,,baseline,745,0.0000,
D_n045_006_a50_017,D,45,0.5,006,1208,0.0,5,5,1,optimal,,1208,0.008277,398.0,TIE,1208.0,2.2,1208,0.0000,True,UB,1,0,0.0,TIE,0.0,1208,0.0000,,baseline,1208,0.0000,
D_n045_006_a75_018,D,45,0.75,006,1245,0.0,5,5,1,optimal,,1245,0.0,423.0,TIE,1245.0,2.8,1245,0.0000,True,UB,1,0,0.0,TIE,0.0,1245,0.0000,,baseline,1245,0.0,
D_n045_007_a25_019,D,45,0.25,007,662,0.0,5,5,1,optimal,,662,0.82397,282.0,TIE,662.0,307.4,662,0.0000,1,GAP<0.3%,1,0,0.0,TIE,0.0,663,0.1508,7.3,refined,662,0.0000,
D_n045_007_a50_020,D,45,0.5,007,1105,0.0,5,5,1,optimal,,1105,0.78118,242.0,TIE,1105.0,900.7,1105,0.0000,True,GAP<0.3%,3,0,0.0,TIE,0.0,1105,0.0000,,baseline,1105,0.0000,
D_n045_007_a75_021,D,45,0.75,007,1369,0.0,5,5,1,optimal,,1369,0.0,408.0,TIE,1369.0,1.8,1369,0.0000,True,UB,1,0,0.0,TIE,0.0,1369,0.0000,,baseline,1369,0.0,
D_n045_008_a25_022,D,45,0.25,008,953,0.0,5,5,1,optimal,,953,0.240762,325.0,TIE,953.0,300.3,953,0.0000,True,GAP<0.3%,1,0,0.0,TIE,0.0,953,0.0000,,baseline,953,0.0000,
D_n045_008_a50_023,D,45,0.5,008,1337,0.0,5,5,1,optimal,,1337,0.104603,382.0,TIE,1337.0,610.5,1337,0.0000,1,GAP<0.3%,2,0,0.0,TIE,0.0,1338,0.0747,8.6,refined,1337,0.0000,
D_n045_008_a75_024,D,45,0.75,008,1483,0.0,5,5,1,optimal,,1483,0.0,379.0,TIE,1483.0,1.8,1483,0.0000,True,UB,1,0,0.0,TIE,0.0,1483,0.0000,,baseline,1483,0.0,
D_n045_009_a25_025,D,45,0.25,009,936,0.0,5,5,1,optimal,,936,0.234492,354.0,TIE,936.0,613.7,936,0.0000,1,GAP<0.3%,2,0,0.0,TIE,0.0,938,0.2132,13.0,refined,936,0.0000,
D_n045_009_a50_026,D,45,0.5,009,1528,0.0,5,5,1,optimal,,1528,0.0,448.0,TIE,1528.0,2.2,1528,0.0000,True,UB,1,0,0.0,TIE,0.0,1528,0.0000,,baseline,1528,0.0,8.6
D_n045_009_a75_027,D,45,0.75,009,1651,0.0,5,5,1,optimal,,1651,0.0,451.0,TIE,1651.0,4.3,1651,0.0000,True,UB,1,0,0.0,TIE,0.0,1651,0.0000,,baseline,1651,0.0,
D_n045_010_a25_028,D,45,0.25,010,957,0.0,5,5,1,optimal,,957,0.3125,572.0,TIE,957.0,300.5,957,0.0000,True,GAP<0.3%,1,0,0.0,TIE,0.0,957,0.0000,,baseline,957,0.0000,
D_n045_010_a50_029,D,45,0.5,010,1462,0.0,5,5,1,optimal,,1462,0.143433,503.0,TIE,1462.0,611.0,1462,0.0000,1,GAP<0.3%,2,0,0.0,TIE,0.0,1464,0.1366,8.8,refined,1462,0.0000,
D_n045_010_a75_030,D,45,0.75,010,1613,0.0,5,5,1,optimal,,1613,0.0,520.0,TIE,1613.0,2.4,1613,0.0000,True,UB,1,0,0.0,TIE,0.0,1613,0.0000,,baseline,1613,0.0,
D_n050_011_a25_031,D,50,0.25,011,952,0.0,5,5,1,optimal,,952,0.241014,206.0,TIE,952.0,300.4,952,0.0000,True,GAP<0.3%,1,0,0.0,TIE,0.0,952,0.0000,,baseline,952,0.0000,
D_n050_011_a50_032,D,50,0.5,011,1418,0.0,5,5,1,optimal,,1418,0.014102,686.0,TIE,1418.0,2.2,1418,0.0000,True,UB,1,0,0.0,TIE,0.0,1418,0.0000,,baseline,1418,0.0000,
D_n050_011_a75_033,D,50,0.75,011,1464,0.0,5,5,1,optimal,,1464,0.0,947.0,TIE,1464.0,5.3,1464,0.0000,True,UB,1,0,0.0,TIE,0.0,1464,0.0000,,baseline,1464,0.0,
D_n050_012_a25_034,D,50,0.25,012,753,0.0,5,5,1,optimal,,753,0.607181,157.0,TIE,753.0,310.8,753,0.0000,1,GAP<0.3%,1,0,0.0,TIE,0.0,754,0.1326,10.7,refined,753,0.0000,
D_n050_012_a50_035,D,50,0.5,012,1216,0.0,5,5,1,optimal,,1216,0.815661,464.0,TIE,1216.0,901.9,1216,0.0000,True,GAP<0.3%,3,0,0.0,TIE,0.0,1216,0.0000,,baseline,1216,0.0000,
D_n050_012_a75_036,D,50,0.75,012,1478,0.0,5,5,1,optimal,,1478,0.148629,951.0,TIE,1478.0,303.3,1478,0.0000,True,GAP<0.3%,1,0,0.0,TIE,0.0,1478,0.0000,,baseline,1478,0.0000,
D_n050_013_a25_037,D,50,0.25,013,963,0.0,5,5,1,optimal,,963,0.854525,162.0,TIE,963.0,300.2,963,0.0000,True,GAP<0.3%,1,0,0.0,TIE,0.0,963,0.0000,,baseline,963,0.0000,
D_n050_013_a50_038,D,50,0.5,013,1349,0.0,5,5,1,optimal,,1349,0.273527,691.0,TIE,1349.0,616.4,1349,0.0000,1,GAP<0.3%,2,0,0.0,TIE,0.0,1352,0.2219,11.9,refined,1349,0.0000,
D_n050_013_a75_039,D,50,0.75,013,1593,0.0,5,5,1,optimal,,1593,0.0,831.0,TIE,1593.0,4.6,1593,0.0000,True,UB,1,0,0.0,TIE,0.0,1593,0.0000,,baseline,1593,0.0,
D_n050_014_a25_040,D,50,0.25,014,1136,0.0,5,5,1,optimal,,1136,0.950388,218.0,TIE,1136.0,914.5,1136,0.0000,1,GAP<0.3%,3,0,0.0,TIE,0.0,1138,0.1757,13.9,refined,1136,0.0000,
D_n050_014_a50_041,D,50,0.5,014,1809,0.0,5,5,1,optimal,,1809,0.248139,931.0,TIE,1809.0,617.4,1809,0.0000,1,GAP<0.3%,2,0,0.0,TIE,0.0,1813,0.2206,13.5,refined,1809,0.0000,
D_n050_014_a75_042,D,50,0.75,014,2061,0.0,5,5,1,optimal,,2061,0.0,1071.0,TIE,2061.0,7.2,2061,0.0000,True,UB,1,0,0.0,TIE,0.0,2061,0.0000,,baseline,2061,0.0,
D_n050_015_a25_043,D,50,0.25,015,968,0.0,5,5,1,optimal,,968,0.575185,257.0,TIE,968.0,916.5,968,0.0000,1,GAP<0.3%,3,0,0.0,TIE,0.0,969,0.1032,15.5,refined,968,0.0000,
D_n050_015_a50_044,D,50,0.5,015,1591,0.0,5,5,1,optimal,,1591,0.006285,696.0,TIE,1591.0,2.6,1591,0.0000,True,UB,1,0,0.0,TIE,0.0,1591,0.0000,,baseline,1591,0.0000,
D_n050_015_a75_045,D,50,0.75,015,1635,0.0,5,5,1,optimal,,1635,0.0,1176.0,TIE,1635.0,5.5,1635,0.0000,True,UB,1,0,0.0,TIE,0.0,1635,0.0000,,baseline,1635,0.0,
D_n055_016_a25_046,D,55,0.25,016,984,0.0,5,5,1,optimal,,984,1.806207,443.0,TIE,984.0,928.1,984,0.0000,1,GAP<0.3%,3,0,0.0,TIE,0.0,985,0.1015,26.6,refined,984,0.0000,
D_n055_016_a50_047,D,55,0.5,016,1449,0.0,5,5,1,optimal,,1449,0.089637,1420.0,TIE,1449.0,311.8,1449,0.0000,True,GAP<0.3%,1,0,0.0,TIE,0.0,1449,0.0000,,baseline,1449,0.0000,
D_n055_016_a75_048,D,55,0.75,016,1491,0.0,5,5,1,optimal,,1490,0.073771,1029.0,GAP,1491.0,7.3,1491,0.0000,True,UB,1,0,0.0,TIE,1.0,1491,0.0000,,baseline,1491,0.0000,
D_n055_017_a25_049,D,55,0.25,017,773,0.0,5,5,1,optimal,,773,0.604346,360.0,TIE,773.0,300.4,773,0.0000,True,GAP<0.3%,1,0,0.0,TIE,0.0,773,0.0000,,baseline,773,0.0000,
D_n055_017_a50_050,D,55,0.5,017,1337,0.0,5,5,1,optimal,,1337,0.690782,1141.0,TIE,1337.0,902.6,1337,0.0000,True,GAP<0.3%,3,0,0.0,TIE,0.0,1337,0.0000,,baseline,1337,0.0000,
D_n055_017_a75_051,D,55,0.75,017,1609,0.0,5,5,1,optimal,,1609,0.155135,1214.0,TIE,1609.0,308.0,1609,0.0000,True,GAP<0.3%,1,0,0.0,TIE,0.0,1609,0.0000,,baseline,1609,0.0000,
D_n055_018_a25_052,D,55,0.25,018,973,0.0,5,5,1,optimal,,973,0.724416,359.0,TIE,973.0,300.5,973,0.0000,True,GAP<0.3%,1,0,0.0,TIE,0.0,973,0.0000,,baseline,973,0.0000,
D_n055_018_a50_053,D,55,0.5,018,1368,0.0,5,5,1,optimal,,1368,0.20426,1081.0,TIE,1368.0,631.0,1368,0.0000,1,GAP<0.3%,2,0,0.0,TIE,0.0,1370,0.1460,25.6,refined,1368,0.0000,
D_n055_018_a75_054,D,55,0.75,018,1614,0.0,5,5,1,optimal,,1614,0.006195,1470.0,TIE,1614.0,7.0,1614,0.0000,True,UB,1,0,0.0,TIE,0.0,1614,0.0000,,baseline,1614,0.0000,
D_n055_019_a25_055,D,55,0.25,019,1147,0.0,5,5,1,optimal,,1147,1.256887,513.0,TIE,1147.0,923.6,1147,0.0000,1,TIERS_EXHAUSTED,3,0,0.0,TIE,0.0,1157,0.8643,22.7,refined,1147,0.0000,
D_n055_019_a50_056,D,55,0.5,019,1920,0.0,5,5,1,optimal,,1920,0.311526,1317.0,TIE,1920.0,625.9,1920,0.0000,1,GAP<0.3%,2,0,0.0,TIE,0.0,1925,0.2597,21.0,refined,1920,0.0000,
D_n055_019_a75_057,D,55,0.75,019,2173,0.0,5,5,1,optimal,,2173,0.0,1522.0,TIE,2173.0,6.2,2173,0.0000,True,UB,1,0,0.0,TIE,0.0,2173,0.0000,,baseline,2173,0.0,18.2
D_n055_020_a25_058,D,55,0.25,020,1157,0.0,5,5,1,optimal,,1157,0.626986,506.0,TIE,1157.0,919.1,1157,0.0000,1,GAP<0.3%,3,0,0.0,TIE,0.0,1159,0.1726,17.4,refined,1157,0.0000,
D_n055_020_a50_059,D,55,0.5,020,1891,0.0,5,5,1,optimal,,1891,0.095097,1391.0,TIE,1891.0,304.9,1891,0.0000,True,GAP<0.3%,1,0,0.0,TIE,0.0,1891,0.0000,,baseline,1891,0.0000,
D_n055_020_a75_060,D,55,0.75,020,1958,0.0,5,5,1,optimal,,1958,0.0,1566.0,TIE,1958.0,2.8,1958,0.0000,True,UB,1,0,0.0,TIE,0.0,1958,0.0000,,baseline,1958,0.0,
D_n060_021_a25_061,D,60,0.25,021,1084,0.0,5,5,1,optimal,,1084,0.950292,612.0,TIE,1084.0,644.2,1084,0.0000,1,GAP<0.3%,2,0,0.0,TIE,0.0,1085,0.0922,42.4,refined,1084,0.0000,
D_n060_021_a50_062,D,60,0.5,021,1646,0.11,3,5,2,incumbent,WARNING: bpc_n_solved=3 < group_count=5; 2 instance(s) may be Class 3 (no_incumbent),1646,0.078917,948.0,TIE,1646.0,309.6,1646,0.0000,True,GAP<0.3%,1,0,0.0,TIE,0.0,1646,0.0000,,baseline,1646,0.0000,
D_n060_021_a75_063,D,60,0.75,021,1700,0.12,4,5,2,incumbent,WARNING: bpc_n_solved=4 < group_count=5; 1 instance(s) may be Class 3 (no_incumbent),1699,0.094084,536.0,GAP,1700.0,9.5,1700,0.0000,True,UB,1,0,0.0,TIE,1.0,1700,0.0000,,baseline,1700,0.0000,
D_n060_022_a25_064,D,60,0.25,022,1083,0.0,5,5,1,optimal,,1083,0.74237,569.0,TIE,1083.0,939.3,1083,0.0000,1,GAP<0.3%,3,0,0.0,TIE,0.0,1084,0.0923,38.3,refined,1083,0.0000,
D_n060_022_a50_065,D,60,0.5,022,1778,0.11,3,5,2,incumbent,WARNING: bpc_n_solved=3 < group_count=5; 2 instance(s) may be Class 3 (no_incumbent),1777,0.914464,944.0,GAP,1777.0,949.6,1787,0.5596,0,TIERS_EXHAUSTED,3,0,-1.0,GAP,0.0,1790,0.7263,42.6,refined,1787,0.5596,
D_n060_022_a75_066,D,60,0.75,022,1956,0.12,4,5,2,incumbent,WARNING: bpc_n_solved=4 < group_count=5; 1 instance(s) may be Class 3 (no_incumbent),1956,0.0,683.0,TIE,1956.0,3.6,1956,0.0000,True,UB,1,0,0.0,TIE,0.0,1956,0.0000,,baseline,1956,0.0,
D_n060_023_a25_067,D,60,0.25,023,1263,0.0,5,5,1,optimal,,1263,0.244846,610.0,TIE,1263.0,630.5,1263,0.0000,1,GAP<0.3%,2,0,0.0,TIE,0.0,1265,0.1581,29.5,refined,1263,0.0000,
D_n060_023_a50_068,D,60,0.5,023,1767,0.11,3,5,2,incumbent,WARNING: bpc_n_solved=3 < group_count=5; 2 instance(s) may be Class 3 (no_incumbent),1767,0.231495,929.0,TIE,1767.0,638.6,1768,0.0566,0,GAP<0.3%,2,0,0.0,TIE,0.0,1771,0.2259,31.4,refined,1768,0.0566,
D_n060_023_a75_069,D,60,0.75,023,2004,0.12,4,5,2,incumbent,WARNING: bpc_n_solved=4 < group_count=5; 1 instance(s) may be Class 3 (no_incumbent),2015,0.148662,967.0,BEAT,2015.0,358.5,2016,0.0496,0,GAP<0.3%,1,0,11.0,BEAT,0.0,2018,0.1487,44.0,refined,2016,0.0496,
D_n060_024_a25_070,D,60,0.25,024,1583,0.0,5,5,1,optimal,,1583,0.771015,918.0,TIE,1583.0,333.0,1583,0.0000,1,GAP<0.3%,1,0,0.0,TIE,0.0,1584,0.0631,32.4,refined,1583,0.0000,
D_n060_024_a50_071,D,60,0.5,024,2249,0.11,3,5,2,incumbent,WARNING: bpc_n_solved=3 < group_count=5; 2 instance(s) may be Class 3 (no_incumbent),2249,0.960014,1946.0,TIE,2249.0,612.7,2249,0.0000,True,GAP<0.3%,2,0,0.0,TIE,0.0,2249,0.0000,,baseline,2249,0.0000,
D_n060_024_a75_072,D,60,0.75,024,2387,0.12,4,5,2,incumbent,WARNING: bpc_n_solved=4 < group_count=5; 1 instance(s) may be Class 3 (no_incumbent),2387,0.0,1244.0,TIE,2387.0,7.2,2387,0.0000,True,UB,1,0,0.0,TIE,0.0,2387,0.0000,,baseline,2387,0.0,
D_n060_025_a25_073,D,60,0.25,025,1559,0.0,5,5,1,optimal,,1559,0.313319,1032.0,TIE,1559.0,658.0,1562,0.1921,0,GAP<0.3%,2,0,0.0,TIE,0.0,1563,0.2559,54.3,refined,1562,0.1921,
D_n060_025_a50_074,D,60,0.5,025,2114,0.11,3,5,2,incumbent,WARNING: bpc_n_solved=3 < group_count=5; 2 instance(s) may be Class 3 (no_incumbent),2114,1.261093,2428.0,TIE,2114.0,614.2,2114,0.0000,True,GAP<0.3%,2,0,0.0,TIE,0.0,2114,0.0000,,baseline,2114,0.0000,
D_n060_025_a75_075,D,60,0.75,025,2269,0.12,4,5,2,incumbent,WARNING: bpc_n_solved=4 < group_count=5; 1 instance(s) may be Class 3 (no_incumbent),2269,0.0,1124.0,TIE,2269.0,9.4,2269,0.0000,True,UB,1,0,0.0,TIE,0.0,2269,0.0000,,baseline,2269,0.0,75.6
D_n065_026_a25_076,D,65,0.25,026,?,NA,NA,5,4,not_reported,outside paper coverage,1185,0.151668,288.0,NA,1185.0,650.4,1185,0.0000,1,GAP<0.3%,2,0,,NA,0.0,1186,0.0843,49.1,refined,1185,0.0000,
D_n065_026_a50_077,D,65,0.5,026,?,NA,NA,5,4,not_reported,outside paper coverage,1848,1.308411,3828.0,NA,1848.0,313.6,1848,0.0000,True,GAP<0.3%,1,0,,NA,0.0,1848,0.0000,,baseline,1848,0.0000,
D_n065_026_a75_078,D,65,0.75,026,?,NA,NA,5,4,not_reported,outside paper coverage,1901,0.512874,1220.0,NA,1902.0,316.8,1902,0.0000,True,GAP<0.3%,1,0,,NA,1.0,1902,0.0000,,baseline,1902,0.0000,
D_n065_027_a25_079,D,65,0.25,027,?,NA,NA,5,4,not_reported,outside paper coverage,1094,0.887842,202.0,NA,1094.0,951.6,1094,0.0000,1,GAP<0.3%,3,0,,NA,0.0,1096,0.1825,50.0,refined,1094,0.0000,
D_n065_027_a50_080,D,65,0.5,027,?,NA,NA,5,4,not_reported,outside paper coverage,1788,0.732845,2810.0,NA,1788.0,1266.2,1798,0.5562,0,TIERS_EXHAUSTED,4,0,,NA,0.0,1801,0.7218,52.5,refined,1798,0.5562,
D_n065_027_a75_081,D,65,0.75,027,?,NA,NA,5,4,not_reported,outside paper coverage,1985,0.16095,1342.0,NA,1984.0,363.9,1985,0.0504,0,GAP<0.3%,1,0,,NA,-1.0,1985,0.0504,50.1,refined,1985,0.0504,
D_n065_028_a25_082,D,65,0.25,028,?,NA,NA,5,4,not_reported,outside paper coverage,1383,0.374586,266.0,NA,1383.0,937.4,1387,0.2884,0,TIERS_EXHAUSTED,3,0,,NA,0.0,1388,0.3602,36.3,refined,1387,0.2884,
D_n065_028_a50_083,D,65,0.5,028,?,NA,NA,5,4,not_reported,outside paper coverage,1971,0.045641,2567.0,NA,1970.0,960.7,1971,0.0507,0,GAP<0.3%,3,0,,NA,-1.0,1971,0.0507,49.2,refined,1971,0.0507,
D_n065_028_a75_084,D,65,0.75,028,?,NA,NA,5,4,not_reported,outside paper coverage,2146,0.102411,1276.0,NA,2146.0,315.4,2147,0.0466,0,GAP<0.3%,1,0,,NA,0.0,2146,0.0000,,reverified,2147,0.0466,
D_n065_029_a25_085,D,65,0.25,029,?,NA,NA,5,4,not_reported,outside paper coverage,1663,0.822996,306.0,NA,1663.0,928.1,1663,0.0000,1,GAP<0.3%,3,0,,NA,0.0,1668,0.2998,27.3,refined,1663,0.0000,
D_n065_029_a50_086,D,65,0.5,029,?,NA,NA,5,4,not_reported,outside paper coverage,2450,1.050081,2919.0,NA,2449.0,653.1,2450,0.0408,0,GAP<0.3%,2,0,,NA,-1.0,2450,0.0408,40.2,refined,2450,0.0408,
D_n065_029_a75_087,D,65,0.75,029,?,NA,NA,5,4,not_reported,outside paper coverage,2598,0.057703,1248.0,NA,2598.0,315.3,2598,0.0000,True,GAP<0.3%,1,0,,NA,0.0,2598,0.0000,,baseline,2598,0.0000,
D_n065_030_a25_088,D,65,0.25,030,?,NA,NA,5,4,not_reported,outside paper coverage,1698,0.811963,435.0,NA,1698.0,1070.1,1699,0.0589,0,TIERS_EXHAUSTED,3,0,,NA,0.0,1707,0.5272,160.7,refined,1699,0.0589,
D_n065_030_a50_089,D,65,0.5,030,?,NA,NA,5,4,not_reported,outside paper coverage,2337,0.890585,1399.0,NA,2337.0,1052.2,2341,0.1709,0,TIERS_EXHAUSTED,3,0,,NA,0.0,2350,0.5532,125.3,refined,2341,0.1709,
D_n065_030_a75_090,D,65,0.75,030,?,NA,NA,5,4,not_reported,outside paper coverage,2506,0.167317,2242.0,NA,2507.0,312.4,2507,0.0000,True,GAP<0.3%,1,0,,NA,1.0,2507,0.0000,,baseline,2507,0.0000,
D_n070_031_a25_091,D,70,0.25,031,?,NA,NA,5,4,not_reported,outside paper coverage,1276,0.047,1496.0,NA,1276.0,2.2,1276,0.0000,True,UB,1,0,,NA,0.0,1276,0.0000,,baseline,1276,0.0000,
D_n070_031_a50_092,D,70,0.5,031,?,NA,NA,5,4,not_reported,outside paper coverage,1870,1.501185,1098.0,NA,1870.0,326.6,1872,0.1068,0,GAP<0.3%,1,0,,NA,0.0,1872,0.1068,10.4,refined,1872,0.1068,
D_n070_031_a75_093,D,70,0.75,031,?,NA,NA,5,4,not_reported,outside paper coverage,1931,0.566426,2366.0,NA,1932.0,460.7,1934,0.1034,0,GAP<0.3%,1,0,,NA,1.0,1934,0.1034,137.3,refined,1934,0.1034,
D_n070_032_a25_094,D,70,0.25,032,?,NA,NA,5,4,not_reported,outside paper coverage,1196,1.385224,1471.0,NA,1196.0,1000.6,1196,0.0000,1,TIERS_EXHAUSTED,3,0,,NA,0.0,1202,0.4992,96.2,refined,1196,0.0000,
D_n070_032_a50_095,D,70,0.5,032,?,NA,NA,5,4,not_reported,outside paper coverage,1908,0.63535,1124.0,NA,1908.0,1294.9,1918,0.5214,0,TIERS_EXHAUSTED,4,0,,NA,0.0,1919,0.5732,77.3,refined,1918,0.5214,
D_n070_032_a75_096,D,70,0.75,032,?,NA,NA,5,4,not_reported,outside paper coverage,2105,0.142315,1713.0,NA,2098.0,1017.9,2106,0.3799,0,TIERS_EXHAUSTED,3,0,,NA,-7.0,2106,0.3799,93.4,refined,2106,0.3799,
D_n070_033_a25_097,D,70,0.25,033,?,NA,NA,5,4,not_reported,outside paper coverage,1615,0.554187,1984.0,NA,1615.0,977.0,1615,0.0000,1,GAP<0.3%,3,0,,NA,0.0,1618,0.1854,72.0,refined,1615,0.0000,
D_n070_033_a50_098,D,70,0.5,033,?,NA,NA,5,4,not_reported,outside paper coverage,2300,1.1263,1137.0,NA,2301.0,313.9,2301,0.0000,True,GAP<0.3%,1,0,,NA,1.0,2301,0.0000,,baseline,2301,0.0000,
D_n070_033_a75_099,D,70,0.75,033,?,NA,NA,5,4,not_reported,outside paper coverage,2350,0.389963,1988.0,NA,2351.0,314.4,2351,0.0000,True,GAP<0.3%,1,0,,NA,1.0,2351,0.0000,,baseline,2351,0.0000,
D_n070_034_a25_100,D,70,0.25,034,?,NA,NA,5,4,not_reported,outside paper coverage,1845,1.072386,1249.0,NA,1845.0,301.5,1845,0.0000,True,GAP<0.3%,1,0,,NA,0.0,1845,0.0000,,baseline,1845,0.0000,
D_n070_034_a50_101,D,70,0.5,034,?,NA,NA,5,4,not_reported,outside paper coverage,2738,1.599281,2511.0,NA,2738.0,372.0,2739,0.0365,0,GAP<0.3%,1,0,,NA,0.0,2739,0.0365,51.8,refined,2739,0.0365,
D_n070_034_a75_102,D,70,0.75,034,?,NA,NA,5,4,not_reported,outside paper coverage,2907,0.109958,1136.0,NA,2907.0,434.0,2909,0.0688,0,GAP<0.3%,1,0,,NA,0.0,2909,0.0688,111.1,refined,2909,0.0688,
D_n070_035_a25_103,D,70,0.25,035,?,NA,NA,5,4,not_reported,outside paper coverage,1701,1.116149,944.0,NA,1701.0,1075.6,1702,0.0588,0,TIERS_EXHAUSTED,3,0,,NA,0.0,1708,0.4098,169.0,refined,1702,0.0588,
D_n070_035_a50_104,D,70,0.5,035,?,NA,NA,5,4,not_reported,outside paper coverage,2348,1.178451,5482.0,NA,2350.0,1102.5,2354,0.1699,0,TIERS_EXHAUSTED,3,0,,NA,2.0,2368,0.7601,173.1,refined,2354,0.1699,
D_n070_035_a75_105,D,70,0.75,035,?,NA,NA,5,4,not_reported,outside paper coverage,2528,0.197394,987.0,NA,2529.0,321.4,2530,0.0395,0,GAP<0.3%,1,0,,NA,1.0,2529,0.0000,,reverified,2530,0.0395,
D_n075_036_a25_106,D,75,0.25,036,?,NA,NA,5,4,not_reported,outside paper coverage,1378,0.941701,1084.0,NA,1378.0,1022.7,1378,0.0000,1,TIERS_EXHAUSTED,3,0,,NA,0.0,1383,0.3615,117.0,refined,1378,0.0000,
D_n075_036_a50_107,D,75,0.5,036,?,NA,NA,5,4,not_reported,outside paper coverage,2101,0.638449,2781.0,NA,2101.0,454.3,2102,0.0476,0,GAP<0.3%,1,0,,NA,0.0,2102,0.0476,134.0,refined,2102,0.0476,
D_n075_036_a75_108,D,75,0.75,036,?,NA,NA,5,4,not_reported,outside paper coverage,2144,0.487352,1442.0,NA,2145.0,799.6,2147,0.0932,0,GAP<0.3%,2,0,,NA,1.0,2147,0.0932,162.4,refined,2147,0.0932,
D_n075_037_a25_109,D,75,0.25,037,?,NA,NA,5,4,not_reported,outside paper coverage,1515,0.35517,1664.0,NA,1515.0,1095.7,1515,0.0000,1,GAP<0.3%,3,0,,NA,0.0,1516,0.0660,189.7,refined,1515,0.0000,
D_n075_037_a50_110,D,75,0.5,037,?,NA,NA,5,4,not_reported,outside paper coverage,2229,0.058288,2403.0,NA,2229.0,502.9,2230,0.0448,0,GAP<0.3%,1,0,,NA,0.0,2230,0.0448,175.8,refined,2230,0.0448,
D_n075_037_a75_111,D,75,0.75,037,?,NA,NA,5,4,not_reported,outside paper coverage,2338,0.106815,1497.0,NA,2337.0,509.5,2338,0.0428,0,GAP<0.3%,1,0,,NA,-1.0,2338,0.0428,193.3,refined,2338,0.0428,
D_n075_038_a25_112,D,75,0.25,038,?,NA,NA,5,4,not_reported,outside paper coverage,1815,0.460678,1727.0,NA,1815.0,1010.1,1816,0.0551,0,GAP<0.3%,3,0,,NA,0.0,1818,0.1650,102.6,refined,1816,0.0551,
D_n075_038_a50_113,D,75,0.5,038,?,NA,NA,5,4,not_reported,outside paper coverage,2522,0.903733,2691.0,NA,2522.0,629.5,2522,0.0000,True,GAP<0.3%,2,0,,NA,0.0,2522,0.0000,,baseline,2522,0.0000,
D_n075_038_a75_114,D,75,0.75,038,?,NA,NA,5,4,not_reported,outside paper coverage,2579,0.123925,1618.0,NA,2579.0,320.0,2579,0.0000,True,GAP<0.3%,1,0,,NA,0.0,2579,0.0000,,baseline,2579,0.0000,
D_n075_039_a25_115,D,75,0.25,039,?,NA,NA,5,4,not_reported,outside paper coverage,2266,0.079372,1826.0,NA,2266.0,724.0,2266,0.0000,1,GAP<0.3%,2,0,,NA,0.0,2268,0.0882,118.7,refined,2266,0.0000,
D_n075_039_a50_116,D,75,0.5,039,?,NA,NA,5,4,not_reported,outside paper coverage,3071,0.711284,2795.0,NA,3071.0,1031.3,3082,0.3569,0,TIERS_EXHAUSTED,3,0,,NA,0.0,3082,0.3569,95.0,refined,3082,0.3569,
D_n075_039_a75_117,D,75,0.75,039,?,NA,NA,5,4,not_reported,outside paper coverage,3114,0.048146,2828.0,NA,3114.0,320.7,3114,0.0000,True,GAP<0.3%,1,0,,NA,0.0,3114,0.0000,,baseline,3114,0.0000,
D_n075_040_a25_118,D,75,0.25,040,?,NA,NA,5,4,not_reported,outside paper coverage,1820,1.097707,1581.0,NA,1820.0,1448.9,1822,0.1098,0,TIERS_EXHAUSTED,3,0,,NA,0.0,1828,0.4376,536.7,refined,1822,0.1098,
D_n075_040_a50_119,D,75,0.5,040,?,NA,NA,5,4,not_reported,outside paper coverage,2568,0.876211,2838.0,NA,2568.0,1280.2,2574,0.2331,0,TIERS_EXHAUSTED,3,0,,NA,0.0,2585,0.6576,339.4,refined,2574,0.2331,
D_n075_040_a75_120,D,75,0.75,040,?,NA,NA,5,4,not_reported,outside paper coverage,2749,0.181554,2485.0,NA,2749.0,341.6,2750,0.0364,0,GAP<0.3%,1,0,,NA,0.0,2750,0.0364,5.1,refined,2750,0.0364,
D_n080_041_a25_121,D,80,0.25,041,?,NA,NA,5,4,not_reported,outside paper coverage,1725,0.086881,1675.0,NA,1725.0,1151.7,1725,0.0000,1,GAP<0.3%,2,0,,NA,0.0,1727,0.1158,537.0,refined,1725,0.0000,
D_n080_041_a50_122,D,80,0.5,041,?,NA,NA,5,4,not_reported,outside paper coverage,2231,0.923705,3921.0,NA,2229.0,936.4,2234,0.2238,0,GAP<0.3%,1,0,,NA,-2.0,2235,0.2685,600.1,refined,2234,0.2238,
D_n080_041_a75_123,D,80,0.75,041,?,NA,NA,5,4,not_reported,outside paper coverage,2269,0.482456,2110.0,NA,2270.0,930.0,2271,0.0440,0,GAP<0.3%,1,0,,NA,1.0,2271,0.0440,600.1,refined,2271,0.0440,
D_n080_042_a25_124,D,80,0.25,042,?,NA,NA,5,4,not_reported,outside paper coverage,1537,1.240121,1629.0,NA,1537.0,1283.1,1541,0.2596,0,TIERS_EXHAUSTED,3,0,,NA,0.0,1547,0.6464,372.6,refined,1541,0.2596,
D_n080_042_a50_125,D,80,0.5,042,?,NA,NA,5,4,not_reported,outside paper coverage,2378,1.784239,2521.0,NA,2378.0,743.6,2381,0.1260,0,GAP<0.3%,1,0,,NA,0.0,2381,0.1260,406.6,refined,2381,0.1260,
D_n080_042_a75_126,D,80,0.75,042,?,NA,NA,5,4,not_reported,outside paper coverage,2468,0.161812,2974.0,NA,2468.0,728.4,2469,0.0405,0,GAP<0.3%,1,0,,NA,0.0,2469,0.0405,392.3,refined,2469,0.0405,
D_n080_043_a25_127,D,80,0.25,043,?,NA,NA,5,4,not_reported,outside paper coverage,2006,0.322981,1836.0,NA,2006.0,1038.6,2006,0.0000,1,GAP<0.3%,3,0,,NA,0.0,2008,0.0996,127.7,refined,2006,0.0000,
D_n080_043_a50_128,D,80,0.5,043,?,NA,NA,5,4,not_reported,outside paper coverage,2723,1.383456,3021.0,NA,2723.0,480.1,2724,0.0367,0,GAP<0.3%,1,0,,NA,0.0,2724,0.0367,142.4,refined,2724,0.0367,
D_n080_043_a75_129,D,80,0.75,043,?,NA,NA,5,4,not_reported,outside paper coverage,2800,0.114155,2277.0,NA,2800.0,330.9,2800,0.0000,True,GAP<0.3%,1,0,,NA,0.0,2800,0.0000,,baseline,2800,0.0000,
D_n080_044_a25_130,D,80,0.25,044,?,NA,NA,5,4,not_reported,outside paper coverage,2265,0.330033,1603.0,NA,2265.0,1132.0,2266,0.0441,0,GAP<0.3%,3,0,,NA,0.0,2268,0.1323,226.0,refined,2266,0.0441,
D_n080_044_a50_131,D,80,0.5,044,?,NA,NA,5,4,not_reported,outside paper coverage,3261,0.760803,2652.0,NA,3252.0,1080.4,3271,0.5809,0,TIERS_EXHAUSTED,3,0,,NA,-9.0,3272,0.6112,131.0,refined,3271,0.5809,
D_n080_044_a75_132,D,80,0.75,044,?,NA,NA,5,4,not_reported,outside paper coverage,3325,0.054106,3001.0,NA,3323.0,517.6,3325,0.0602,0,GAP<0.3%,1,0,,NA,-2.0,3326,0.0902,187.7,refined,3325,0.0602,
D_n080_045_a25_133,D,80,0.25,045,?,NA,NA,5,4,not_reported,outside paper coverage,1910,1.200083,1564.0,NA,1910.0,1485.1,1910,0.0000,1,TIERS_EXHAUSTED,4,0,,NA,0.0,1923,0.6760,266.9,refined,1910,0.0000,
D_n080_045_a50_134,D,80,0.5,045,?,NA,NA,5,4,not_reported,outside paper coverage,2749,0.765288,2632.0,NA,2749.0,1318.0,2757,0.2902,0,TIERS_EXHAUSTED,3,0,,NA,0.0,2771,0.7939,376.5,refined,2757,0.2902,
D_n080_045_a75_135,D,80,0.75,045,?,NA,NA,5,4,not_reported,outside paper coverage,2952,0.152207,3256.0,NA,2952.0,329.3,2953,0.0339,0,GAP<0.3%,1,1,,NA,0.0,2956,0.1353,1.5,refined,2953,0.0339,
EB_n100_001_a25_001,EB,100,0.25,001,1609,0.0,5,5,1,optimal,,1609,1.258055,303.0,TIE,1609.0,377.8,1609,0.0000,1,GAP<0.3%,1,0,0.0,TIE,0.0,1611,0.1241,77.5,refined,1609,0.0000,
EB_n100_001_a50_002,EB,100,0.5,001,2822,0.0,4,5,1,optimal,WARNING: bpc_n_solved=4 < group_count=5; 1 instance(s) may be Class 3 (no_incumbent),2822,1.730682,909.0,TIE,2822.0,974.7,2822,0.0000,1,GAP<0.3%,3,0,0.0,TIE,0.0,2824,0.0708,73.1,refined,2822,0.0000,
EB_n100_001_a75_003,EB,100,0.75,001,3115,0.0,5,5,1,optimal,,3114,0.032103,783.0,GAP,3115.0,0.4,3115,0.0000,True,UB,1,0,0.0,TIE,1.0,3115,0.0000,,baseline,3115,0.0,
EB_n100_002_a25_004,EB,100,0.25,002,1859,0.0,5,5,1,optimal,,1859,0.220063,560.0,TIE,1859.0,639.7,1859,0.0000,1,GAP<0.3%,2,0,0.0,TIE,0.0,1863,0.2147,38.6,refined,1859,0.0000,
EB_n100_002_a50_005,EB,100,0.5,002,3052,0.0,4,5,1,optimal,WARNING: bpc_n_solved=4 < group_count=5; 1 instance(s) may be Class 3 (no_incumbent),3052,1.729079,627.0,TIE,3052.0,648.8,3053,0.0328,0,GAP<0.3%,2,0,0.0,TIE,0.0,3053,0.0328,47.0,refined,3053,0.0328,
EB_n100_002_a75_006,EB,100,0.75,002,3327,0.0,5,5,1,optimal,,3327,0.0,905.0,TIE,3327.0,0.2,3327,0.0000,True,UB,1,0,0.0,TIE,0.0,3327,0.0000,,baseline,3327,0.0,
EB_n100_003_a25_007,EB,100,0.25,003,1616,0.0,5,5,1,optimal,,1616,0.172968,324.0,TIE,1616.0,626.5,1616,0.0000,1,GAP<0.3%,2,0,0.0,TIE,0.0,1618,0.1236,26.1,refined,1616,0.0000,
EB_n100_003_a50_008,EB,100,0.5,003,2947,0.0,4,5,1,optimal,WARNING: bpc_n_solved=4 < group_count=5; 1 instance(s) may be Class 3 (no_incumbent),2947,1.246565,802.0,TIE,2947.0,626.7,2948,0.0339,0,GAP<0.3%,2,0,0.0,TIE,0.0,2949,0.0678,25.7,refined,2948,0.0339,
EB_n100_003_a75_009,EB,100,0.75,003,3277,0.0,5,5,1,optimal,,3277,0.0,965.0,TIE,3277.0,0.7,3277,0.0000,True,UB,1,0,0.0,TIE,0.0,3277,0.0000,,baseline,3277,0.0,25.8
EB_n100_004_a25_010,EB,100,0.25,004,2417,0.0,5,5,1,optimal,,2417,1.855687,497.0,TIE,2417.0,616.6,2417,0.0000,1,GAP<0.3%,2,0,0.0,TIE,0.0,2418,0.0414,16.0,refined,2417,0.0000,
EB_n100_004_a50_011,EB,100,0.5,004,3719,0.0,4,5,1,optimal,WARNING: bpc_n_solved=4 < group_count=5; 1 instance(s) may be Class 3 (no_incumbent),3719,1.499099,644.0,TIE,3719.0,619.5,3719,0.0000,1,GAP<0.3%,2,0,0.0,TIE,0.0,3720,0.0269,17.6,refined,3719,0.0000,
EB_n100_004_a75_012,EB,100,0.75,004,4170,0.0,5,5,1,optimal,,4170,0.0,732.0,TIE,4170.0,0.5,4170,0.0000,True,UB,1,0,0.0,TIE,0.0,4170,0.0000,,baseline,4170,0.0,
EB_n100_005_a25_013,EB,100,0.25,005,1917,0.0,5,5,1,optimal,,1917,0.827729,362.0,TIE,1917.0,300.3,1917,0.0000,True,GAP<0.3%,1,0,0.0,TIE,0.0,1917,0.0000,,baseline,1917,0.0000,
EB_n100_005_a50_014,EB,100,0.5,005,3310,0.0,4,5,1,optimal,WARNING: bpc_n_solved=4 < group_count=5; 1 instance(s) may be Class 3 (no_incumbent),3310,0.003021,895.0,TIE,3310.0,0.3,3310,0.0000,True,UB,1,0,0.0,TIE,0.0,3310,0.0000,,baseline,3310,0.0000,
EB_n100_005_a75_015,EB,100,0.75,005,3501,0.0,5,5,1,optimal,,3501,0.0,890.0,TIE,3501.0,0.4,3501,0.0000,True,UB,1,0,0.0,TIE,0.0,3501,0.0000,,baseline,3501,0.0,12.8
EB_n110_006_a25_016,EB,110,0.25,006,1710,0.0,5,5,1,optimal,,1710,0.105152,296.0,TIE,1710.0,767.1,1710,0.0000,1,GAP<0.3%,2,0,0.0,TIE,0.0,1711,0.0584,165.8,refined,1710,0.0000,
EB_n110_006_a50_017,EB,110,0.5,006,3252,0.1,2,5,2,incumbent,WARNING: bpc_n_solved=2 < group_count=5; 3 instance(s) may be Class 3 (no_incumbent),3252,1.983242,902.0,TIE,3252.0,759.6,3252,0.0000,1,GAP<0.3%,2,0,0.0,TIE,0.0,3259,0.2148,158.1,refined,3252,0.0000,
EB_n110_006_a75_018,EB,110,0.75,006,3611,0.0,5,5,1,optimal,,3610,0.094094,955.0,GAP,3611.0,301.7,3611,0.0000,True,GAP<0.3%,1,0,0.0,TIE,1.0,3611,0.0000,,baseline,3611,0.0000,
EB_n110_007_a25_019,EB,110,0.25,007,2068,0.0,5,5,1,optimal,,2068,0.111095,383.0,TIE,2068.0,342.6,2068,0.0000,1,GAP<0.3%,1,0,0.0,TIE,0.0,2070,0.0966,42.5,refined,2068,0.0000,
EB_n110_007_a50_020,EB,110,0.5,007,3461,0.1,2,5,2,incumbent,WARNING: bpc_n_solved=2 < group_count=5; 3 instance(s) may be Class 3 (no_incumbent),3461,0.377076,902.0,TIE,3468.0,1253.0,3472,0.1152,0,GAP<0.3%,4,0,7.0,BEAT,7.0,3474,0.1727,50.9,refined,3472,0.1152,
EB_n110_007_a75_021,EB,110,0.75,007,3778,0.0,5,5,1,optimal,,3778,0.0,1227.0,TIE,3778.0,0.5,3778,0.0000,True,UB,1,0,0.0,TIE,0.0,3778,0.0000,,baseline,3778,0.0,
EB_n110_008_a25_022,EB,110,0.25,008,1825,0.0,5,5,1,optimal,,1825,0.213243,357.0,TIE,1825.0,642.9,1825,0.0000,1,GAP<0.3%,2,0,0.0,TIE,0.0,1829,0.2187,42.2,refined,1825,0.0000,
EB_n110_008_a50_023,EB,110,0.5,008,3537,0.1,2,5,2,incumbent,WARNING: bpc_n_solved=2 < group_count=5; 3 instance(s) may be Class 3 (no_incumbent),3536,0.081946,993.0,GAP,3537.0,344.8,3538,0.0283,0,GAP<0.3%,1,0,0.0,TIE,1.0,3538,0.0283,44.0,refined,3538,0.0283,
EB_n110_008_a75_024,EB,110,0.75,008,3808,0.0,5,5,1,optimal,,3808,0.0,1036.0,TIE,3808.0,0.8,3808,0.0000,True,UB,1,0,0.0,TIE,0.0,3808,0.0000,,baseline,3808,0.0,44.5
EB_n110_009_a25_025,EB,110,0.25,009,2697,0.0,5,5,1,optimal,,2697,0.044474,436.0,TIE,2697.0,329.6,2697,0.0000,1,GAP<0.3%,1,0,0.0,TIE,0.0,2698,0.0371,29.5,refined,2697,0.0000,
EB_n110_009_a50_026,EB,110,0.5,009,4219,0.1,2,5,2,incumbent,WARNING: bpc_n_solved=2 < group_count=5; 3 instance(s) may be Class 3 (no_incumbent),4219,1.512676,1007.0,TIE,4219.0,933.0,4220,0.0237,0,GAP<0.3%,3,0,0.0,TIE,0.0,4221,0.0474,31.1,refined,4220,0.0237,
EB_n110_009_a75_027,EB,110,0.75,009,4693,0.0,5,5,1,optimal,,4693,0.0,1039.0,TIE,4693.0,0.6,4693,0.0000,True,UB,1,0,0.0,TIE,0.0,4693,0.0000,,baseline,4693,0.0,
EB_n110_010_a25_028,EB,110,0.25,010,2128,0.0,5,5,1,optimal,,2128,1.184119,448.0,TIE,2128.0,931.2,2133,0.2344,0,GAP<0.3%,3,0,0.0,TIE,0.0,2134,0.2812,30.8,refined,2133,0.2344,
EB_n110_010_a50_029,EB,110,0.5,010,3639,0.1,2,5,2,incumbent,WARNING: bpc_n_solved=2 < group_count=5; 3 instance(s) may be Class 3 (no_incumbent),3639,0.013738,1040.0,TIE,3639.0,1.7,3639,0.0000,True,UB,1,0,0.0,TIE,0.0,3639,0.0000,,baseline,3639,0.0000,
EB_n110_010_a75_030,EB,110,0.75,010,3842,0.0,5,5,1,optimal,,3842,0.0,1110.0,TIE,3842.0,0.9,3842,0.0000,True,UB,1,0,0.0,TIE,0.0,3842,0.0000,,baseline,3842,0.0,32.5
EB_n120_011_a25_031,EB,120,0.25,011,2028,0.0,5,5,1,optimal,,2028,0.329287,387.0,TIE,2028.0,725.5,2032,0.1968,0,GAP<0.3%,1,0,0.0,TIE,0.0,2034,0.2950,425.1,refined,2032,0.1968,
EB_n120_011_a50_032,EB,120,0.5,011,3865,0.1,3,5,2,incumbent,WARNING: bpc_n_solved=3 < group_count=5; 2 instance(s) may be Class 3 (no_incumbent),3864,0.273577,856.0,GAP,3865.0,676.7,3865,0.0000,1,GAP<0.3%,1,0,0.0,TIE,1.0,3874,0.2323,375.1,refined,3865,0.0000,
EB_n120_011_a75_033,EB,120,0.75,011,4072,0.0,5,5,1,optimal,,4071,0.04665,655.0,GAP,4071.0,660.5,4072,0.0246,0,GAP<0.3%,1,0,-1.0,GAP,0.0,4072,0.0246,357.5,refined,4072,0.0246,
EB_n120_012_a25_034,EB,120,0.25,012,2496,0.0,5,5,1,optimal,,2496,1.449046,489.0,TIE,2496.0,1077.5,2497,0.0400,0,GAP<0.3%,3,0,0.0,TIE,0.0,2501,0.1999,175.0,refined,2497,0.0400,
EB_n120_012_a50_035,EB,120,0.5,012,4022,0.1,3,5,2,incumbent,WARNING: bpc_n_solved=3 < group_count=5; 2 instance(s) may be Class 3 (no_incumbent),4031,1.278409,1000.0,BEAT,4032.0,1393.1,4043,0.2721,0,GAP<0.3%,4,0,10.0,BEAT,1.0,4044,0.2967,185.4,refined,4043,0.2721,
EB_n120_012_a75_036,EB,120,0.75,012,4220,0.0,5,5,1,optimal,,4220,0.0,1006.0,TIE,4220.0,0.4,4220,0.0000,True,UB,1,0,0.0,TIE,0.0,4220,0.0000,,baseline,4220,0.0,
EB_n120_013_a25_037,EB,120,0.25,013,2688,0.0,5,5,1,optimal,,2688,1.686112,485.0,TIE,2688.0,974.9,2692,0.1486,0,GAP<0.3%,3,0,0.0,TIE,0.0,2693,0.1857,73.6,refined,2692,0.1486,
EB_n120_013_a50_038,EB,120,0.5,013,4040,0.1,3,5,2,incumbent,WARNING: bpc_n_solved=3 < group_count=5; 2 instance(s) may be Class 3 (no_incumbent),4039,0.093994,1298.0,GAP,4040.0,371.4,4040,0.0000,1,GAP<0.3%,1,0,0.0,TIE,1.0,4041,0.0247,69.2,refined,4040,0.0000,
EB_n120_013_a75_039,EB,120,0.75,013,4147,0.0,5,5,1,optimal,,4147,0.002411,595.0,TIE,4147.0,0.5,4147,0.0000,True,UB,1,0,0.0,TIE,0.0,4147,0.0000,,baseline,4147,0.0000,
EB_n120_014_a25_040,EB,120,0.25,014,2707,0.0,5,5,1,optimal,,2707,0.864279,469.0,TIE,2707.0,1258.9,2717,0.3681,0,TIERS_EXHAUSTED,4,0,0.0,TIE,0.0,2721,0.5145,57.1,refined,2717,0.3681,
EB_n120_014_a50_041,EB,120,0.5,014,4549,0.1,3,5,2,incumbent,WARNING: bpc_n_solved=3 < group_count=5; 2 instance(s) may be Class 3 (no_incumbent),4548,1.111087,742.0,GAP,4549.0,602.5,4549,0.0000,True,GAP<0.3%,2,0,0.0,TIE,1.0,4549,0.0000,,baseline,4549,0.0000,
EB_n120_014_a75_042,EB,120,0.75,014,5034,0.0,5,5,1,optimal,,5034,0.003973,573.0,TIE,5034.0,1.0,5034,0.0000,True,UB,1,0,0.0,TIE,0.0,5034,0.0000,,baseline,5034,0.0000,
EB_n120_015_a25_043,EB,120,0.25,015,2247,0.0,5,5,1,optimal,,2247,1.920559,343.0,TIE,2247.0,652.7,2247,0.0000,1,GAP<0.3%,2,0,0.0,TIE,0.0,2251,0.1777,52.2,refined,2247,0.0000,
EB_n120_015_a50_044,EB,120,0.5,015,?,0.1,3,5,2,incumbent,WARNING: bpc_n_solved=3 < group_count=5; 2 instance(s) may be Class 3 (no_incumbent),3857,1.026431,672.0,NA,3857.0,952.0,3858,0.0259,0,GAP<0.3%,3,0,,NA,0.0,3858,0.0259,50.2,refined,3858,0.0259,
EB_n120_015_a75_045,EB,120,0.75,015,4268,0.0,5,5,1,optimal,,4268,0.0,740.0,TIE,4268.0,1.0,4268,0.0000,True,UB,1,0,0.0,TIE,0.0,4268,0.0000,,baseline,4268,0.0,55.5
EB_n130_016_a25_046,EB,130,0.25,016,2237,0.0,5,5,1,optimal,,2237,0.427312,290.0,TIE,2237.0,1649.5,2241,0.1785,0,GAP<0.3%,4,0,0.0,TIE,0.0,2242,0.2230,446.0,refined,2241,0.1785,
EB_n130_016_a50_047,EB,130,0.5,016,4096,0.2,2,5,2,incumbent,WARNING: bpc_n_solved=2 < group_count=5; 3 instance(s) may be Class 3 (no_incumbent),4095,0.326161,517.0,GAP,4095.0,670.8,4096,0.0244,0,GAP<0.3%,1,0,-1.0,GAP,0.0,4096,0.0244,366.3,refined,4096,0.0244,
EB_n130_016_a75_048,EB,130,0.75,016,4308,0.2,3,5,2,incumbent,WARNING: bpc_n_solved=3 < group_count=5; 2 instance(s) may be Class 3 (no_incumbent),4329,0.241963,1667.0,BEAT,4329.0,756.6,4332,0.0693,0,GAP<0.3%,1,0,21.0,BEAT,0.0,4339,0.2305,454.4,refined,4332,0.0693,
EB_n130_017_a25_049,EB,130,0.25,017,2678,0.0,5,5,1,optimal,,2676,1.134222,276.0,GAP,2678.0,995.9,2679,0.0373,0,GAP<0.3%,2,0,0.0,TIE,2.0,2683,0.1864,393.2,refined,2679,0.0373,
EB_n130_017_a50_050,EB,130,0.5,017,4402,0.2,2,5,2,incumbent,WARNING: bpc_n_solved=2 < group_count=5; 3 instance(s) may be Class 3 (no_incumbent),4420,1.37671,704.0,BEAT,4421.0,1611.4,4443,0.4952,0,TIERS_EXHAUSTED,4,0,19.0,BEAT,1.0,4446,0.5623,401.7,refined,4443,0.4952,
EB_n130_017_a75_051,EB,130,0.75,017,4644,0.2,3,5,2,incumbent,WARNING: bpc_n_solved=3 < group_count=5; 2 instance(s) may be Class 3 (no_incumbent),4644,0.0,2433.0,TIE,4644.0,0.7,4644,0.0000,True,UB,1,0,0.0,TIE,0.0,4644,0.0000,,baseline,4644,0.0,
EB_n130_018_a25_052,EB,130,0.25,018,3020,0.0,5,5,1,optimal,,3020,0.422052,310.0,TIE,3020.0,686.7,3024,0.1323,0,GAP<0.3%,2,0,0.0,TIE,0.0,3026,0.1983,86.0,refined,3024,0.1323,
EB_n130_018_a50_053,EB,130,0.5,018,4465,0.2,2,5,2,incumbent,WARNING: bpc_n_solved=2 < group_count=5; 3 instance(s) may be Class 3 (no_incumbent),4465,0.085034,546.0,TIE,4465.0,427.1,4466,0.0224,0,GAP<0.3%,1,0,0.0,TIE,0.0,4468,0.0671,125.2,refined,4466,0.0224,
EB_n130_018_a75_054,EB,130,0.75,018,4559,0.2,3,5,2,incumbent,WARNING: bpc_n_solved=3 < group_count=5; 2 instance(s) may be Class 3 (no_incumbent),4577,0.152705,3410.0,BEAT,4577.0,447.6,4578,0.0218,0,GAP<0.3%,1,0,18.0,BEAT,0.0,4584,0.1527,146.0,refined,4578,0.0218,
EB_n130_019_a25_055,EB,130,0.25,019,2807,0.0,5,5,1,optimal,,2807,0.689899,266.0,TIE,2807.0,1294.4,2816,0.3196,0,TIERS_EXHAUSTED,4,0,0.0,TIE,0.0,2819,0.4257,93.1,refined,2816,0.3196,
EB_n130_019_a50_056,EB,130,0.5,019,4769,0.2,2,5,2,incumbent,WARNING: bpc_n_solved=2 < group_count=5; 3 instance(s) may be Class 3 (no_incumbent),4769,1.068354,455.0,TIE,4769.0,972.2,4769,0.0000,1,GAP<0.3%,3,0,0.0,TIE,0.0,4770,0.0210,68.7,refined,4769,0.0000,
EB_n130_019_a75_057,EB,130,0.75,019,5291,0.2,3,5,2,incumbent,WARNING: bpc_n_solved=3 < group_count=5; 2 instance(s) may be Class 3 (no_incumbent),5291,0.169811,1695.0,TIE,5291.0,390.2,5291,0.0000,1,GAP<0.3%,1,0,0.0,TIE,0.0,5300,0.1698,86.8,refined,5291,0.0000,
EB_n130_020_a25_058,EB,130,0.25,020,2348,0.0,5,5,1,optimal,,2348,0.170068,223.0,TIE,2348.0,365.4,2348,0.0000,1,GAP<0.3%,1,0,0.0,TIE,0.0,2352,0.1701,65.2,refined,2348,0.0000,
EB_n130_020_a50_059,EB,130,0.5,020,4051,0.2,2,5,2,incumbent,WARNING: bpc_n_solved=2 < group_count=5; 3 instance(s) may be Class 3 (no_incumbent),4058,1.41153,883.0,BEAT,4058.0,965.3,4060,0.0493,0,GAP<0.3%,3,0,7.0,BEAT,0.0,4067,0.2213,62.8,refined,4060,0.0493,
EB_n130_020_a75_060,EB,130,0.75,020,4584,0.2,3,5,2,incumbent,WARNING: bpc_n_solved=3 < group_count=5; 2 instance(s) may be Class 3 (no_incumbent),4584,0.206814,1934.0,TIE,4584.0,371.7,4584,0.0000,1,GAP<0.3%,1,0,0.0,TIE,0.0,4593,0.1960,70.2,refined,4584,0.0000,
EB_n140_021_a25_061,EB,140,0.25,021,2538,NA,NA,5,4,not_reported,outside paper coverage,2538,0.404191,924.0,TIE,2538.0,1703.9,2543,0.1966,0,GAP<0.3%,4,0,0.0,TIE,0.0,2544,0.2358,499.3,refined,2543,0.1966,
EB_n140_021_a50_062,EB,140,0.5,021,4493,NA,NA,5,4,not_reported,outside paper coverage,4490,1.718288,2564.0,GAP,4493.0,1314.5,4493,0.0000,1,GAP<0.3%,3,0,0.0,TIE,3.0,4505,0.2664,404.3,refined,4493,0.0000,
EB_n140_021_a75_063,EB,140,0.75,021,4834,NA,NA,5,4,not_reported,outside paper coverage,4846,0.288066,2379.0,BEAT,4847.0,755.0,4852,0.1031,0,GAP<0.3%,1,1,13.0,BEAT,1.0,4860,0.2675,448.4,refined,4852,0.1031,
EB_n140_022_a25_064,EB,140,0.25,022,2767,NA,NA,5,4,not_reported,outside paper coverage,2766,1.01986,1027.0,GAP,2767.0,1347.3,2772,0.1804,0,TIERS_EXHAUSTED,3,0,0.0,TIE,1.0,2779,0.4318,441.1,refined,2772,0.1804,
EB_n140_022_a50_065,EB,140,0.5,022,4503,NA,NA,5,4,not_reported,outside paper coverage,4898,1.75509,3926.0,BEAT,4900.0,1778.3,4922,0.4470,0,TIERS_EXHAUSTED,4,0,397.0,BEAT,2.0,4925,0.5076,566.4,refined,4922,0.4470,
EB_n140_022_a75_066,EB,140,0.75,022,5175,NA,NA,5,4,not_reported,outside paper coverage,5171,0.086948,2938.0,GAP,5175.0,0.7,5175,0.0000,True,UB,1,0,0.0,TIE,4.0,5175,0.0000,,baseline,5175,0.0000,
EB_n140_023_a25_067,EB,140,0.25,023,3339,NA,NA,5,4,not_reported,outside paper coverage,3339,1.037344,1397.0,TIE,3339.0,734.5,3340,0.0299,0,GAP<0.3%,2,0,0.0,TIE,0.0,3343,0.1197,132.4,refined,3340,0.0299,
EB_n140_023_a50_068,EB,140,0.5,023,4602,NA,NA,5,4,not_reported,outside paper coverage,4909,1.316715,2994.0,BEAT,4919.0,1102.7,4920,0.0203,0,GAP<0.3%,3,0,317.0,BEAT,10.0,4928,0.1826,197.2,refined,4920,0.0203,
EB_n140_023_a75_069,EB,140,0.75,023,5094,NA,NA,5,4,not_reported,outside paper coverage,5093,0.176401,2975.0,GAP,5093.0,560.2,5094,0.0196,0,GAP<0.3%,1,0,-1.0,GAP,0.0,5102,0.1764,256.4,refined,5094,0.0196,
EB_n140_024_a25_070,EB,140,0.25,024,3611,NA,NA,5,4,not_reported,outside paper coverage,3610,0.212842,1951.0,GAP,3611.0,400.2,3613,0.0554,0,GAP<0.3%,1,0,0.0,TIE,1.0,3617,0.1659,99.7,refined,3613,0.0554,
EB_n140_024_a50_071,EB,140,0.5,024,5034,NA,NA,5,4,not_reported,outside paper coverage,5515,0.960761,2401.0,BEAT,5525.0,737.8,5535,0.1807,0,GAP<0.3%,2,0,491.0,BEAT,10.0,5538,0.2347,133.2,refined,5535,0.1807,
EB_n140_024_a75_072,EB,140,0.75,024,5661,NA,NA,5,4,not_reported,outside paper coverage,5661,0.02649,2686.0,TIE,5661.0,417.6,5661,0.0000,1,GAP<0.3%,1,0,0.0,TIE,0.0,5662,0.0177,116.2,refined,5661,0.0000,
EB_n140_025_a25_073,EB,140,0.25,025,2753,NA,NA,5,4,not_reported,outside paper coverage,2753,0.02542,1428.0,TIE,2753.0,30.5,2753,0.0000,True,UB,1,0,0.0,TIE,0.0,2753,0.0000,,baseline,2753,0.0000,
EB_n140_025_a50_074,EB,140,0.5,025,?,NA,NA,5,4,not_reported,outside paper coverage,4594,0.991379,1718.0,NA,4596.0,1001.8,4605,0.1954,0,GAP<0.3%,3,0,,NA,2.0,4606,0.2171,97.4,refined,4605,0.1954,
EB_n140_025_a75_075,EB,140,0.75,025,4940,NA,NA,5,4,not_reported,outside paper coverage,4939,0.101133,1837.0,GAP,4940.0,302.4,4940,0.0000,True,GAP<0.3%,1,0,0.0,TIE,1.0,4940,0.0000,,baseline,4940,0.0000,
EB_n150_026_a25_076,EB,150,0.25,026,2550,NA,NA,5,4,not_reported,outside paper coverage,2550,0.747314,890.0,TIE,2550.0,1576.7,2554,0.1566,0,TIERS_EXHAUSTED,4,0,0.0,TIE,0.0,2560,0.3906,369.8,refined,2554,0.1566,
EB_n150_026_a50_077,EB,150,0.5,026,4811,NA,NA,5,4,not_reported,outside paper coverage,4810,1.816697,1991.0,GAP,4811.0,1322.5,4811,0.0000,1,GAP<0.3%,3,0,0.0,TIE,1.0,4822,0.2281,413.7,refined,4811,0.0000,
EB_n150_026_a75_078,EB,150,0.75,026,5009,NA,NA,5,4,not_reported,outside paper coverage,5176,0.365736,2285.0,BEAT,5175.0,1065.5,5182,0.1351,0,GAP<0.3%,2,0,166.0,BEAT,-1.0,5183,0.1544,457.9,refined,5182,0.1351,
EB_n150_027_a25_079,EB,150,0.25,027,?,NA,NA,5,4,not_reported,outside paper coverage,2770,1.060828,990.0,NA,2771.0,1644.5,2775,0.1441,0,TIERS_EXHAUSTED,4,0,,NA,1.0,2792,0.7521,437.4,refined,2775,0.1441,
EB_n150_027_a50_080,EB,150,0.5,027,?,NA,NA,5,4,not_reported,outside paper coverage,5027,0.410088,3409.0,NA,5040.0,746.6,5043,0.0595,0,GAP<0.3%,1,0,,NA,13.0,5047,0.1387,442.6,refined,5043,0.0595,
EB_n150_027_a75_081,EB,150,0.75,027,?,NA,NA,5,4,not_reported,outside paper coverage,5408,0.110824,2903.0,NA,5408.0,759.9,5408,0.0000,1,GAP<0.3%,1,0,,NA,0.0,5414,0.1108,456.2,refined,5408,0.0000,
EB_n150_028_a25_082,EB,150,0.25,028,?,NA,NA,5,4,not_reported,outside paper coverage,3448,0.91954,1189.0,NA,3448.0,739.6,3449,0.0290,0,GAP<0.3%,2,0,,NA,0.0,3451,0.0869,137.7,refined,3449,0.0290,
EB_n150_028_a50_083,EB,150,0.5,028,?,NA,NA,5,4,not_reported,outside paper coverage,5030,1.92064,3594.0,NA,5045.0,1415.1,5052,0.1386,0,GAP<0.3%,4,0,,NA,15.0,5060,0.2964,202.8,refined,5052,0.1386,
EB_n150_028_a75_084,EB,150,0.75,028,?,NA,NA,5,4,not_reported,outside paper coverage,5327,0.187371,4794.0,NA,5329.0,570.5,5329,0.0000,1,GAP<0.3%,1,0,,NA,2.0,5337,0.1499,267.1,refined,5329,0.0000,
EB_n150_029_a25_085,EB,150,0.25,029,?,NA,NA,5,4,not_reported,outside paper coverage,4053,0.613046,2388.0,NA,4054.0,1363.3,4054,0.0000,1,GAP<0.3%,4,0,,NA,1.0,4063,0.2215,159.0,refined,4054,0.0000,
EB_n150_029_a50_086,EB,150,0.5,029,?,NA,NA,5,4,not_reported,outside paper coverage,6055,0.762108,2924.0,NA,6066.0,815.2,6076,0.1646,0,GAP<0.3%,2,0,,NA,11.0,6078,0.1974,206.7,refined,6076,0.1646,
EB_n150_029_a75_087,EB,150,0.75,029,?,NA,NA,5,4,not_reported,outside paper coverage,6185,0.016166,3212.0,NA,6185.0,483.5,6185,0.0000,1,GAP<0.3%,1,0,,NA,0.0,6186,0.0162,181.7,refined,6185,0.0000,
EB_n150_030_a25_088,EB,150,0.25,030,?,NA,NA,5,4,not_reported,outside paper coverage,2970,0.043752,1502.0,NA,2970.0,448.7,2970,0.0000,1,GAP<0.3%,1,0,,NA,0.0,2971,0.0337,147.9,refined,2970,0.0000,
EB_n150_030_a50_089,EB,150,0.5,030,?,NA,NA,5,4,not_reported,outside paper coverage,4917,0.926859,2208.0,NA,4920.0,1645.2,4930,0.2028,0,GAP<0.3%,5,2,,NA,3.0,4932,0.2433,137.6,refined,4930,0.2028,
EB_n150_030_a75_090,EB,150,0.75,030,?,NA,NA,5,4,not_reported,outside paper coverage,5278,0.141898,1581.0,NA,5278.0,475.0,5281,0.0568,0,GAP<0.3%,1,0,,NA,0.0,5285,0.1325,171.1,refined,5281,0.0568,
EC_n050_001_a25_001,EC,50,0.25,001,421,NA,NA,5,4,not_reported,outside paper coverage,421,0.118624,30.0,TIE,421.0,0.1,421,0.0000,True,UB,1,0,0.0,TIE,0.0,421,0.0000,,baseline,421,0.0000,
EC_n050_001_a50_002,EC,50,0.5,001,1103,NA,NA,5,4,not_reported,outside paper coverage,1103,0.081529,191.0,TIE,1103.0,0.8,1103,0.0000,True,UB,1,0,0.0,TIE,0.0,1103,0.0000,,baseline,1103,0.0000,
EC_n050_001_a75_003,EC,50,0.75,001,1444,NA,NA,5,4,not_reported,outside paper coverage,1444,0.069204,383.0,TIE,1444.0,307.7,1444,0.0000,1,GAP<0.3%,1,0,0.0,TIE,0.0,1445,0.0692,7.2,refined,1444,0.0000,
EC_n050_002_a25_004,EC,50,0.25,002,355,NA,NA,5,4,not_reported,outside paper coverage,355,0.0,76.0,TIE,355.0,0.0,355,0.0000,True,UB,1,0,0.0,TIE,0.0,355,0.0000,,baseline,355,0.0,
EC_n050_002_a50_005,EC,50,0.5,002,1136,NA,NA,5,4,not_reported,outside paper coverage,1136,0.638503,289.0,TIE,1136.0,600.2,1136,0.0000,True,GAP<0.3%,2,0,0.0,TIE,0.0,1136,0.0000,,baseline,1136,0.0000,
EC_n050_002_a75_006,EC,50,0.75,002,1482,NA,NA,5,4,not_reported,outside paper coverage,1482,0.047211,412.0,TIE,1482.0,0.6,1482,0.0000,True,UB,1,0,0.0,TIE,0.0,1482,0.0000,,baseline,1482,0.0000,
EC_n050_003_a25_007,EC,50,0.25,003,773,NA,NA,5,4,not_reported,outside paper coverage,773,0.012935,121.0,TIE,773.0,0.0,773,0.0000,True,UB,1,0,0.0,TIE,0.0,773,0.0000,,baseline,773,0.0000,
EC_n050_003_a50_008,EC,50,0.5,003,1350,NA,NA,5,4,not_reported,outside paper coverage,1350,1.452661,354.0,TIE,1350.0,606.2,1350,0.0000,1,GAP<0.3%,2,0,0.0,TIE,0.0,1353,0.2217,5.8,refined,1350,0.0000,
EC_n050_003_a75_009,EC,50,0.75,003,1584,NA,NA,5,4,not_reported,outside paper coverage,1584,0.0,495.0,TIE,1584.0,0.6,1584,0.0000,True,UB,1,0,0.0,TIE,0.0,1584,0.0000,,baseline,1584,0.0,
EC_n050_004_a25_010,EC,50,0.25,004,844,NA,NA,5,4,not_reported,outside paper coverage,844,1.447922,101.0,TIE,844.0,600.1,844,0.0000,True,GAP<0.3%,2,0,0.0,TIE,0.0,844,0.0000,,baseline,844,0.0000,
EC_n050_004_a50_011,EC,50,0.5,004,1885,NA,NA,5,4,not_reported,outside paper coverage,1885,0.532953,295.0,TIE,1885.0,305.1,1885,0.0000,1,GAP<0.3%,1,0,0.0,TIE,0.0,1886,0.0530,4.9,refined,1885,0.0000,
EC_n050_004_a75_012,EC,50,0.75,004,2060,NA,NA,5,4,not_reported,outside paper coverage,2060,0.0,413.0,TIE,2060.0,0.6,2060,0.0000,True,UB,1,0,0.0,TIE,0.0,2060,0.0000,,baseline,2060,0.0,
EC_n050_005_a25_013,EC,50,0.25,005,826,NA,NA,5,4,not_reported,outside paper coverage,826,0.373899,128.0,TIE,826.0,300.1,826,0.0000,True,GAP<0.3%,1,0,0.0,TIE,0.0,826,0.0000,,baseline,826,0.0000,
EC_n050_005_a50_014,EC,50,0.5,005,1581,NA,NA,5,4,not_reported,outside paper coverage,1581,1.977804,359.0,TIE,1581.0,900.7,1581,0.0000,True,GAP<0.3%,3,0,0.0,TIE,0.0,1581,0.0000,,baseline,1581,0.0000,
EC_n050_005_a75_015,EC,50,0.75,005,1727,NA,NA,5,4,not_reported,outside paper coverage,1727,0.017368,352.0,TIE,1727.0,0.9,1727,0.0000,True,UB,1,0,0.0,TIE,0.0,1727,0.0000,,baseline,1727,0.0000,
EC_n055_006_a25_016,EC,55,0.25,006,634,0.0,5,5,1,optimal,,634,0.01577,112.0,TIE,634.0,0.0,634,0.0000,True,UB,1,0,0.0,TIE,0.0,634,0.0000,,baseline,634,0.0000,
EC_n055_006_a50_017,EC,55,0.5,006,1508,0.0,5,5,1,optimal,,1508,0.092752,370.0,TIE,1508.0,308.0,1509,0.0663,0,GAP<0.3%,1,0,0.0,TIE,0.0,1509,0.0663,7.5,refined,1509,0.0663,
EC_n055_006_a75_018,EC,55,0.75,006,1587,0.0,4,5,1,optimal,WARNING: bpc_n_solved=4 < group_count=5; 1 instance(s) may be Class 3 (no_incumbent),1587,0.031496,455.0,TIE,1587.0,1.4,1587,0.0000,True,UB,1,0,0.0,TIE,0.0,1587,0.0000,,baseline,1587,0.0000,
EC_n055_007_a25_019,EC,55,0.25,007,375,0.0,5,5,1,optimal,,375,0.0,115.0,TIE,375.0,0.0,375,0.0000,True,UB,1,0,0.0,TIE,0.0,375,0.0000,,baseline,375,0.0,
EC_n055_007_a50_020,EC,55,0.5,007,1258,0.0,5,5,1,optimal,,1258,0.694664,394.0,TIE,1258.0,600.4,1258,0.0000,True,GAP<0.3%,2,0,0.0,TIE,0.0,1258,0.0000,,baseline,1258,0.0000,
EC_n055_007_a75_021,EC,55,0.75,007,1612,0.0,4,5,1,optimal,WARNING: bpc_n_solved=4 < group_count=5; 1 instance(s) may be Class 3 (no_incumbent),1612,0.043405,490.0,TIE,1612.0,0.9,1612,0.0000,True,UB,1,0,0.0,TIE,0.0,1612,0.0000,,baseline,1612,0.0000,
EC_n055_008_a25_022,EC,55,0.25,008,773,0.0,5,5,1,optimal,,773,0.038795,145.0,TIE,773.0,0.0,773,0.0000,True,UB,1,0,0.0,TIE,0.0,773,0.0000,,baseline,773,0.0000,
EC_n055_008_a50_023,EC,55,0.5,008,1360,0.0,5,5,1,optimal,,1360,1.277584,406.0,TIE,1360.0,611.0,1360,0.0000,1,GAP<0.3%,2,0,0.0,TIE,0.0,1363,0.2201,9.6,refined,1360,0.0000,
EC_n055_008_a75_024,EC,55,0.75,008,1606,0.0,4,5,1,optimal,WARNING: bpc_n_solved=4 < group_count=5; 1 instance(s) may be Class 3 (no_incumbent),1606,0.0,494.0,TIE,1606.0,1.2,1606,0.0000,True,UB,1,0,0.0,TIE,0.0,1606,0.0000,,baseline,1606,0.0,
EC_n055_009_a25_025,EC,55,0.25,009,944,0.0,5,5,1,optimal,,944,1.440802,132.0,TIE,944.0,600.1,944,0.0000,True,GAP<0.3%,2,0,0.0,TIE,0.0,944,0.0000,,baseline,944,0.0000,
EC_n055_009_a50_026,EC,55,0.5,009,1996,0.0,5,5,1,optimal,,1996,0.369372,386.0,TIE,1996.0,606.4,1996,0.0000,1,GAP<0.3%,2,0,0.0,TIE,0.0,1998,0.1001,5.8,refined,1996,0.0000,
EC_n055_009_a75_027,EC,55,0.75,009,2370,0.0,4,5,1,optimal,WARNING: bpc_n_solved=4 < group_count=5; 1 instance(s) may be Class 3 (no_incumbent),2370,0.0,502.0,TIE,2370.0,0.7,2370,0.0000,True,UB,1,0,0.0,TIE,0.0,2370,0.0000,,baseline,2370,0.0,
EC_n055_010_a25_028,EC,55,0.25,010,925,0.0,5,5,1,optimal,,925,0.258788,124.0,TIE,925.0,299.2,925,0.0000,True,GAP<0.3%,1,0,0.0,TIE,0.0,925,0.0000,,baseline,925,0.0000,
EC_n055_010_a50_029,EC,55,0.5,010,1791,0.0,5,5,1,optimal,,1791,1.782287,437.0,TIE,1791.0,901.1,1791,0.0000,True,GAP<0.3%,3,0,0.0,TIE,0.0,1791,0.0000,,baseline,1791,0.0000,
EC_n055_010_a75_030,EC,55,0.75,010,2038,0.0,4,5,1,optimal,WARNING: bpc_n_solved=4 < group_count=5; 1 instance(s) may be Class 3 (no_incumbent),2038,0.014718,457.0,TIE,2038.0,1.4,2038,0.0000,True,UB,1,0,0.0,TIE,0.0,2038,0.0000,,baseline,2038,0.0000,
EC_n060_011_a25_031,EC,60,0.25,011,867,0.0,5,5,1,optimal,,867,1.911981,185.0,TIE,867.0,616.1,867,0.0000,1,GAP<0.3%,2,0,0.0,TIE,0.0,869,0.2301,15.9,refined,867,0.0000,
EC_n060_011_a50_032,EC,60,0.5,011,1662,0.01,5,5,2,incumbent,,1662,0.036088,457.0,TIE,1662.0,14.7,1662,0.0000,True,UB,1,0,0.0,TIE,0.0,1662,0.0000,,baseline,1662,0.0000,
EC_n060_011_a75_033,EC,60,0.75,011,1712,0.01,2,5,2,incumbent,WARNING: bpc_n_solved=2 < group_count=5; 3 instance(s) may be Class 3 (no_incumbent),1712,0.058377,604.0,TIE,1712.0,300.6,1713,0.0584,0,GAP<0.3%,1,0,0.0,TIE,0.0,1713,0.0584,0.1,refined,1713,0.05837711617046118,0.1
EC_n060_012_a25_034,EC,60,0.25,012,894,0.0,5,5,1,optimal,,894,1.465888,183.0,TIE,894.0,600.2,894,0.0000,True,GAP<0.3%,2,0,0.0,TIE,0.0,894,0.0000,,baseline,894,0.0000,
EC_n060_012_a50_035,EC,60,0.5,012,1710,0.01,5,5,2,incumbent,,1710,0.0,532.0,TIE,1710.0,0.7,1710,0.0000,True,UB,1,0,0.0,TIE,0.0,1710,0.0000,,baseline,1710,0.0,
EC_n060_012_a75_036,EC,60,0.75,012,1757,0.01,2,5,2,incumbent,WARNING: bpc_n_solved=2 < group_count=5; 3 instance(s) may be Class 3 (no_incumbent),1757,0.0,450.0,TIE,1757.0,0.7,1757,0.0000,True,UB,1,0,0.0,TIE,0.0,1757,0.0000,,baseline,1757,0.0,
EC_n060_013_a25_037,EC,60,0.25,013,1082,0.0,5,5,1,optimal,,1082,0.0,145.0,TIE,1082.0,0.0,1082,0.0000,True,UB,1,0,0.0,TIE,0.0,1082,0.0000,,baseline,1082,0.0,
EC_n060_013_a50_038,EC,60,0.5,013,1744,0.01,5,5,2,incumbent,,1744,1.189802,502.0,TIE,1744.0,620.7,1744,0.0000,1,GAP<0.3%,2,0,0.0,TIE,0.0,1746,0.1145,19.2,refined,1744,0.0000,
EC_n060_013_a75_039,EC,60,0.75,013,2017,0.01,2,5,2,incumbent,WARNING: bpc_n_solved=2 < group_count=5; 3 instance(s) may be Class 3 (no_incumbent),2017,0.0,556.0,TIE,2017.0,0.7,2017,0.0000,True,UB,1,0,0.0,TIE,0.0,2017,0.0000,,baseline,2017,0.0,
EC_n060_014_a25_040,EC,60,0.25,014,1037,0.0,5,5,1,optimal,,1037,1.938534,141.0,TIE,1037.0,600.2,1037,0.0000,True,GAP<0.3%,2,0,0.0,TIE,0.0,1037,0.0000,,baseline,1037,0.0000,
EC_n060_014_a50_041,EC,60,0.5,014,2215,0.01,5,5,2,incumbent,,2215,1.1249,430.0,TIE,2215.0,613.1,2215,0.0000,1,GAP<0.3%,2,0,0.0,TIE,0.0,2221,0.2701,12.5,refined,2215,0.0000,
EC_n060_014_a75_042,EC,60,0.75,014,?,0.01,2,5,2,incumbent,WARNING: bpc_n_solved=2 < group_count=5; 3 instance(s) may be Class 3 (no_incumbent),2474,0.121114,489.0,NA,2474.0,301.7,2476,0.0808,0,GAP<0.3%,1,0,,NA,0.0,2477,0.1211,0.1,refined,2476,0.0808,
EC_n060_015_a25_043,EC,60,0.25,015,1075,0.0,5,5,1,optimal,,1075,0.912527,182.0,TIE,1075.0,299.6,1075,0.0000,True,GAP<0.3%,1,0,0.0,TIE,0.0,1075,0.0000,,baseline,1075,0.0000,
EC_n060_015_a50_044,EC,60,0.5,015,2102,0.01,5,5,2,incumbent,,2102,0.0,639.0,TIE,2102.0,0.6,2102,0.0000,True,UB,1,0,0.0,TIE,0.0,2102,0.0000,,baseline,2102,0.0,
EC_n060_015_a75_045,EC,60,0.75,015,2187,0.01,2,5,2,incumbent,WARNING: bpc_n_solved=2 < group_count=5; 3 instance(s) may be Class 3 (no_incumbent),2187,0.06854,417.0,TIE,2187.0,308.6,2188,0.0457,0,GAP<0.3%,1,0,0.0,TIE,0.0,2188,0.0457,8.5,refined,2188,0.0457,
EC_n065_016_a25_046,EC,65,0.25,016,867,0.11,3,5,2,incumbent,WARNING: bpc_n_solved=3 < group_count=5; 2 instance(s) may be Class 3 (no_incumbent),867,0.092187,208.0,TIE,867.0,2.0,867,0.0000,True,UB,1,0,0.0,TIE,0.0,867,0.0000,,baseline,867,0.0000,
EC_n065_016_a50_047,EC,65,0.5,016,1853,0.02,5,5,2,incumbent,,1853,0.053937,736.0,TIE,1853.0,319.0,1853,0.0000,1,GAP<0.3%,1,0,0.0,TIE,0.0,1854,0.0539,17.7,refined,1853,0.0000,
EC_n065_016_a75_048,EC,65,0.75,016,1921,0.0,3,5,1,optimal,WARNING: bpc_n_solved=3 < group_count=5; 2 instance(s) may be Class 3 (no_incumbent),1921,0.083221,461.0,TIE,1921.0,319.2,1922,0.0520,0,GAP<0.3%,1,0,0.0,TIE,0.0,1922,0.0520,17.6,refined,1922,0.0520,
EC_n065_017_a25_049,EC,65,0.25,017,993,0.11,3,5,2,incumbent,WARNING: bpc_n_solved=3 < group_count=5; 2 instance(s) may be Class 3 (no_incumbent),993,0.779376,217.0,TIE,993.0,600.2,993,0.0000,True,GAP<0.3%,2,0,0.0,TIE,0.0,993,0.0000,,baseline,993,0.0000,
EC_n065_017_a50_050,EC,65,0.5,017,1900,0.02,5,5,2,incumbent,,1900,0.596421,898.0,TIE,1900.0,1223.2,1909,0.4715,0,TIERS_EXHAUSTED,4,0,0.0,TIE,0.0,1909,0.4715,21.9,refined,1909,0.4715,
EC_n065_017_a75_051,EC,65,0.75,017,1967,0.0,3,5,1,optimal,WARNING: bpc_n_solved=3 < group_count=5; 2 instance(s) may be Class 3 (no_incumbent),1967,0.081276,738.0,TIE,1967.0,323.0,1968,0.0508,0,GAP<0.3%,1,0,0.0,TIE,0.0,1968,0.0508,21.9,refined,1968,0.0508,
EC_n065_018_a25_052,EC,65,0.25,018,1183,0.11,3,5,2,incumbent,WARNING: bpc_n_solved=3 < group_count=5; 2 instance(s) may be Class 3 (no_incumbent),1183,0.579881,222.0,TIE,1183.0,618.1,1183,0.0000,1,GAP<0.3%,2,0,0.0,TIE,0.0,1186,0.2530,17.9,refined,1183,0.0000,
EC_n065_018_a50_053,EC,65,0.5,018,1883,0.02,5,5,2,incumbent,,1883,1.706948,576.0,TIE,1883.0,1232.4,1888,0.2648,0,GAP<0.3%,4,0,0.0,TIE,0.0,1888,0.2648,30.3,refined,1888,0.2648,
EC_n065_018_a75_054,EC,65,0.75,018,2146,0.0,3,5,1,optimal,WARNING: bpc_n_solved=3 < group_count=5; 2 instance(s) may be Class 3 (no_incumbent),2146,0.0,796.0,TIE,2146.0,2.2,2146,0.0000,True,UB,1,0,0.0,TIE,0.0,2146,0.0000,,baseline,2146,0.0,
EC_n065_019_a25_055,EC,65,0.25,019,1372,0.11,3,5,2,incumbent,WARNING: bpc_n_solved=3 < group_count=5; 2 instance(s) may be Class 3 (no_incumbent),1372,0.680469,218.0,TIE,1372.0,300.1,1372,0.0000,True,GAP<0.3%,1,0,0.0,TIE,0.0,1372,0.0000,,baseline,1372,0.0000,
EC_n065_019_a50_056,EC,65,0.5,019,2352,0.02,5,5,2,incumbent,,2352,1.022598,732.0,TIE,2352.0,902.1,2352,0.0000,True,GAP<0.3%,3,0,0.0,TIE,0.0,2352,0.0000,,baseline,2352,0.0000,
EC_n065_019_a75_057,EC,65,0.75,019,2599,0.0,3,5,1,optimal,WARNING: bpc_n_solved=3 < group_count=5; 2 instance(s) may be Class 3 (no_incumbent),2598,0.038476,736.0,GAP,2599.0,0.9,2599,0.0000,True,UB,1,0,0.0,TIE,1.0,2599,0.0000,,baseline,2599,0.0,
EC_n065_020_a25_058,EC,65,0.25,020,1075,0.11,3,5,2,incumbent,WARNING: bpc_n_solved=3 < group_count=5; 2 instance(s) may be Class 3 (no_incumbent),1075,1.601831,222.0,TIE,1075.0,321.0,1075,0.0000,1,GAP<0.3%,1,0,0.0,TIE,0.0,1076,0.0929,20.8,refined,1075,0.0000,
EC_n065_020_a50_059,EC,65,0.5,020,2299,0.02,5,5,2,incumbent,,2299,0.125983,609.0,TIE,2299.0,323.6,2301,0.0869,0,GAP<0.3%,1,0,0.0,TIE,0.0,2301,0.0869,22.5,refined,2301,0.0869,
EC_n065_020_a75_060,EC,65,0.75,020,2487,0.0,3,5,1,optimal,WARNING: bpc_n_solved=3 < group_count=5; 2 instance(s) may be Class 3 (no_incumbent),2487,0.0,549.0,TIE,2487.0,1.8,2487,0.0000,True,UB,1,0,0.0,TIE,0.0,2487,0.0000,,baseline,2487,0.0,16.3
EC_n070_021_a25_061,EC,70,0.25,021,868,0.1,4,5,2,incumbent,WARNING: bpc_n_solved=4 < group_count=5; 1 instance(s) may be Class 3 (no_incumbent),868,0.595511,211.0,TIE,868.0,1223.5,868,0.0000,1,GAP<0.3%,4,0,0.0,TIE,0.0,869,0.1151,22.9,refined,868,0.0000,
EC_n070_021_a50_062,EC,70,0.5,021,1953,0.01,4,5,2,incumbent,WARNING: bpc_n_solved=4 < group_count=5; 1 instance(s) may be Class 3 (no_incumbent),1953,0.158479,517.0,TIE,1953.0,325.8,1953,0.0000,1,GAP<0.3%,1,0,0.0,TIE,0.0,1956,0.1534,24.7,refined,1953,0.0000,
EC_n070_021_a75_063,EC,70,0.75,021,2032,0.0,4,5,1,optimal,WARNING: bpc_n_solved=4 < group_count=5; 1 instance(s) may be Class 3 (no_incumbent),2032,0.073764,774.0,TIE,2031.0,324.6,2033,0.0984,0,GAP<0.3%,1,0,-1.0,GAP,-1.0,2033,0.0984,23.3,refined,2033,0.0984,
EC_n070_022_a25_064,EC,70,0.25,022,1093,0.1,4,5,2,incumbent,WARNING: bpc_n_solved=4 < group_count=5; 1 instance(s) may be Class 3 (no_incumbent),1093,0.527849,192.0,TIE,1093.0,631.4,1093,0.0000,1,GAP<0.3%,2,0,0.0,TIE,0.0,1094,0.0914,31.9,refined,1093,0.0000,
EC_n070_022_a50_065,EC,70,0.5,022,2018,0.01,4,5,2,incumbent,WARNING: bpc_n_solved=4 < group_count=5; 1 instance(s) may be Class 3 (no_incumbent),2018,0.074276,609.0,TIE,2018.0,344.2,2019,0.0495,0,GAP<0.3%,1,0,0.0,TIE,0.0,2019,0.0495,42.9,refined,2019,0.0495,
EC_n070_022_a75_066,EC,70,0.75,022,2099,0.0,4,5,1,optimal,WARNING: bpc_n_solved=4 < group_count=5; 1 instance(s) may be Class 3 (no_incumbent),2099,0.0,577.0,TIE,2099.0,1.5,2099,0.0000,True,UB,1,0,0.0,TIE,0.0,2099,0.0000,,baseline,2099,0.0,39.8
EC_n070_023_a25_067,EC,70,0.25,023,1496,0.1,4,5,2,incumbent,WARNING: bpc_n_solved=4 < group_count=5; 1 instance(s) may be Class 3 (no_incumbent),1496,0.465735,347.0,TIE,1496.0,1224.7,1501,0.3331,0,TIERS_EXHAUSTED,4,0,0.0,TIE,0.0,1501,0.3331,23.9,refined,1501,0.3331,
EC_n070_023_a50_068,EC,70,0.5,023,2206,0.01,4,5,2,incumbent,WARNING: bpc_n_solved=4 < group_count=5; 1 instance(s) may be Class 3 (no_incumbent),2206,0.545512,532.0,TIE,2206.0,1235.6,2216,0.4513,0,TIERS_EXHAUSTED,4,0,0.0,TIE,0.0,2217,0.4962,30.8,refined,2216,0.4513,
EC_n070_023_a75_069,EC,70,0.75,023,2359,0.0,4,5,1,optimal,WARNING: bpc_n_solved=4 < group_count=5; 1 instance(s) may be Class 3 (no_incumbent),2359,0.0,588.0,TIE,2359.0,2.7,2359,0.0000,True,UB,1,0,0.0,TIE,0.0,2359,0.0000,,baseline,2359,0.0,
EC_n070_024_a25_070,EC,70,0.25,024,1671,0.1,4,5,2,incumbent,WARNING: bpc_n_solved=4 < group_count=5; 1 instance(s) may be Class 3 (no_incumbent),1671,0.423098,237.0,TIE,1671.0,600.2,1671,0.0000,True,GAP<0.3%,2,0,0.0,TIE,0.0,1671,0.0000,,baseline,1671,0.0000,
EC_n070_024_a50_071,EC,70,0.5,024,2752,0.01,4,5,2,incumbent,WARNING: bpc_n_solved=4 < group_count=5; 1 instance(s) may be Class 3 (no_incumbent),2752,0.692841,680.0,TIE,2752.0,616.7,2752,0.0000,1,GAP<0.3%,2,0,0.0,TIE,0.0,2754,0.0726,15.2,refined,2752,0.0000,
EC_n070_024_a75_072,EC,70,0.75,024,3008,0.0,4,5,1,optimal,WARNING: bpc_n_solved=4 < group_count=5; 1 instance(s) may be Class 3 (no_incumbent),3007,0.033245,718.0,GAP,3007.0,316.2,3008,0.0332,0,GAP<0.3%,1,0,-1.0,GAP,0.0,3008,0.0332,14.2,refined,3008,0.03324468085106383,15.2
EC_n070_025_a25_073,EC,70,0.25,025,1374,0.1,4,5,2,incumbent,WARNING: bpc_n_solved=4 < group_count=5; 1 instance(s) may be Class 3 (no_incumbent),1374,0.650759,267.0,TIE,1374.0,328.5,1374,0.0000,1,GAP<0.3%,1,0,0.0,TIE,0.0,1376,0.1453,28.2,refined,1374,0.0000,
EC_n070_025_a50_074,EC,70,0.5,025,2346,0.01,4,5,2,incumbent,WARNING: bpc_n_solved=4 < group_count=5; 1 instance(s) may be Class 3 (no_incumbent),2346,0.157467,898.0,TIE,2346.0,324.8,2346,0.0000,1,GAP<0.3%,1,0,0.0,TIE,0.0,2349,0.1277,23.1,refined,2346,0.0000,
EC_n070_025_a75_075,EC,70,0.75,025,2599,0.0,4,5,1,optimal,WARNING: bpc_n_solved=4 < group_count=5; 1 instance(s) may be Class 3 (no_incumbent),2598,0.038476,616.0,GAP,2599.0,2.7,2599,0.0000,True,UB,1,0,0.0,TIE,1.0,2599,0.0000,,baseline,2599,0.0,22.1
EC_n075_026_a25_076,EC,75,0.25,026,879,NA,NA,5,4,not_reported,outside paper coverage,879,0.655515,223.0,TIE,879.0,1250.2,879,0.0000,1,GAP<0.3%,4,0,0.0,TIE,0.0,880,0.1136,49.8,refined,879,0.0000,
EC_n075_026_a50_077,EC,75,0.5,026,1970,NA,NA,5,4,not_reported,outside paper coverage,1970,0.217799,415.0,TIE,1970.0,343.1,1970,0.0000,1,GAP<0.3%,1,0,0.0,TIE,0.0,1974,0.2026,41.3,refined,1970,0.0000,
EC_n075_026_a75_078,EC,75,0.75,026,2046,NA,NA,5,4,not_reported,outside paper coverage,2053,0.291404,476.0,BEAT,2053.0,345.4,2055,0.0973,0,GAP<0.3%,1,0,7.0,BEAT,0.0,2059,0.2914,42.2,refined,2055,0.0973,
EC_n075_027_a25_079,EC,75,0.25,027,1304,NA,NA,5,4,not_reported,outside paper coverage,1295,0.902969,221.0,GAP,1304.0,692.8,1305,0.0766,0,GAP<0.3%,2,0,0.0,TIE,9.0,1307,0.2295,92.5,refined,1305,0.0766,
EC_n075_027_a50_080,EC,75,0.5,027,2145,NA,NA,5,4,not_reported,outside paper coverage,2145,0.0885,494.0,TIE,2145.0,378.9,2145,0.0000,1,GAP<0.3%,1,0,0.0,TIE,0.0,2146,0.0466,76.7,refined,2145,0.0000,
EC_n075_027_a75_081,EC,75,0.75,027,2221,NA,NA,5,4,not_reported,outside paper coverage,2221,0.076484,540.0,TIE,2221.0,382.0,2222,0.0450,0,GAP<0.3%,1,0,0.0,TIE,0.0,2222,0.0450,79.7,refined,2222,0.0450,
EC_n075_028_a25_082,EC,75,0.25,028,?,NA,NA,5,4,not_reported,outside paper coverage,1697,0.404953,322.0,NA,1697.0,1282.0,1702,0.2938,0,TIERS_EXHAUSTED,4,0,,NA,0.0,1703,0.3523,80.5,refined,1702,0.2938,
EC_n075_028_a50_083,EC,75,0.5,028,?,NA,NA,5,4,not_reported,outside paper coverage,2436,0.143472,495.0,NA,2435.0,362.1,2436,0.0411,0,GAP<0.3%,1,0,,NA,-1.0,2439,0.1640,58.1,refined,2436,0.0411,
EC_n075_028_a75_084,EC,75,0.75,028,?,NA,NA,5,4,not_reported,outside paper coverage,2581,0.077429,398.0,NA,2581.0,302.7,2581,0.0000,True,GAP<0.3%,1,0,,NA,0.0,2581,0.0000,,baseline,2581,0.0000,
EC_n075_029_a25_085,EC,75,0.25,029,?,NA,NA,5,4,not_reported,outside paper coverage,1755,0.022787,270.0,NA,1755.0,1.3,1755,0.0000,True,UB,1,0,,NA,0.0,1755,0.0000,,baseline,1755,0.0000,
EC_n075_029_a50_086,EC,75,0.5,029,?,NA,NA,5,4,not_reported,outside paper coverage,2982,0.699301,510.0,NA,2982.0,628.9,2983,0.0335,0,GAP<0.3%,2,0,,NA,0.0,2985,0.1005,26.2,refined,2983,0.0335,
EC_n075_029_a75_087,EC,75,0.75,029,?,NA,NA,5,4,not_reported,outside paper coverage,3221,0.031037,529.0,NA,3221.0,327.8,3221,0.0000,1,GAP<0.3%,1,0,,NA,0.0,3222,0.0310,25.7,refined,3221,0.0000,
EC_n075_030_a25_088,EC,75,0.25,030,?,NA,NA,5,4,not_reported,outside paper coverage,1484,0.006738,281.0,NA,1484.0,3.3,1484,0.0000,True,UB,1,0,,NA,0.0,1484,0.0000,,baseline,1484,0.0000,
EC_n075_030_a50_089,EC,75,0.5,030,?,NA,NA,5,4,not_reported,outside paper coverage,2456,0.437814,412.0,NA,2456.0,1239.3,2464,0.3247,0,TIERS_EXHAUSTED,4,0,,NA,0.0,2465,0.3651,35.2,refined,2464,0.3247,
EC_n075_030_a75_090,EC,75,0.75,030,?,NA,NA,5,4,not_reported,outside paper coverage,2719,0.693937,456.0,NA,2720.0,603.9,2720,0.0000,True,GAP<0.3%,2,0,,NA,1.0,2720,0.0000,,baseline,2720,0.0000,
EC_n080_031_a25_091,EC,80,0.25,031,?,NA,NA,5,4,not_reported,outside paper coverage,1068,0.447427,168.0,NA,1068.0,1244.9,1068,0.0000,1,GAP<0.3%,4,0,,NA,0.0,1070,0.1869,43.9,refined,1068,0.0000,
EC_n080_031_a50_092,EC,80,0.5,031,?,NA,NA,5,4,not_reported,outside paper coverage,2180,1.744265,1182.0,NA,2180.0,647.5,2180,0.0000,1,GAP<0.3%,2,0,,NA,0.0,2181,0.0459,44.2,refined,2180,0.0000,
EC_n080_031_a75_093,EC,80,0.75,031,?,NA,NA,5,4,not_reported,outside paper coverage,2363,0.295359,1319.0,NA,2364.0,350.7,2365,0.0423,0,GAP<0.3%,1,1,,NA,1.0,2370,0.2532,48.1,refined,2365,0.0423,
EC_n080_032_a25_094,EC,80,0.25,032,?,NA,NA,5,4,not_reported,outside paper coverage,1414,0.924888,223.0,NA,1423.0,411.8,1424,0.0702,0,GAP<0.3%,1,0,,NA,9.0,1427,0.2803,111.6,refined,1424,0.0702,
EC_n080_032_a50_095,EC,80,0.5,032,?,NA,NA,5,4,not_reported,outside paper coverage,2275,0.576873,2452.0,NA,2275.0,1292.2,2283,0.3504,0,TIERS_EXHAUSTED,4,0,,NA,0.0,2286,0.4812,83.7,refined,2283,0.3504,
EC_n080_032_a75_096,EC,80,0.75,032,?,NA,NA,5,4,not_reported,outside paper coverage,2450,0.337632,1307.0,NA,2450.0,603.7,2450,0.0000,True,GAP<0.3%,2,0,,NA,0.0,2450,0.0000,,baseline,2450,0.0000,
EC_n080_033_a25_097,EC,80,0.25,033,?,NA,NA,5,4,not_reported,outside paper coverage,1806,0.430036,773.0,NA,1806.0,1262.6,1811,0.2761,0,TIERS_EXHAUSTED,4,0,,NA,0.0,1812,0.3311,60.5,refined,1811,0.2761,
EC_n080_033_a50_098,EC,80,0.5,033,?,NA,NA,5,4,not_reported,outside paper coverage,2646,0.196138,1886.0,NA,2646.0,369.3,2646,0.0000,1,GAP<0.3%,1,1,,NA,0.0,2651,0.1886,62.9,refined,2646,0.0000,
EC_n080_033_a75_099,EC,80,0.75,033,?,NA,NA,5,4,not_reported,outside paper coverage,2802,0.071327,688.0,NA,2802.0,418.4,2802,0.0000,1,GAP<0.3%,1,0,,NA,0.0,2804,0.0713,115.3,refined,2802,0.0000,
EC_n080_034_a25_100,EC,80,0.25,034,?,NA,NA,5,4,not_reported,outside paper coverage,1858,0.0,581.0,NA,1858.0,0.2,1858,0.0000,True,UB,1,0,,NA,0.0,1858,0.0000,,baseline,1858,0.0000,
EC_n080_034_a50_101,EC,80,0.5,034,?,NA,NA,5,4,not_reported,outside paper coverage,3173,0.461148,2120.0,NA,3174.0,636.5,3175,0.0315,0,GAP<0.3%,2,0,,NA,1.0,3177,0.0944,32.3,refined,3175,0.0315,
EC_n080_034_a75_102,EC,80,0.75,034,?,NA,NA,5,4,not_reported,outside paper coverage,3424,0.029197,549.0,NA,3424.0,338.2,3424,0.0000,1,GAP<0.3%,1,0,,NA,0.0,3425,0.0292,36.4,refined,3424,0.0000,
EC_n080_035_a25_103,EC,80,0.25,035,?,NA,NA,5,4,not_reported,outside paper coverage,1585,0.308195,563.0,NA,1585.0,330.8,1589,0.2517,0,GAP<0.3%,1,0,,NA,0.0,1589,0.2517,30.3,refined,1589,0.2517,
EC_n080_035_a50_104,EC,80,0.5,035,?,NA,NA,5,4,not_reported,outside paper coverage,2667,0.425627,1776.0,NA,2667.0,1249.3,2676,0.3363,0,TIERS_EXHAUSTED,4,0,,NA,0.0,2678,0.4108,43.3,refined,2676,0.3363,
EC_n080_035_a75_105,EC,80,0.75,035,?,NA,NA,5,4,not_reported,outside paper coverage,2924,0.881356,407.0,NA,2932.0,606.7,2932,0.0000,True,GAP<0.3%,2,0,,NA,8.0,2932,0.0000,,baseline,2932,0.0000,
ED_n040_001_a25_001,ED,40,0.25,001,412,NA,NA,5,4,not_reported,outside paper coverage,412,0.0,37.0,TIE,412.0,0.0,412,0.0000,True,UB,1,0,0.0,TIE,0.0,412,0.0000,,baseline,412,0.0,
ED_n040_001_a50_002,ED,40,0.5,001,948,NA,NA,5,4,not_reported,outside paper coverage,948,1.095462,251.0,TIE,948.0,600.5,948,0.0000,True,GAP<0.3%,2,0,0.0,TIE,0.0,948,0.0000,,baseline,948,0.0000,
ED_n040_001_a75_003,ED,40,0.75,001,1201,NA,NA,5,4,not_reported,outside paper coverage,1201,0.0,374.0,TIE,1201.0,1.5,1201,0.0000,True,UB,1,0,0.0,TIE,0.0,1201,0.0000,,baseline,1201,0.0,
ED_n040_002_a25_004,ED,40,0.25,002,212,NA,NA,5,4,not_reported,outside paper coverage,212,0.0,16.0,TIE,212.0,0.0,212,0.0000,True,UB,1,0,0.0,TIE,0.0,212,0.0000,,baseline,212,0.0,
ED_n040_002_a50_005,ED,40,0.5,002,772,NA,NA,5,4,not_reported,outside paper coverage,772,0.090591,140.0,TIE,772.0,1.6,772,0.0000,True,UB,1,0,0.0,TIE,0.0,772,0.0000,,baseline,772,0.0000,
ED_n040_002_a75_006,ED,40,0.75,002,1026,NA,NA,5,4,not_reported,outside paper coverage,1026,0.34965,336.0,TIE,1026.0,304.6,1026,0.0000,1,GAP<0.3%,1,0,0.0,TIE,0.0,1029,0.2915,4.0,refined,1026,0.0000,
ED_n040_003_a25_007,ED,40,0.25,003,352,NA,NA,5,4,not_reported,outside paper coverage,352,0.141844,55.0,TIE,352.0,0.1,352,0.0000,True,UB,1,0,0.0,TIE,0.0,352,0.0000,,baseline,352,0.0000,
ED_n040_003_a50_008,ED,40,0.5,003,994,NA,NA,5,4,not_reported,outside paper coverage,994,0.480577,249.0,TIE,994.0,300.2,994,0.0000,True,GAP<0.3%,1,0,0.0,TIE,0.0,994,0.0000,,baseline,994,0.0000,
ED_n040_003_a75_009,ED,40,0.75,003,1138,NA,NA,5,4,not_reported,outside paper coverage,1138,0.0,396.0,TIE,1138.0,1.4,1138,0.0000,True,UB,1,0,0.0,TIE,0.0,1138,0.0000,,baseline,1138,0.0,5.4
ED_n040_004_a25_010,ED,40,0.25,004,422,NA,NA,5,4,not_reported,outside paper coverage,422,0.0,43.0,TIE,422.0,0.0,422,0.0000,True,UB,1,0,0.0,TIE,0.0,422,0.0000,,baseline,422,0.0,
ED_n040_004_a50_011,ED,40,0.5,004,1154,NA,NA,5,4,not_reported,outside paper coverage,1154,1.207088,210.0,TIE,1154.0,1206.8,1164,0.8591,0,TIERS_EXHAUSTED,4,0,0.0,TIE,0.0,1165,0.9442,6.2,refined,1164,0.8591,
ED_n040_004_a75_012,ED,40,0.75,004,1526,NA,NA,5,4,not_reported,outside paper coverage,1526,0.0,491.0,TIE,1526.0,1.3,1526,0.0000,True,UB,1,0,0.0,TIE,0.0,1526,0.0000,,baseline,1526,0.0,
ED_n040_005_a25_013,ED,40,0.25,005,445,NA,NA,5,4,not_reported,outside paper coverage,445,0.0,80.0,TIE,445.0,0.0,445,0.0000,True,UB,1,0,0.0,TIE,0.0,445,0.0000,,baseline,445,0.0,6.0
ED_n040_005_a50_014,ED,40,0.5,005,1161,NA,NA,5,4,not_reported,outside paper coverage,1161,0.154799,354.0,TIE,1161.0,306.7,1161,0.0000,1,GAP<0.3%,1,0,0.0,TIE,0.0,1162,0.0861,5.6,refined,1161,0.0000,
ED_n040_005_a75_015,ED,40,0.75,005,1466,NA,NA,5,4,not_reported,outside paper coverage,1466,0.0,386.0,TIE,1466.0,1.3,1466,0.0000,True,UB,1,0,0.0,TIE,0.0,1466,0.0000,,baseline,1466,0.0,
ED_n045_006_a25_016,ED,45,0.25,006,523,0.0,5,5,1,optimal,,523,0.0,72.0,TIE,523.0,0.0,523,0.0000,True,UB,1,0,0.0,TIE,0.0,523,0.0000,,baseline,523,0.0,
ED_n045_006_a50_017,ED,45,0.5,006,1099,0.0,5,5,1,optimal,,1098,0.136426,481.0,GAP,1099.0,2.0,1099,0.0000,True,UB,1,0,0.0,TIE,1.0,1099,0.0000,,baseline,1099,0.0000,
ED_n045_006_a75_018,ED,45,0.75,006,1244,0.0,5,5,1,optimal,,1244,0.0,871.0,TIE,1244.0,3.6,1244,0.0000,True,UB,1,0,0.0,TIE,0.0,1244,0.0000,,baseline,1244,0.0,
ED_n045_007_a25_019,ED,45,0.25,007,253,0.0,5,5,1,optimal,,253,0.0,49.0,TIE,253.0,0.0,253,0.0000,True,UB,1,0,0.0,TIE,0.0,253,0.0000,,baseline,253,0.0,
ED_n045_007_a50_020,ED,45,0.5,007,914,0.0,5,5,1,optimal,,914,0.598151,272.0,TIE,914.0,606.4,914,0.0000,1,GAP<0.3%,2,0,0.0,TIE,0.0,915,0.1093,6.1,refined,914,0.0000,
ED_n045_007_a75_021,ED,45,0.75,007,1278,0.0,5,5,1,optimal,,1278,0.007824,541.0,TIE,1278.0,17.1,1278,0.0000,True,UB,1,0,0.0,TIE,0.0,1278,0.0000,,baseline,1278,0.0000,
ED_n045_008_a25_022,ED,45,0.25,008,732,0.0,5,5,1,optimal,,732,0.218103,71.0,TIE,732.0,299.3,732,0.0000,True,GAP<0.3%,1,0,0.0,TIE,0.0,732,0.0000,,baseline,732,0.0000,
ED_n045_008_a50_023,ED,45,0.5,008,1326,0.0,5,5,1,optimal,,1326,0.622049,425.0,TIE,1326.0,602.0,1326,0.0000,True,GAP<0.3%,2,0,0.0,TIE,0.0,1326,0.0000,,baseline,1326,0.0000,
ED_n045_008_a75_024,ED,45,0.75,008,1472,0.0,5,5,1,optimal,,1471,0.067935,715.0,GAP,1471.0,301.4,1472,0.0679,0,GAP<0.3%,1,0,-1.0,GAP,0.0,1471,0.0000,,reverified,1472,0.06793478260869565,0.1
ED_n045_009_a25_025,ED,45,0.25,009,843,0.0,5,5,1,optimal,,843,0.881834,111.0,TIE,843.0,599.7,843,0.0000,True,GAP<0.3%,2,0,0.0,TIE,0.0,843,0.0000,,baseline,843,0.0000,
ED_n045_009_a50_026,ED,45,0.5,009,1487,0.0,5,5,1,optimal,,1487,0.080634,476.0,TIE,1487.0,312.2,1487,0.0000,1,GAP<0.3%,1,0,0.0,TIE,0.0,1488,0.0672,10.2,refined,1487,0.0000,
ED_n045_009_a75_027,ED,45,0.75,009,1650,0.0,5,5,1,optimal,,1650,0.0,626.0,TIE,1650.0,4.2,1650,0.0000,True,UB,1,0,0.0,TIE,0.0,1650,0.0000,,baseline,1650,0.0,14.4
ED_n045_010_a25_028,ED,45,0.25,010,813,0.0,5,5,1,optimal,,813,0.208666,93.0,TIE,813.0,300.1,813,0.0000,True,GAP<0.3%,1,0,0.0,TIE,0.0,813,0.0000,,baseline,813,0.0000,
ED_n045_010_a50_029,ED,45,0.5,010,1449,0.0,5,5,1,optimal,,1449,1.482187,378.0,TIE,1449.0,601.7,1449,0.0000,True,GAP<0.3%,2,0,0.0,TIE,0.0,1449,0.0000,,baseline,1449,0.0000,
ED_n045_010_a75_030,ED,45,0.75,010,1596,0.0,5,5,1,optimal,,1596,0.0,633.0,TIE,1596.0,2.2,1596,0.0000,True,UB,1,0,0.0,TIE,0.0,1596,0.0000,,baseline,1596,0.0,
ED_n050_011_a25_031,ED,50,0.25,011,623,0.0,5,5,1,optimal,,623,0.0,163.0,TIE,623.0,0.0,623,0.0000,True,UB,1,0,0.0,TIE,0.0,623,0.0000,,baseline,623,0.0,
ED_n050_011_a50_032,ED,50,0.5,011,1306,0.14,3,5,2,incumbent,WARNING: bpc_n_solved=3 < group_count=5; 2 instance(s) may be Class 3 (no_incumbent),1306,0.099442,706.0,TIE,1306.0,321.1,1306,0.0000,1,GAP<0.3%,1,0,0.0,TIE,0.0,1307,0.0765,18.4,refined,1306,0.0000,
ED_n050_011_a75_033,ED,50,0.75,011,1464,0.0,5,5,1,optimal,,1464,0.0,1221.0,TIE,1464.0,4.5,1464,0.0000,True,UB,1,0,0.0,TIE,0.0,1464,0.0000,,baseline,1464,0.0,
ED_n050_012_a25_034,ED,50,0.25,012,354,0.0,5,5,1,optimal,,354,0.0,126.0,TIE,354.0,0.0,354,0.0000,True,UB,1,0,0.0,TIE,0.0,354,0.0000,,baseline,354,0.0,
ED_n050_012_a50_035,ED,50,0.5,012,1014,0.14,3,5,2,incumbent,WARNING: bpc_n_solved=3 < group_count=5; 2 instance(s) may be Class 3 (no_incumbent),1014,0.675874,448.0,TIE,1014.0,609.2,1015,0.0985,0,GAP<0.3%,2,0,0.0,TIE,0.0,1015,0.0985,8.3,refined,1015,0.0985,
ED_n050_012_a75_036,ED,50,0.75,012,1378,0.0,5,5,1,optimal,,1378,0.217234,881.0,TIE,1378.0,312.2,1378,0.0000,1,GAP<0.3%,1,0,0.0,TIE,0.0,1381,0.2172,8.6,refined,1378,0.0000,
ED_n050_013_a25_037,ED,50,0.25,013,742,0.0,5,5,1,optimal,,742,0.961025,161.0,TIE,742.0,300.1,742,0.0000,True,GAP<0.3%,1,0,0.0,TIE,0.0,742,0.0000,,baseline,742,0.0000,
ED_n050_013_a50_038,ED,50,0.5,013,1337,0.14,3,5,2,incumbent,WARNING: bpc_n_solved=3 < group_count=5; 2 instance(s) may be Class 3 (no_incumbent),1336,1.591043,593.0,GAP,1337.0,313.7,1338,0.0747,0,GAP<0.3%,1,0,0.0,TIE,1.0,1340,0.2239,11.6,refined,1338,0.0747,
ED_n050_013_a75_039,ED,50,0.75,013,1582,0.0,5,5,1,optimal,,1582,0.0,989.0,TIE,1582.0,3.8,1582,0.0000,True,UB,1,0,0.0,TIE,0.0,1582,0.0000,,baseline,1582,0.0,
ED_n050_014_a25_040,ED,50,0.25,014,1034,0.0,5,5,1,optimal,,1034,0.048333,215.0,TIE,1034.0,0.8,1034,0.0000,True,UB,1,0,0.0,TIE,0.0,1034,0.0000,,baseline,1034,0.0000,
ED_n050_014_a50_041,ED,50,0.5,014,1787,0.14,3,5,2,incumbent,WARNING: bpc_n_solved=3 < group_count=5; 2 instance(s) may be Class 3 (no_incumbent),1787,1.139633,767.0,TIE,1787.0,1214.9,1797,0.5565,0,TIERS_EXHAUSTED,4,0,0.0,TIE,0.0,1797,0.5565,12.4,refined,1797,0.5565,
ED_n050_014_a75_042,ED,50,0.75,014,2058,0.0,5,5,1,optimal,,2058,0.0,1048.0,TIE,2058.0,6.2,2058,0.0000,True,UB,1,0,0.0,TIE,0.0,2058,0.0000,,baseline,2058,0.0,14.5
ED_n050_015_a25_043,ED,50,0.25,015,852,0.0,5,5,1,optimal,,852,1.148625,243.0,TIE,852.0,315.9,853,0.1172,0,GAP<0.3%,1,0,0.0,TIE,0.0,853,0.1172,15.7,refined,853,0.1172,
ED_n050_015_a50_044,ED,50,0.5,015,1482,0.14,3,5,2,incumbent,WARNING: bpc_n_solved=3 < group_count=5; 2 instance(s) may be Class 3 (no_incumbent),1482,0.161681,892.0,TIE,1482.0,621.0,1483,0.0674,0,GAP<0.3%,2,0,0.0,TIE,0.0,1484,0.1348,18.3,refined,1483,0.0674,
ED_n050_015_a75_045,ED,50,0.75,015,1626,0.0,5,5,1,optimal,,1626,0.012299,994.0,TIE,1626.0,3.9,1626,0.0000,True,UB,1,0,0.0,TIE,0.0,1626,0.0000,,baseline,1626,0.0000,
ED_n055_016_a25_046,ED,55,0.25,016,845,0.0,5,5,1,optimal,,845,0.588235,450.0,TIE,845.0,627.5,845,0.0000,1,GAP<0.3%,2,0,0.0,TIE,0.0,846,0.1182,27.0,refined,845,0.0000,
ED_n055_016_a50_047,ED,55,0.5,016,1447,0.12,2,5,2,incumbent,WARNING: bpc_n_solved=2 < group_count=5; 3 instance(s) may be Class 3 (no_incumbent),1447,0.062159,1071.0,TIE,1447.0,43.3,1447,0.0000,True,UB,1,0,0.0,TIE,0.0,1447,0.0000,,baseline,1447,0.0000,
ED_n055_016_a75_048,ED,55,0.75,016,1488,0.11,3,5,2,incumbent,WARNING: bpc_n_solved=3 < group_count=5; 2 instance(s) may be Class 3 (no_incumbent),1486,0.221581,1423.0,GAP,1488.0,309.3,1488,0.0000,True,GAP<0.3%,1,0,0.0,TIE,2.0,1488,0.0000,,baseline,1488,0.0000,
ED_n055_017_a25_049,ED,55,0.25,017,364,0.0,5,5,1,optimal,,364,0.0,219.0,TIE,364.0,0.0,364,0.0000,True,UB,1,0,0.0,TIE,0.0,364,0.0000,,baseline,364,0.0,
ED_n055_017_a50_050,ED,55,0.5,017,1135,0.12,2,5,2,incumbent,WARNING: bpc_n_solved=2 < group_count=5; 3 instance(s) may be Class 3 (no_incumbent),1135,0.508415,787.0,TIE,1135.0,613.1,1136,0.0880,0,GAP<0.3%,2,0,0.0,TIE,0.0,1136,0.0880,11.3,refined,1136,0.0880,
ED_n055_017_a75_051,ED,55,0.75,017,1489,0.11,3,5,2,incumbent,WARNING: bpc_n_solved=3 < group_count=5; 2 instance(s) may be Class 3 (no_incumbent),1489,0.547689,1190.0,TIE,1489.0,1219.6,1489,0.0000,1,GAP<0.3%,4,0,0.0,TIE,0.0,1490,0.0671,11.1,refined,1489,0.0000,
ED_n055_018_a25_052,ED,55,0.25,018,742,0.0,5,5,1,optimal,,742,1.395349,295.0,TIE,742.0,344.4,742,0.0000,1,GAP<0.3%,1,0,0.0,TIE,0.0,744,0.2688,44.1,refined,742,0.0000,
ED_n055_018_a50_053,ED,55,0.5,018,1348,0.12,2,5,2,incumbent,WARNING: bpc_n_solved=2 < group_count=5; 3 instance(s) may be Class 3 (no_incumbent),1347,1.51349,826.0,GAP,1348.0,327.0,1348,0.0000,1,GAP<0.3%,1,0,0.0,TIE,1.0,1351,0.2221,22.4,refined,1348,0.0000,
ED_n055_018_a75_054,ED,55,0.75,018,1601,0.11,3,5,2,incumbent,WARNING: bpc_n_solved=3 < group_count=5; 2 instance(s) may be Class 3 (no_incumbent),1601,0.081133,1224.0,TIE,1601.0,341.7,1602,0.0624,0,GAP<0.3%,1,0,0.0,TIE,0.0,1602,0.0624,33.0,refined,1602,0.0624,
ED_n055_019_a25_055,ED,55,0.25,019,1036,0.0,5,5,1,optimal,,1036,0.240732,422.0,TIE,1036.0,302.2,1036,0.0000,1,GAP<0.3%,1,0,0.0,TIE,0.0,1038,0.1927,2.0,refined,1036,0.0000,
ED_n055_019_a50_056,ED,55,0.5,019,1897,0.12,2,5,2,incumbent,WARNING: bpc_n_solved=2 < group_count=5; 3 instance(s) may be Class 3 (no_incumbent),1897,0.877835,1104.0,TIE,1897.0,1218.4,1907,0.5244,0,TIERS_EXHAUSTED,4,0,0.0,TIE,0.0,1907,0.5244,14.9,refined,1907,0.5244,
ED_n055_019_a75_057,ED,55,0.75,019,2169,0.11,3,5,2,incumbent,WARNING: bpc_n_solved=3 < group_count=5; 2 instance(s) may be Class 3 (no_incumbent),2169,0.069109,1300.0,TIE,2169.0,330.4,2170,0.0461,0,GAP<0.3%,1,0,0.0,TIE,0.0,2170,0.0461,22.3,refined,2170,0.0461,
ED_n055_020_a25_058,ED,55,0.25,020,963,0.0,5,5,1,optimal,,963,0.752345,405.0,TIE,963.0,329.0,964,0.1037,0,GAP<0.3%,1,0,0.0,TIE,0.0,964,0.1037,28.5,refined,964,0.1037,
ED_n055_020_a50_059,ED,55,0.5,020,1790,0.12,2,5,2,incumbent,WARNING: bpc_n_solved=2 < group_count=5; 3 instance(s) may be Class 3 (no_incumbent),1790,0.055835,1267.0,TIE,1790.0,904.0,1790,0.0000,True,GAP<0.3%,3,0,0.0,TIE,0.0,1790,0.0000,,baseline,1790,0.0000,
ED_n055_020_a75_060,ED,55,0.75,020,1946,0.11,3,5,2,incumbent,WARNING: bpc_n_solved=3 < group_count=5; 2 instance(s) may be Class 3 (no_incumbent),1954,0.102249,1124.0,BEAT,1954.0,308.9,1955,0.0512,0,GAP<0.3%,1,0,8.0,BEAT,0.0,1956,0.1022,0.2,refined,1955,0.0512,
ED_n060_021_a25_061,ED,60,0.25,021,846,0.0,5,5,1,optimal,,846,1.82198,482.0,TIE,846.0,901.0,846,0.0000,True,GAP<0.3%,3,0,0.0,TIE,0.0,846,0.0000,,baseline,846,0.0000,
ED_n060_021_a50_062,ED,60,0.5,021,1637,0.44,4,5,2,incumbent,WARNING: bpc_n_solved=4 < group_count=5; 1 instance(s) may be Class 3 (no_incumbent),1637,0.079351,732.0,TIE,1637.0,351.5,1637,0.0000,1,GAP<0.3%,1,0,0.0,TIE,0.0,1638,0.0611,45.1,refined,1637,0.0000,
ED_n060_021_a75_063,ED,60,0.75,021,1679,1.64,1,5,2,incumbent,WARNING: bpc_n_solved=1 < group_count=5; 4 instance(s) may be Class 3 (no_incumbent),1697,0.515887,750.0,BEAT,1698.0,661.6,1699,0.0589,0,GAP<0.3%,2,0,19.0,BEAT,1.0,1699,0.0589,52.2,refined,1699,0.0589,
ED_n060_022_a25_064,ED,60,0.25,022,864,0.0,5,5,1,optimal,,864,0.0,509.0,TIE,864.0,0.2,864,0.0000,True,UB,1,0,0.0,TIE,0.0,864,0.0000,,baseline,864,0.0,2.9
ED_n060_022_a50_065,ED,60,0.5,022,1728,0.44,4,5,2,incumbent,WARNING: bpc_n_solved=4 < group_count=5; 1 instance(s) may be Class 3 (no_incumbent),1737,1.764506,775.0,BEAT,1737.0,1235.0,1764,1.5306,0,TIERS_EXHAUSTED,4,0,9.0,BEAT,0.0,1766,1.6421,28.2,refined,1764,1.5306,
ED_n060_022_a75_066,ED,60,0.75,022,1944,1.64,1,5,2,incumbent,WARNING: bpc_n_solved=1 < group_count=5; 4 instance(s) may be Class 3 (no_incumbent),1944,0.613497,559.0,TIE,1944.0,1246.6,1954,0.5118,0,TIERS_EXHAUSTED,4,0,0.0,TIE,0.0,1954,0.5118,37.8,refined,1954,0.5118,
ED_n060_023_a25_067,ED,60,0.25,023,1050,0.0,5,5,1,optimal,,1050,0.095147,281.0,TIE,1050.0,300.4,1051,0.0951,0,GAP<0.3%,1,0,0.0,TIE,0.0,1051,0.0951,0.3,refined,1051,0.09514747859181732,0.3
ED_n060_023_a50_068,ED,60,0.5,023,1736,0.44,4,5,2,incumbent,WARNING: bpc_n_solved=4 < group_count=5; 1 instance(s) may be Class 3 (no_incumbent),1736,0.924552,824.0,TIE,1736.0,632.3,1737,0.0576,0,GAP<0.3%,2,0,0.0,TIE,0.0,1739,0.1725,28.5,refined,1737,0.0576,
ED_n060_023_a75_069,ED,60,0.75,023,2002,1.64,1,5,2,incumbent,WARNING: bpc_n_solved=1 < group_count=5; 4 instance(s) may be Class 3 (no_incumbent),2002,0.019976,745.0,TIE,2002.0,66.2,2002,0.0000,True,UB,1,0,0.0,TIE,0.0,2002,0.0000,,baseline,2002,0.0000,
ED_n060_024_a25_070,ED,60,0.25,024,1253,0.0,5,5,1,optimal,,1253,1.104972,507.0,TIE,1253.0,1250.1,1253,0.0000,1,TIERS_EXHAUSTED,4,0,0.0,TIE,0.0,1260,0.5556,48.7,refined,1253,0.0000,
ED_n060_024_a50_071,ED,60,0.5,024,2138,0.44,4,5,2,incumbent,WARNING: bpc_n_solved=4 < group_count=5; 1 instance(s) may be Class 3 (no_incumbent),2138,0.922193,1229.0,TIE,2138.0,647.2,2139,0.0468,0,GAP<0.3%,2,0,0.0,TIE,0.0,2144,0.2799,38.1,refined,2139,0.0468,
ED_n060_024_a75_072,ED,60,0.75,024,2375,1.64,1,5,2,incumbent,WARNING: bpc_n_solved=1 < group_count=5; 4 instance(s) may be Class 3 (no_incumbent),2384,0.146597,1277.0,BEAT,2383.0,366.8,2386,0.1257,0,GAP<0.3%,1,0,8.0,BEAT,-1.0,2387,0.1676,47.7,refined,2386,0.1257,
ED_n060_025_a25_073,ED,60,0.25,025,1346,0.0,5,5,1,optimal,,1346,1.080326,607.0,TIE,1346.0,666.0,1346,0.0000,1,GAP<0.3%,2,0,0.0,TIE,0.0,1348,0.1484,64.6,refined,1346,0.0000,
ED_n060_025_a50_074,ED,60,0.5,025,2014,0.44,4,5,2,incumbent,WARNING: bpc_n_solved=4 < group_count=5; 1 instance(s) may be Class 3 (no_incumbent),2014,1.40983,1900.0,TIE,2014.0,1285.0,2014,0.0000,1,TIERS_EXHAUSTED,4,0,0.0,TIE,0.0,2034,0.9833,70.5,refined,2014,0.0000,
ED_n060_025_a75_075,ED,60,0.75,025,2139,1.64,1,5,2,incumbent,WARNING: bpc_n_solved=1 < group_count=5; 4 instance(s) may be Class 3 (no_incumbent),2266,0.149819,875.0,BEAT,2268.0,378.3,2268,0.0000,1,GAP<0.3%,1,0,129.0,BEAT,2.0,2269,0.0441,67.8,refined,2268,0.0000,
ED_n065_026_a25_076,ED,65,0.25,026,858,NA,NA,5,4,not_reported,outside paper coverage,858,1.684428,556.0,TIE,858.0,950.2,858,0.0000,1,GAP<0.3%,3,0,0.0,TIE,0.0,859,0.1164,48.2,refined,858,0.0000,
ED_n065_026_a50_077,ED,65,0.5,026,1838,NA,NA,5,4,not_reported,outside paper coverage,1838,0.065246,959.0,TIE,1838.0,355.4,1838,0.0000,1,GAP<0.3%,1,0,0.0,TIE,0.0,1839,0.0544,45.6,refined,1838,0.0000,
ED_n065_026_a75_078,ED,65,0.75,026,1699,NA,NA,5,4,not_reported,outside paper coverage,1898,0.576218,891.0,BEAT,1900.0,671.0,1901,0.0526,0,GAP<0.3%,2,0,201.0,BEAT,2.0,1901,0.0526,59.6,refined,1901,0.0526,
ED_n065_027_a25_079,ED,65,0.25,027,874,NA,NA,5,4,not_reported,outside paper coverage,874,0.0,557.0,TIE,874.0,0.3,874,0.0000,True,UB,1,0,0.0,TIE,0.0,874,0.0000,,baseline,874,0.0,4.4
ED_n065_027_a50_080,ED,65,0.5,027,1747,NA,NA,5,4,not_reported,outside paper coverage,1747,1.154238,898.0,TIE,1747.0,1251.4,1764,0.9637,0,TIERS_EXHAUSTED,4,0,0.0,TIE,0.0,1766,1.0759,45.8,refined,1764,0.9637,
ED_n065_027_a75_081,ED,65,0.75,027,1972,NA,NA,5,4,not_reported,outside paper coverage,1972,0.714933,718.0,TIE,1972.0,1872.8,1982,0.5045,0,TIERS_EXHAUSTED,6,0,0.0,TIE,0.0,1982,0.5045,45.9,refined,1982,0.5045,
ED_n065_028_a25_082,ED,65,0.25,028,?,NA,NA,5,4,not_reported,outside paper coverage,1152,0.466563,497.0,NA,1152.0,1258.0,1156,0.3460,0,TIERS_EXHAUSTED,4,0,,NA,0.0,1157,0.4322,56.3,refined,1156,0.3460,
ED_n065_028_a50_083,ED,65,0.5,028,?,NA,NA,5,4,not_reported,outside paper coverage,1948,0.102564,1278.0,NA,1948.0,356.6,1949,0.0513,0,GAP<0.3%,1,0,,NA,0.0,1950,0.1026,49.9,refined,1949,0.0513,
ED_n065_028_a75_084,ED,65,0.75,028,?,NA,NA,5,4,not_reported,outside paper coverage,2143,0.209546,976.0,NA,2143.0,370.8,2144,0.0466,0,GAP<0.3%,1,0,,NA,0.0,2147,0.1863,50.6,refined,2144,0.0466,
ED_n065_029_a25_085,ED,65,0.25,029,?,NA,NA,5,4,not_reported,outside paper coverage,1343,1.235476,577.0,NA,1343.0,1246.2,1343,0.0000,1,TIERS_EXHAUSTED,4,0,,NA,0.0,1351,0.5922,44.6,refined,1343,0.0000,
ED_n065_029_a50_086,ED,65,0.5,029,?,NA,NA,5,4,not_reported,outside paper coverage,2340,0.046986,2486.0,NA,2340.0,352.7,2341,0.0427,0,GAP<0.3%,1,0,,NA,0.0,2341,0.0427,40.0,refined,2341,0.0427,
ED_n065_029_a75_087,ED,65,0.75,029,?,NA,NA,5,4,not_reported,outside paper coverage,2595,0.153905,1426.0,NA,2596.0,393.6,2597,0.0385,0,GAP<0.3%,1,1,,NA,1.0,2599,0.1154,65.9,refined,2597,0.0385,
ED_n065_030_a25_088,ED,65,0.25,030,?,NA,NA,5,4,not_reported,outside paper coverage,1478,1.117281,1018.0,NA,1478.0,1336.4,1478,0.0000,1,TIERS_EXHAUSTED,4,0,,NA,0.0,1488,0.6720,130.3,refined,1478,0.0000,
ED_n065_030_a50_089,ED,65,0.5,030,?,NA,NA,5,4,not_reported,outside paper coverage,2333,1.830423,2016.0,NA,2334.0,1347.8,2339,0.2138,0,GAP<0.3%,4,0,,NA,1.0,2340,0.2564,119.5,refined,2339,0.2138,
ED_n065_030_a75_090,ED,65,0.75,030,?,NA,NA,5,4,not_reported,outside paper coverage,2496,0.458624,949.0,NA,2496.0,628.2,2497,0.0400,0,GAP<0.3%,2,0,,NA,0.0,2497,0.0400,11.9,refined,2497,0.0400,
ED_n070_031_a25_091,ED,70,0.25,031,?,NA,NA,5,4,not_reported,outside paper coverage,878,0.0,540.0,NA,878.0,1.2,878,0.0000,True,UB,1,0,,NA,0.0,878,0.0000,,baseline,878,0.0000,
ED_n070_031_a50_092,ED,70,0.5,031,?,NA,NA,5,4,not_reported,outside paper coverage,1858,1.510734,1356.0,NA,1858.0,715.1,1859,0.0538,0,GAP<0.3%,2,0,,NA,0.0,1859,0.0538,100.3,refined,1859,0.0538,
ED_n070_031_a75_093,ED,70,0.75,031,?,NA,NA,5,4,not_reported,outside paper coverage,1930,0.515464,2206.0,NA,1929.0,1053.1,1932,0.1553,0,GAP<0.3%,3,0,,NA,-1.0,1932,0.1553,125.3,refined,1932,0.1553,
ED_n070_032_a25_094,ED,70,0.25,032,?,NA,NA,5,4,not_reported,outside paper coverage,974,0.0,703.0,NA,974.0,0.3,974,0.0000,True,UB,1,0,,NA,0.0,974,0.0000,,baseline,974,0.0000,
ED_n070_032_a50_095,ED,70,0.5,032,?,NA,NA,5,4,not_reported,outside paper coverage,1866,0.623103,956.0,NA,1867.0,1546.0,1876,0.4797,0,TIERS_EXHAUSTED,5,0,,NA,1.0,1877,0.5328,38.5,refined,1876,0.4797,
ED_n070_032_a75_096,ED,70,0.75,032,?,NA,NA,5,4,not_reported,outside paper coverage,2083,0.941602,2033.0,NA,2083.0,1324.4,2094,0.5253,0,TIERS_EXHAUSTED,4,0,,NA,0.0,2096,0.6202,95.6,refined,2094,0.5253,
ED_n070_033_a25_097,ED,70,0.25,033,?,NA,NA,5,4,not_reported,outside paper coverage,1483,0.020225,1138.0,NA,1483.0,64.4,1483,0.0000,True,UB,1,0,,NA,0.0,1483,0.0000,,baseline,1483,0.0000,
ED_n070_033_a50_098,ED,70,0.5,033,?,NA,NA,5,4,not_reported,outside paper coverage,2191,0.517617,1082.0,NA,2197.0,375.8,2201,0.1817,0,GAP<0.3%,1,0,,NA,6.0,2202,0.2271,63.1,refined,2201,0.1817,
ED_n070_033_a75_099,ED,70,0.75,033,?,NA,NA,5,4,not_reported,outside paper coverage,2350,0.360399,2457.0,NA,2350.0,618.5,2350,0.0000,True,GAP<0.3%,2,0,,NA,0.0,2350,0.0000,,baseline,2350,0.0000,
ED_n070_034_a25_100,ED,70,0.25,034,?,NA,NA,5,4,not_reported,outside paper coverage,1445,0.0,986.0,NA,1445.0,0.6,1445,0.0000,True,UB,1,0,,NA,0.0,1445,0.0000,,baseline,1445,0.0000,
ED_n070_034_a50_101,ED,70,0.5,034,?,NA,NA,5,4,not_reported,outside paper coverage,2538,0.435448,1125.0,NA,2540.0,1580.2,2540,0.0000,1,GAP<0.3%,5,0,,NA,2.0,2546,0.2357,59.0,refined,2540,0.0000,
ED_n070_034_a75_102,ED,70,0.75,034,?,NA,NA,5,4,not_reported,outside paper coverage,2905,0.14437,1558.0,NA,2904.0,389.4,2908,0.1376,0,GAP<0.3%,1,0,,NA,-1.0,2909,0.1719,74.1,refined,2908,0.1376,
ED_n070_035_a25_103,ED,70,0.25,035,?,NA,NA,5,4,not_reported,outside paper coverage,1479,1.090082,2293.0,NA,1479.0,1359.4,1479,0.0000,1,TIERS_EXHAUSTED,4,0,,NA,0.0,1489,0.6716,151.6,refined,1479,0.0000,
ED_n070_035_a50_104,ED,70,0.5,035,?,NA,NA,5,4,not_reported,outside paper coverage,2344,0.369788,1185.0,NA,2347.0,446.2,2352,0.2126,0,GAP<0.3%,1,2,,NA,3.0,2352,0.2126,129.1,refined,2352,0.2126,
ED_n070_035_a75_105,ED,70,0.75,035,?,NA,NA,5,4,not_reported,outside paper coverage,2517,0.513834,1127.0,NA,2518.0,933.1,2519,0.0397,0,GAP<0.3%,3,0,,NA,1.0,2519,0.0397,12.1,refined,2519,0.0397,
ED_n075_036_a25_106,ED,75,0.25,036,?,NA,NA,5,4,not_reported,outside paper coverage,1076,0.102126,1010.0,NA,1076.0,421.2,1077,0.0929,0,GAP<0.3%,1,0,,NA,0.0,1077,0.0929,119.5,refined,1077,0.0929,
ED_n075_036_a50_107,ED,75,0.5,036,?,NA,NA,5,4,not_reported,outside paper coverage,1988,0.420757,2125.0,NA,1988.0,1662.0,1989,0.0503,0,GAP<0.3%,5,1,,NA,0.0,1989,0.0503,125.6,refined,1989,0.0503,
ED_n075_036_a75_108,ED,75,0.75,036,?,NA,NA,5,4,not_reported,outside paper coverage,2142,0.455433,1570.0,NA,2141.0,783.0,2143,0.0933,0,GAP<0.3%,2,0,,NA,-1.0,2144,0.1399,160.2,refined,2143,0.0933,
ED_n075_037_a25_109,ED,75,0.25,037,?,NA,NA,5,4,not_reported,outside paper coverage,1273,0.933852,794.0,NA,1273.0,1394.1,1282,0.7020,0,TIERS_EXHAUSTED,4,0,,NA,0.0,1282,0.7020,190.5,refined,1282,0.7020,
ED_n075_037_a50_110,ED,75,0.5,037,?,NA,NA,5,4,not_reported,outside paper coverage,2099,0.450557,2413.0,NA,2099.0,2301.2,2099,0.0000,1,GAP<0.3%,7,0,,NA,0.0,2103,0.1902,172.7,refined,2099,0.0000,
ED_n075_037_a75_111,ED,75,0.75,037,?,NA,NA,5,4,not_reported,outside paper coverage,2326,0.385439,1726.0,NA,2326.0,815.8,2327,0.0430,0,GAP<0.3%,2,0,,NA,0.0,2327,0.0430,181.1,refined,2327,0.0430,
ED_n075_038_a25_112,ED,75,0.25,038,?,NA,NA,5,4,not_reported,outside paper coverage,1685,0.295858,1218.0,NA,1685.0,705.6,1685,0.0000,1,GAP<0.3%,2,0,,NA,0.0,1690,0.2959,101.8,refined,1685,0.0000,
ED_n075_038_a50_113,ED,75,0.5,038,?,NA,NA,5,4,not_reported,outside paper coverage,2410,0.442021,2596.0,NA,2411.0,1651.6,2413,0.0829,0,GAP<0.3%,5,0,,NA,1.0,2415,0.1656,101.8,refined,2413,0.0829,
ED_n075_038_a75_114,ED,75,0.75,038,?,NA,NA,5,4,not_reported,outside paper coverage,2577,0.193648,1334.0,NA,2577.0,727.6,2577,0.0000,1,GAP<0.3%,2,1,,NA,0.0,2582,0.1936,101.9,refined,2577,0.0000,
ED_n075_039_a25_115,ED,75,0.25,039,?,NA,NA,5,4,not_reported,outside paper coverage,1964,0.071232,1176.0,NA,1964.0,393.1,1964,0.0000,1,GAP<0.3%,1,0,,NA,0.0,1965,0.0509,90.9,refined,1964,0.0000,
ED_n075_039_a50_116,ED,75,0.5,039,?,NA,NA,5,4,not_reported,outside paper coverage,3048,0.894164,2634.0,NA,3041.0,2232.7,3051,0.3278,0,TIERS_EXHAUSTED,7,0,,NA,-7.0,3051,0.3278,96.4,refined,3051,0.3278,
ED_n075_039_a75_117,ED,75,0.75,039,?,NA,NA,5,4,not_reported,outside paper coverage,3114,0.038521,2058.0,NA,3113.0,313.1,3114,0.0321,0,GAP<0.3%,1,0,,NA,-1.0,3115,0.0642,2.7,refined,3114,0.0321,
ED_n075_040_a25_118,ED,75,0.25,040,?,NA,NA,5,4,not_reported,outside paper coverage,1588,0.929565,1207.0,NA,1588.0,1712.3,1589,0.0629,0,TIERS_EXHAUSTED,4,0,,NA,0.0,1595,0.4389,500.9,refined,1589,0.0629,
ED_n075_040_a50_119,ED,75,0.5,040,?,NA,NA,5,4,not_reported,outside paper coverage,2565,1.904543,2642.0,NA,2565.0,1810.7,2571,0.2334,0,GAP<0.3%,5,0,,NA,0.0,2572,0.2722,259.0,refined,2571,0.2334,
ED_n075_040_a75_120,ED,75,0.75,040,?,NA,NA,5,4,not_reported,outside paper coverage,2730,0.745319,2649.0,NA,2731.0,1445.3,2740,0.3285,0,TIERS_EXHAUSTED,4,0,,NA,1.0,2740,0.3285,199.1,refined,2740,0.3285,
ED_n080_041_a25_121,ED,80,0.25,041,?,NA,NA,5,4,not_reported,outside paper coverage,1504,0.1792,1230.0,NA,1504.0,824.2,1504,0.0000,1,GAP<0.3%,1,1,,NA,0.0,1506,0.1328,518.6,refined,1504,0.0000,
ED_n080_041_a50_122,ED,80,0.5,041,?,NA,NA,5,4,not_reported,outside paper coverage,2227,1.000222,2890.0,NA,2227.0,2140.2,2232,0.2240,0,GAP<0.3%,5,1,,NA,0.0,2232,0.2240,600.2,refined,2232,0.2240,
ED_n080_041_a75_123,ED,80,0.75,041,?,NA,NA,5,4,not_reported,outside paper coverage,2267,0.570175,1800.0,NA,2269.0,1842.8,2271,0.0881,0,GAP<0.3%,4,1,,NA,2.0,2271,0.0881,600.2,refined,2271,0.0881,
ED_n080_042_a25_124,ED,80,0.25,042,?,NA,NA,5,4,not_reported,outside paper coverage,1305,1.128873,990.0,NA,1305.0,1781.5,1305,0.0000,1,TIERS_EXHAUSTED,4,0,,NA,0.0,1311,0.4577,572.1,refined,1305,0.0000,
ED_n080_042_a50_125,ED,80,0.5,042,?,NA,NA,5,4,not_reported,outside paper coverage,2157,0.704323,2856.0,NA,2161.0,2813.7,2162,0.0463,0,GAP<0.3%,8,0,,NA,4.0,2165,0.1848,364.2,refined,2162,0.0463,
ED_n080_042_a75_126,ED,80,0.75,042,?,NA,NA,5,4,not_reported,outside paper coverage,2457,0.364964,1844.0,NA,2457.0,1342.2,2458,0.0407,0,GAP<0.3%,3,0,,NA,0.0,2458,0.0407,389.1,refined,2458,0.0407,
ED_n080_043_a25_127,ED,80,0.25,043,?,NA,NA,5,4,not_reported,outside paper coverage,1785,0.257041,1236.0,NA,1785.0,417.6,1785,0.0000,1,GAP<0.3%,1,0,,NA,0.0,1789,0.2236,113.5,refined,1785,0.0000,
ED_n080_043_a50_128,ED,80,0.5,043,?,NA,NA,5,4,not_reported,outside paper coverage,2629,0.242847,2288.0,NA,2628.0,754.5,2631,0.1140,0,GAP<0.3%,2,0,,NA,-1.0,2635,0.2657,120.5,refined,2631,0.1140,
ED_n080_043_a75_129,ED,80,0.75,043,?,NA,NA,5,4,not_reported,outside paper coverage,2796,0.249732,2919.0,NA,2797.0,477.7,2798,0.0357,0,GAP<0.3%,1,0,,NA,1.0,2803,0.2141,140.4,refined,2798,0.0357,
ED_n080_044_a25_130,ED,80,0.25,044,?,NA,NA,5,4,not_reported,outside paper coverage,1965,0.324642,1356.0,NA,1965.0,1347.4,1965,0.0000,1,GAP<0.3%,4,0,,NA,0.0,1969,0.2031,141.5,refined,1965,0.0000,
ED_n080_044_a50_131,ED,80,0.5,044,?,NA,NA,5,4,not_reported,outside paper coverage,3139,0.538657,3003.0,NA,3148.0,452.8,3151,0.0952,0,GAP<0.3%,1,0,,NA,9.0,3156,0.2535,119.1,refined,3151,0.0952,
ED_n080_044_a75_132,ED,80,0.75,044,?,NA,NA,5,4,not_reported,outside paper coverage,3321,0.150331,4126.0,NA,3322.0,535.3,3324,0.0602,0,GAP<0.3%,1,0,,NA,1.0,3326,0.1203,216.5,refined,3324,0.0602,
ED_n080_045_a25_133,ED,80,0.25,045,?,NA,NA,5,4,not_reported,outside paper coverage,1680,0.562297,1556.0,NA,1681.0,1823.7,1685,0.2374,0,TIERS_EXHAUSTED,5,0,,NA,1.0,1687,0.3557,311.8,refined,1685,0.2374,
ED_n080_045_a50_134,ED,80,0.5,045,?,NA,NA,5,4,not_reported,outside paper coverage,2667,0.287883,3474.0,NA,2666.0,868.2,2673,0.2619,0,GAP<0.3%,2,0,,NA,-1.0,2674,0.2992,238.6,refined,2673,0.2619,
ED_n080_045_a75_135,ED,80,0.75,045,?,NA,NA,5,4,not_reported,outside paper coverage,2932,0.704416,2703.0,NA,2933.0,1509.2,2942,0.3059,0,TIERS_EXHAUSTED,4,0,,NA,1.0,2942,0.3059,257.0,refined,2942,0.3059,
