instance,family,n,alpha,group_id,bks,alns_obj,alns_runtime_s,lb1_ub,lb1_cert_pct,lb1_ub_runtime_s,lb2_ub,lb2_cert_pct,lb2_runtime_s,best_ub,final_cert_gap_pct,alns_lag_proven_optimal,alns_lag_cert_tier,bks_gap_pct,alns_status,bpc_oa_gap_pct,bpc_n_solved,bpc_group_count,bpc_class,bpc_class_label,bpc_note
A_n425_056_a25_166,A,425,0.25,056,12047,12047,1125.0,12047.0,0.0,350.5,NA,NA,NA,12047.0,0.0,True,exact,+0.00%,TIE,0.0,5,5,1,optimal,
A_n425_056_a50_167,A,425,0.5,056,15049,15049,630.6,15049.0,0.0,370.8,NA,NA,NA,15049.0,0.0,True,exact,+0.00%,TIE,0.0,5,5,1,optimal,
A_n425_056_a75_168,A,425,0.75,056,15210,15210,1.4,15210.0,0.0,325.0,NA,NA,NA,15210.0,0.0,True,exact,+0.00%,TIE,0.0,5,5,1,optimal,
A_n425_057_a25_169,A,425,0.25,057,12897,12897,6665.5,12897.0,0.0,503.2,NA,NA,NA,12897.0,0.0,True,exact,+0.00%,TIE,0.0,5,5,1,optimal,
A_n425_057_a50_170,A,425,0.5,057,14855,14855,1901.5,14855.0,0.0,510.5,NA,NA,NA,14855.0,0.0,True,exact,+0.00%,TIE,0.0,5,5,1,optimal,
A_n425_057_a75_171,A,425,0.75,057,14997,14997,221.1,14997.0,0.0,502.2,NA,NA,NA,14997.0,0.0,True,exact,+0.00%,TIE,0.0,5,5,1,optimal,
A_n425_058_a25_172,A,425,0.25,058,13999,13999,5516.6,13999.0,0.0,514.0,NA,NA,NA,13999.0,0.0,True,exact,+0.00%,TIE,0.0,5,5,1,optimal,
A_n425_058_a50_173,A,425,0.5,058,16010,16009,5441.7,16010.0,0.01,1133.0,NA,NA,NA,16010.0,0.006246,False,<0.5%,-0.01%,GAP,0.0,5,5,1,optimal,
A_n425_058_a75_174,A,425,0.75,058,16098,16098,1.4,16098.0,0.0,607.9,NA,NA,NA,16098.0,0.0,True,exact,+0.00%,TIE,0.0,5,5,1,optimal,
A_n425_059_a25_175,A,425,0.25,059,13213,13212,5420.4,13213.0,0.01,544.1,NA,NA,NA,13213.0,0.007568,False,<0.5%,-0.01%,GAP,0.0,5,5,1,optimal,
A_n425_059_a50_176,A,425,0.5,059,16550,16550,4174.2,16550.0,0.0,254.8,NA,NA,NA,16550.0,0.0,True,exact,+0.00%,TIE,0.0,5,5,1,optimal,
A_n425_059_a75_177,A,425,0.75,059,16946,16946,60.5,16946.0,0.0,306.9,NA,NA,NA,16946.0,0.0,True,exact,+0.00%,TIE,0.0,5,5,1,optimal,
A_n425_060_a25_178,A,425,0.25,060,13381,13381,1348.7,13381.0,0.0,502.8,NA,NA,NA,13381.0,0.0,True,exact,+0.00%,TIE,0.0,5,5,1,optimal,
A_n425_060_a50_179,A,425,0.5,060,15846,15846,2160.6,15846.0,0.0,501.0,NA,NA,NA,15846.0,0.0,True,exact,+0.00%,TIE,0.0,5,5,1,optimal,
A_n425_060_a75_180,A,425,0.75,060,15986,15986,27.5,15986.0,0.0,500.2,NA,NA,NA,15986.0,0.0,True,exact,+0.00%,TIE,0.0,5,5,1,optimal,
A_n450_061_a25_181,A,450,0.25,061,12348,12348,3715.1,12348.0,0.0,346.3,NA,NA,NA,12348.0,0.0,True,exact,+0.00%,TIE,0.0,5,5,1,optimal,
A_n450_061_a50_182,A,450,0.5,061,15595,15595,1402.6,15595.0,0.0,365.3,NA,NA,NA,15595.0,0.0,True,exact,+0.00%,TIE,0.0,5,5,1,optimal,
A_n450_061_a75_183,A,450,0.75,061,15887,15887,1.9,15887.0,0.0,245.5,NA,NA,NA,15887.0,0.0,True,exact,+0.00%,TIE,0.0,5,5,1,optimal,
A_n450_062_a25_184,A,450,0.25,062,13554,13552,4748.9,13554.0,0.01,1007.4,NA,NA,NA,13554.0,0.014756,False,<0.5%,-0.01%,GAP,0.0,5,5,1,optimal,
A_n450_062_a50_185,A,450,0.5,062,15441,15441,750.3,15441.0,0.0,507.0,NA,NA,NA,15441.0,0.0,True,exact,+0.00%,TIE,0.0,5,5,1,optimal,
A_n450_062_a75_186,A,450,0.75,062,15581,15581,115.1,15581.0,0.0,503.3,NA,NA,NA,15581.0,0.0,True,exact,+0.00%,TIE,0.0,5,5,1,optimal,
A_n450_063_a25_187,A,450,0.25,063,14829,14828,5946.7,14829.0,0.01,1164.0,NA,NA,NA,14829.0,0.006744,False,<0.5%,-0.01%,GAP,0.0,5,5,1,optimal,
A_n450_063_a50_188,A,450,0.5,063,16622,16622,2482.2,16622.0,0.0,549.3,NA,NA,NA,16622.0,0.0,True,exact,+0.00%,TIE,0.0,5,5,1,optimal,
A_n450_063_a75_189,A,450,0.75,063,16716,16716,0.9,16716.0,0.0,549.5,NA,NA,NA,16716.0,0.0,True,exact,+0.00%,TIE,0.0,5,5,1,optimal,
A_n450_064_a25_190,A,450,0.25,064,14214,14204,4119.1,14214.0,0.07,535.7,NA,NA,NA,14214.0,0.070353,False,<0.5%,-0.07%,GAP,0.0,5,5,1,optimal,
A_n450_064_a50_191,A,450,0.5,064,17486,17486,1342.3,17486.0,0.0,258.4,NA,NA,NA,17486.0,0.0,True,exact,+0.00%,TIE,0.0,5,5,1,optimal,
A_n450_064_a75_192,A,450,0.75,064,17827,17827,1.0,17827.0,0.0,257.9,NA,NA,NA,17827.0,0.0,True,exact,+0.00%,TIE,0.0,5,5,1,optimal,
A_n450_065_a25_193,A,450,0.25,065,14057,14057,814.9,14057.0,0.0,510.3,NA,NA,NA,14057.0,0.0,True,exact,+0.00%,TIE,0.0,5,5,1,optimal,
A_n450_065_a50_194,A,450,0.5,065,16906,16906,1121.3,16906.0,0.0,504.9,NA,NA,NA,16906.0,0.0,True,exact,+0.00%,TIE,0.0,5,5,1,optimal,
A_n450_065_a75_195,A,450,0.75,065,17161,17161,20.0,17161.0,0.0,504.1,NA,NA,NA,17161.0,0.0,True,exact,+0.00%,TIE,0.0,5,5,1,optimal,
A_n475_066_a25_196,A,475,0.25,066,12925,12925,2256.1,12925.0,0.0,307.2,NA,NA,NA,12925.0,0.0,True,exact,+0.00%,TIE,0.0,5,5,1,optimal,
A_n475_066_a50_197,A,475,0.5,066,16545,16545,1211.3,16545.0,0.0,318.6,NA,NA,NA,16545.0,0.0,True,exact,+0.00%,TIE,0.0,5,5,1,optimal,
A_n475_066_a75_198,A,475,0.75,066,16982,16982,696.2,16982.0,0.0,322.0,NA,NA,NA,16982.0,0.0,True,exact,+0.00%,TIE,0.0,5,5,1,optimal,
A_n475_067_a25_199,A,475,0.25,067,14318,14316,4197.2,14318.0,0.01,1004.3,NA,NA,NA,14318.0,0.013968,False,<0.5%,-0.01%,GAP,0.0,5,5,1,optimal,
A_n475_067_a50_200,A,475,0.5,067,16582,16582,875.0,16582.0,0.0,504.4,NA,NA,NA,16582.0,0.0,True,exact,+0.00%,TIE,0.0,5,5,1,optimal,
A_n475_067_a75_201,A,475,0.75,067,16749,16749,308.9,16749.0,0.0,512.2,NA,NA,NA,16749.0,0.0,True,exact,+0.00%,TIE,0.0,5,5,1,optimal,
A_n475_068_a25_202,A,475,0.25,068,15602,15592,4686.6,15602.0,0.06,1156.8,NA,NA,NA,15602.0,0.064094,False,<0.5%,-0.06%,GAP,0.0,5,5,1,optimal,
A_n475_068_a50_203,A,475,0.5,068,17696,17696,1294.6,17696.0,0.0,555.9,NA,NA,NA,17696.0,0.0,True,exact,+0.00%,TIE,0.0,5,5,1,optimal,
A_n475_068_a75_204,A,475,0.75,068,17803,17803,1.0,17803.0,0.0,553.3,NA,NA,NA,17803.0,0.0,True,exact,+0.00%,TIE,0.0,5,5,1,optimal,
A_n475_069_a25_205,A,475,0.25,069,14575,14565,4253.7,14575.0,0.07,729.5,NA,NA,NA,14575.0,0.068611,False,<0.5%,-0.07%,GAP,0.0,5,5,1,optimal,
A_n475_069_a50_206,A,475,0.5,069,18283,18283,759.0,18283.0,0.0,440.6,NA,NA,NA,18283.0,0.0,True,exact,+0.00%,TIE,0.0,5,5,1,optimal,
A_n475_069_a75_207,A,475,0.75,069,18651,18651,1.0,18651.0,0.0,441.8,NA,NA,NA,18651.0,0.0,True,exact,+0.00%,TIE,0.0,5,5,1,optimal,
A_n475_070_a25_208,A,475,0.25,070,14964,14964,1065.1,14964.0,0.0,500.4,NA,NA,NA,14964.0,0.0,True,exact,+0.00%,TIE,0.0,5,5,1,optimal,
A_n475_070_a50_209,A,475,0.5,070,18072,18072,556.0,18072.0,0.0,502.0,NA,NA,NA,18072.0,0.0,True,exact,+0.00%,TIE,0.0,5,5,1,optimal,
A_n475_070_a75_210,A,475,0.75,070,18337,18337,26.6,18337.0,0.0,503.3,NA,NA,NA,18337.0,0.0,True,exact,+0.00%,TIE,0.0,5,5,1,optimal,
A_n500_071_a25_211,A,500,0.25,071,13315,13313,4007.6,13315.0,0.02,811.9,NA,NA,NA,13315.0,0.015021,False,<0.5%,-0.02%,GAP,0.0,5,5,1,optimal,
A_n500_071_a50_212,A,500,0.5,071,17376,17374,5568.8,17376.0,0.01,800.2,NA,NA,NA,17376.0,0.01151,False,<0.5%,-0.01%,GAP,0.0,5,5,1,optimal,
A_n500_071_a75_213,A,500,0.75,071,17937,17937,28.9,17937.0,0.0,371.0,NA,NA,NA,17937.0,0.0,True,exact,+0.00%,TIE,0.0,5,5,1,optimal,
A_n500_072_a25_214,A,500,0.25,072,14729,14728,4620.9,14729.0,0.01,1017.6,NA,NA,NA,14729.0,0.006789,False,<0.5%,-0.01%,GAP,0.0,5,5,1,optimal,
A_n500_072_a50_215,A,500,0.5,072,17441,17441,691.9,17441.0,0.0,500.9,NA,NA,NA,17441.0,0.0,True,exact,+0.00%,TIE,0.0,5,5,1,optimal,
A_n500_072_a75_216,A,500,0.75,072,17636,17636,26.0,17636.0,0.0,506.3,NA,NA,NA,17636.0,0.0,True,exact,+0.00%,TIE,0.0,5,5,1,optimal,
A_n500_073_a25_217,A,500,0.25,073,16997,16996,5295.7,16997.0,0.01,1155.1,NA,NA,NA,16997.0,0.005883,False,<0.5%,-0.01%,GAP,0.0,5,5,1,optimal,
A_n500_073_a50_218,A,500,0.5,073,18837,18837,1989.5,18837.0,0.0,637.5,NA,NA,NA,18837.0,0.0,True,exact,+0.00%,TIE,0.0,5,5,1,optimal,
A_n500_073_a75_219,A,500,0.75,073,18909,18909,0.9,18909.0,0.0,526.8,NA,NA,NA,18909.0,0.0,True,exact,+0.00%,TIE,0.0,5,5,1,optimal,
A_n500_074_a25_220,A,500,0.25,074,14976,14966,4048.6,14976.0,0.07,963.9,NA,NA,NA,14976.0,0.066774,False,<0.5%,-0.07%,GAP,0.0,5,5,1,optimal,
A_n500_074_a50_221,A,500,0.5,074,18949,18949,549.9,18949.0,0.0,504.0,NA,NA,NA,18949.0,0.0,True,exact,+0.00%,TIE,0.0,5,5,1,optimal,
A_n500_074_a75_222,A,500,0.75,074,19454,19454,0.9,19454.0,0.0,500.9,NA,NA,NA,19454.0,0.0,True,exact,+0.00%,TIE,0.0,5,5,1,optimal,
A_n500_075_a25_223,A,500,0.25,075,15577,15577,927.1,15577.0,0.0,508.7,NA,NA,NA,15577.0,0.0,True,exact,+0.00%,TIE,0.0,5,5,1,optimal,
A_n500_075_a50_224,A,500,0.5,075,18857,18857,1035.8,18857.0,0.0,506.7,NA,NA,NA,18857.0,0.0,True,exact,+0.00%,TIE,0.0,5,5,1,optimal,
A_n500_075_a75_225,A,500,0.75,075,19034,19034,31.2,19034.0,0.0,507.8,NA,NA,NA,19034.0,0.0,True,exact,+0.00%,TIE,0.0,5,5,1,optimal,
B_n100_001_a25_001,B,100,0.25,001,2142,2142,494.0,2167.2,1.16,4.8,NA,NA,NA,2167.2,1.162791,False,1-2%,+0.00%,TIE,0.0,4,5,1,optimal,WARNING: bpc_n_solved=4 < group_count=5; 1 instance(s) may be Class 3 (no_incumbent)
B_n100_001_a50_002,B,100,0.5,001,3025,3025,978.0,3026.7,0.06,10.1,NA,NA,NA,3026.7,0.056167,False,<0.5%,+0.00%,TIE,0.0,5,5,1,optimal,
B_n100_001_a75_003,B,100,0.75,001,3119,3119,734.0,3119.0,0.0,9.5,NA,NA,NA,3119.0,0.0,True,exact,+0.00%,TIE,0.0,5,5,1,optimal,
B_n100_002_a25_004,B,100,0.25,002,2364,2364,488.0,2409.6,1.89,3.6,NA,NA,NA,2409.6,1.89243,False,1-2%,+0.00%,TIE,0.0,4,5,1,optimal,WARNING: bpc_n_solved=4 < group_count=5; 1 instance(s) may be Class 3 (no_incumbent)
B_n100_002_a50_005,B,100,0.5,002,3173,3173,899.0,3207.2,1.07,4.5,NA,NA,NA,3207.2,1.066351,False,1-2%,+0.00%,TIE,0.0,5,5,1,optimal,
B_n100_002_a75_006,B,100,0.75,002,3329,3329,990.0,3329.0,0.0,0.8,NA,NA,NA,3329.0,0.0,True,exact,+0.00%,TIE,0.0,5,5,1,optimal,
B_n100_003_a25_007,B,100,0.25,003,2312,2312,536.0,2350.9,1.65,2.5,NA,NA,NA,2350.9,1.654685,False,1-2%,+0.00%,TIE,0.0,4,5,1,optimal,WARNING: bpc_n_solved=4 < group_count=5; 1 instance(s) may be Class 3 (no_incumbent)
B_n100_003_a50_008,B,100,0.5,003,3179,3179,610.0,3179.8,0.03,3.1,NA,NA,NA,3179.8,0.025159,False,<0.5%,+0.00%,TIE,0.0,5,5,1,optimal,
B_n100_003_a75_009,B,100,0.75,003,3277,3277,831.0,3277.1,0.0,3.5,NA,NA,NA,3277.1,0.003051,True,exact,+0.00%,TIE,0.0,5,5,1,optimal,
B_n100_004_a25_010,B,100,0.25,004,2831,2831,504.0,2880.0,1.7,2.3,NA,NA,NA,2880.0,1.701389,False,1-2%,+0.00%,TIE,0.0,4,5,1,optimal,WARNING: bpc_n_solved=4 < group_count=5; 1 instance(s) may be Class 3 (no_incumbent)
B_n100_004_a50_011,B,100,0.5,004,4102,4102,599.0,4102.0,0.0,1.9,NA,NA,NA,4102.0,0.0,True,exact,+0.00%,TIE,0.0,5,5,1,optimal,
B_n100_004_a75_012,B,100,0.75,004,4174,4174,895.0,4174.0,0.0,2.2,NA,NA,NA,4174.0,0.0,True,exact,+0.00%,TIE,0.0,5,5,1,optimal,
B_n100_005_a25_013,B,100,0.25,005,2241,2241,466.0,2273.6,1.43,1.9,NA,NA,NA,2273.6,1.433849,False,1-2%,+0.00%,TIE,0.0,4,5,1,optimal,WARNING: bpc_n_solved=4 < group_count=5; 1 instance(s) may be Class 3 (no_incumbent)
B_n100_005_a50_014,B,100,0.5,005,3344,3344,1055.0,3371.3,0.81,1.6,NA,NA,NA,3371.3,0.809777,False,0.5-1%,+0.00%,TIE,0.0,5,5,1,optimal,
B_n100_005_a75_015,B,100,0.75,005,3512,3512,838.0,3512.0,0.0,1.6,NA,NA,NA,3512.0,0.0,True,exact,+0.00%,TIE,0.0,5,5,1,optimal,
B_n110_006_a25_016,B,110,0.25,006,2434,2434,374.0,2497.4,2.54,12.6,2473.0,1.58,34.3,2473.0,1.577032,False,1-2%,+0.00%,TIE,0.0,4,5,1,optimal,WARNING: bpc_n_solved=4 < group_count=5; 1 instance(s) may be Class 3 (no_incumbent)
B_n110_006_a50_017,B,110,0.5,006,3465,3465,779.0,3501.2,1.03,17.5,NA,NA,NA,3501.2,1.033931,False,1-2%,+0.00%,TIE,0.0,5,5,1,optimal,
B_n110_006_a75_018,B,110,0.75,006,3614,3614,841.0,3614.8,0.02,18.0,NA,NA,NA,3614.8,0.022131,False,<0.5%,+0.00%,TIE,0.0,5,5,1,optimal,
B_n110_007_a25_019,B,110,0.25,007,2510,2510,454.0,2551.0,1.61,3.8,NA,NA,NA,2551.0,1.607213,False,1-2%,+0.00%,TIE,0.0,4,5,1,optimal,WARNING: bpc_n_solved=4 < group_count=5; 1 instance(s) may be Class 3 (no_incumbent)
B_n110_007_a50_020,B,110,0.5,007,3603,3602,1021.0,3644.3,1.16,4.4,NA,NA,NA,3644.3,1.160717,False,1-2%,+0.03%,GAP,0.0,5,5,1,optimal,
B_n110_007_a75_021,B,110,0.75,007,3780,3780,1189.0,3780.0,-0.0,1.0,NA,NA,NA,3780.0,0.0,True,exact,+0.00%,TIE,0.0,5,5,1,optimal,
B_n110_008_a25_022,B,110,0.25,008,2531,2531,664.0,2583.9,2.05,2.8,2536.0,0.2,10.6,2536.0,0.197161,False,<0.5%,+0.00%,TIE,0.0,4,5,1,optimal,WARNING: bpc_n_solved=4 < group_count=5; 1 instance(s) may be Class 3 (no_incumbent)
B_n110_008_a50_023,B,110,0.5,008,3700,3700,825.0,3700.7,0.02,5.1,NA,NA,NA,3700.7,0.018915,False,<0.5%,+0.00%,TIE,0.0,5,5,1,optimal,
B_n110_008_a75_024,B,110,0.75,008,3808,3808,1092.0,3808.1,0.0,5.3,NA,NA,NA,3808.1,0.002626,True,exact,+0.00%,TIE,0.0,5,5,1,optimal,
B_n110_009_a25_025,B,110,0.25,009,3221,3221,568.0,3288.8,2.06,3.2,3226.8,0.18,7.7,3226.8,0.179745,False,<0.5%,+0.00%,TIE,0.0,4,5,1,optimal,WARNING: bpc_n_solved=4 < group_count=5; 1 instance(s) may be Class 3 (no_incumbent)
B_n110_009_a50_026,B,110,0.5,009,4524,4524,779.0,4558.0,0.75,3.0,NA,NA,NA,4558.0,0.745941,False,0.5-1%,+0.00%,TIE,0.0,5,5,1,optimal,
B_n110_009_a75_027,B,110,0.75,009,4696,4696,1204.0,4696.0,0.0,4.4,NA,NA,NA,4696.0,0.0,True,exact,+0.00%,TIE,0.0,5,5,1,optimal,
B_n110_010_a25_028,B,110,0.25,010,2549,2549,459.0,2572.5,0.91,2.6,NA,NA,NA,2572.5,0.913508,False,0.5-1%,+0.00%,TIE,0.0,4,5,1,optimal,WARNING: bpc_n_solved=4 < group_count=5; 1 instance(s) may be Class 3 (no_incumbent)
B_n110_010_a50_029,B,110,0.5,010,3674,3674,962.0,3702.2,0.76,3.5,NA,NA,NA,3702.2,0.761709,False,0.5-1%,+0.00%,TIE,0.0,5,5,1,optimal,
B_n110_010_a75_030,B,110,0.75,010,3853,3853,1233.0,3853.0,0.0,3.7,NA,NA,NA,3853.0,0.0,True,exact,+0.00%,TIE,0.0,5,5,1,optimal,
B_n120_011_a25_031,B,120,0.25,011,2526,2526,560.0,2654.1,4.83,27.2,2572.2,1.79,90.4,2572.2,1.796128,False,1-2%,+0.00%,TIE,0.07,4,5,2,incumbent,WARNING: bpc_n_solved=4 < group_count=5; 1 instance(s) may be Class 3 (no_incumbent)
B_n120_011_a50_032,B,120,0.5,011,3899,3898,917.0,3948.1,1.27,38.8,NA,NA,NA,3948.1,1.268965,False,1-2%,+0.03%,GAP,0.0,5,5,1,optimal,
B_n120_011_a75_033,B,120,0.75,011,4074,4074,740.0,4074.4,0.01,26.0,NA,NA,NA,4074.4,0.009817,False,<0.5%,+0.00%,TIE,0.0,5,5,1,optimal,
B_n120_012_a25_034,B,120,0.25,012,2871,2871,633.0,2952.6,2.76,15.7,2885.0,0.48,41.2,2885.0,0.485269,False,<0.5%,+0.00%,TIE,0.07,4,5,2,incumbent,WARNING: bpc_n_solved=4 < group_count=5; 1 instance(s) may be Class 3 (no_incumbent)
B_n120_012_a50_035,B,120,0.5,012,4182,4182,1455.0,4182.5,0.01,13.3,NA,NA,NA,4182.5,0.011955,False,<0.5%,+0.00%,TIE,0.0,5,5,1,optimal,
B_n120_012_a75_036,B,120,0.75,012,4222,4222,915.0,4222.0,0.0,13.1,NA,NA,NA,4222.0,0.0,True,exact,+0.00%,TIE,0.0,5,5,1,optimal,
B_n120_013_a25_037,B,120,0.25,013,2942,2942,665.0,2989.8,1.6,6.5,NA,NA,NA,2989.8,1.598769,False,1-2%,+0.00%,TIE,0.07,4,5,2,incumbent,WARNING: bpc_n_solved=4 < group_count=5; 1 instance(s) may be Class 3 (no_incumbent)
B_n120_013_a50_038,B,120,0.5,013,4064,4063,927.0,4065.7,0.07,5.9,NA,NA,NA,4065.7,0.066409,False,<0.5%,+0.02%,GAP,0.0,5,5,1,optimal,
B_n120_013_a75_039,B,120,0.75,013,4147,4147,611.0,4147.5,0.01,4.6,NA,NA,NA,4147.5,0.012055,False,<0.5%,+0.00%,TIE,0.0,5,5,1,optimal,
B_n120_014_a25_040,B,120,0.25,014,3242,3242,586.0,3401.5,4.69,6.5,3294.1,1.58,18.8,3294.1,1.581616,False,1-2%,+0.00%,TIE,0.07,4,5,2,incumbent,WARNING: bpc_n_solved=4 < group_count=5; 1 instance(s) may be Class 3 (no_incumbent)
B_n120_014_a50_041,B,120,0.5,014,4855,4845,1005.0,4855.6,0.22,6.5,NA,NA,NA,4855.6,0.218305,False,<0.5%,+0.21%,GAP,0.0,5,5,1,optimal,
B_n120_014_a75_042,B,120,0.75,014,5038,5038,610.0,5038.0,0.0,4.8,NA,NA,NA,5038.0,0.0,True,exact,+0.00%,TIE,0.0,5,5,1,optimal,
B_n120_015_a25_043,B,120,0.25,015,2579,2579,591.0,2635.6,2.15,4.8,2583.6,0.18,11.0,2583.6,0.178046,False,<0.5%,+0.00%,TIE,0.07,4,5,2,incumbent,WARNING: bpc_n_solved=4 < group_count=5; 1 instance(s) may be Class 3 (no_incumbent)
B_n120_015_a50_044,B,120,0.5,015,4004,4004,880.0,4004.0,0.0,4.4,NA,NA,NA,4004.0,0.0,True,exact,+0.00%,TIE,0.0,5,5,1,optimal,
B_n120_015_a75_045,B,120,0.75,015,4282,4282,614.0,4282.2,0.0,3.3,NA,NA,NA,4282.2,0.00467,True,exact,+0.00%,TIE,0.0,5,5,1,optimal,
B_n130_016_a25_046,B,130,0.25,016,2744,2744,311.0,2860.3,4.07,17.4,2796.0,1.86,102.6,2796.0,1.8598,False,1-2%,+0.00%,TIE,0.01,4,5,2,incumbent,WARNING: bpc_n_solved=4 < group_count=5; 1 instance(s) may be Class 3 (no_incumbent)
B_n130_016_a50_047,B,130,0.5,016,4157,4156,1708.0,4206.5,1.2,0.4,NA,NA,NA,4206.5,1.200523,False,1-2%,+0.02%,GAP,0.06,3,5,2,incumbent,WARNING: bpc_n_solved=3 < group_count=5; 2 instance(s) may be Class 3 (no_incumbent)
B_n130_016_a75_048,B,130,0.75,016,4216,4333,2327.0,4341.5,0.2,0.5,NA,NA,NA,4341.5,0.195785,False,<0.5%,-2.78%,BEAT,0.61,3,5,2,incumbent,WARNING: bpc_n_solved=3 < group_count=5; 2 instance(s) may be Class 3 (no_incumbent)
B_n130_017_a25_049,B,130,0.25,017,3062,3061,462.0,3128.3,2.15,21.2,3073.6,0.41,85.3,3073.6,0.409943,False,<0.5%,+0.03%,GAP,0.01,4,5,2,incumbent,WARNING: bpc_n_solved=4 < group_count=5; 1 instance(s) may be Class 3 (no_incumbent)
B_n130_017_a50_050,B,130,0.5,017,4594,4593,2085.0,4608.5,0.34,0.6,NA,NA,NA,4608.5,0.336335,False,<0.5%,+0.02%,GAP,0.06,3,5,2,incumbent,WARNING: bpc_n_solved=3 < group_count=5; 2 instance(s) may be Class 3 (no_incumbent)
B_n130_017_a75_051,B,130,0.75,017,4635,4646,3384.0,4646.0,0.0,0.6,NA,NA,NA,4646.0,0.0,True,exact,-0.24%,BEAT,0.61,3,5,2,incumbent,WARNING: bpc_n_solved=3 < group_count=5; 2 instance(s) may be Class 3 (no_incumbent)
B_n130_018_a25_052,B,130,0.25,018,3192,3192,477.0,3237.8,1.41,5.0,NA,NA,NA,3237.8,1.414541,False,1-2%,+0.00%,TIE,0.01,4,5,2,incumbent,WARNING: bpc_n_solved=4 < group_count=5; 1 instance(s) may be Class 3 (no_incumbent)
B_n130_018_a50_053,B,130,0.5,018,4497,4497,3322.0,4513.5,0.37,0.5,NA,NA,NA,4513.5,0.36557,False,<0.5%,+0.00%,TIE,0.06,3,5,2,incumbent,WARNING: bpc_n_solved=3 < group_count=5; 2 instance(s) may be Class 3 (no_incumbent)
B_n130_018_a75_054,B,130,0.75,018,4578,4577,2986.0,4584.0,0.15,0.3,NA,NA,NA,4584.0,0.152705,False,<0.5%,+0.02%,GAP,0.61,3,5,2,incumbent,WARNING: bpc_n_solved=3 < group_count=5; 2 instance(s) may be Class 3 (no_incumbent)
B_n130_019_a25_055,B,130,0.25,019,3359,3359,401.0,3489.5,3.74,4.2,3410.9,1.52,21.7,3410.9,1.521593,False,1-2%,+0.00%,TIE,0.01,4,5,2,incumbent,WARNING: bpc_n_solved=4 < group_count=5; 1 instance(s) may be Class 3 (no_incumbent)
B_n130_019_a50_056,B,130,0.5,019,5093,5083,2670.0,5121.0,0.74,0.2,NA,NA,NA,5121.0,0.742043,False,0.5-1%,+0.20%,GAP,0.06,3,5,2,incumbent,WARNING: bpc_n_solved=3 < group_count=5; 2 instance(s) may be Class 3 (no_incumbent)
B_n130_019_a75_057,B,130,0.75,019,5307,5307,1609.0,5309.0,0.04,0.2,NA,NA,NA,5309.0,0.037672,False,<0.5%,+0.00%,TIE,0.61,3,5,2,incumbent,WARNING: bpc_n_solved=3 < group_count=5; 2 instance(s) may be Class 3 (no_incumbent)
B_n130_020_a25_058,B,130,0.25,020,2680,2680,827.0,2774.4,3.4,4.6,2690.3,0.38,18.8,2690.3,0.382857,False,<0.5%,+0.00%,TIE,0.01,4,5,2,incumbent,WARNING: bpc_n_solved=4 < group_count=5; 1 instance(s) may be Class 3 (no_incumbent)
B_n130_020_a50_059,B,130,0.5,020,4294,4306,1880.0,4327.0,0.49,0.1,NA,NA,NA,4327.0,0.485325,False,<0.5%,-0.28%,BEAT,0.06,3,5,2,incumbent,WARNING: bpc_n_solved=3 < group_count=5; 2 instance(s) may be Class 3 (no_incumbent)
B_n130_020_a75_060,B,130,0.75,020,4597,4596,1994.0,4605.0,0.2,0.1,NA,NA,NA,4605.0,0.19544,False,<0.5%,+0.02%,GAP,0.61,3,5,2,incumbent,WARNING: bpc_n_solved=3 < group_count=5; 2 instance(s) may be Class 3 (no_incumbent)
B_n140_021_a25_061,B,140,0.25,021,3142,3142,1258.0,3272.0,3.97,0.5,3194.7,1.65,128.4,3194.7,1.649607,False,1-2%,+0.00%,TIE,NA,NA,5,4,not_reported,outside paper coverage
B_n140_021_a50_062,B,140,0.5,021,4655,4654,1756.0,4708.5,1.16,0.6,NA,NA,NA,4708.5,1.157481,False,1-2%,+0.02%,GAP,NA,NA,5,4,not_reported,outside paper coverage
B_n140_021_a75_063,B,140,0.75,021,4852,4851,2797.0,4860.5,0.2,0.6,NA,NA,NA,4860.5,0.195453,False,<0.5%,+0.02%,GAP,NA,NA,5,4,not_reported,outside paper coverage
B_n140_022_a25_064,B,140,0.25,022,3392,3391,1224.0,3474.0,2.39,0.6,3395.5,0.13,86.6,3395.5,0.132528,False,<0.5%,+0.03%,GAP,NA,NA,5,4,not_reported,outside paper coverage
B_n140_022_a50_065,B,140,0.5,022,5034,5080,3384.0,5105.0,0.49,0.7,NA,NA,NA,5105.0,0.489716,False,<0.5%,-0.91%,BEAT,NA,NA,5,4,not_reported,outside paper coverage
B_n140_022_a75_066,B,140,0.75,022,5178,5177,4525.0,5178.0,0.02,0.6,NA,NA,NA,5178.0,0.019312,False,<0.5%,+0.02%,GAP,NA,NA,5,4,not_reported,outside paper coverage
B_n140_023_a25_067,B,140,0.25,023,3781,3781,2103.0,3860.5,2.06,0.4,3805.0,0.63,66.1,3805.0,0.630749,False,0.5-1%,+0.00%,TIE,NA,NA,5,4,not_reported,outside paper coverage
B_n140_023_a50_068,B,140,0.5,023,4815,4942,4456.0,4990.0,0.96,0.7,NA,NA,NA,4990.0,0.961924,False,0.5-1%,-2.64%,BEAT,NA,NA,5,4,not_reported,outside paper coverage
B_n140_023_a75_069,B,140,0.75,023,5095,5094,3284.0,5102.0,0.16,0.5,NA,NA,NA,5102.0,0.156801,False,<0.5%,+0.02%,GAP,NA,NA,5,4,not_reported,outside paper coverage
B_n140_024_a25_070,B,140,0.25,024,4264,4264,2528.0,4355.5,2.1,0.5,4315.2,1.19,29.4,4315.2,1.186504,False,1-2%,+0.00%,TIE,NA,NA,5,4,not_reported,outside paper coverage
B_n140_024_a50_071,B,140,0.5,024,5578,5578,2057.0,5612.5,0.61,0.3,NA,NA,NA,5612.5,0.614699,False,0.5-1%,+0.00%,TIE,NA,NA,5,4,not_reported,outside paper coverage
B_n140_024_a75_072,B,140,0.75,024,5663,5663,2417.0,5663.0,0.0,0.3,NA,NA,NA,5663.0,0.0,True,exact,+0.00%,TIE,NA,NA,5,4,not_reported,outside paper coverage
B_n140_025_a25_073,B,140,0.25,025,3331,3262,1284.0,3384.5,3.62,0.3,3343.3,2.43,24.4,3343.3,2.431729,False,>2%,+2.07%,GAP,NA,NA,5,4,not_reported,outside paper coverage
B_n140_025_a50_074,B,140,0.5,025,4639,4639,2001.0,4677.5,0.82,0.2,NA,NA,NA,4677.5,0.823089,False,0.5-1%,+0.00%,TIE,NA,NA,5,4,not_reported,outside paper coverage
B_n140_025_a75_075,B,140,0.75,025,4941,4940,1414.0,4945.5,0.11,0.2,NA,NA,NA,4945.5,0.111212,False,<0.5%,+0.02%,GAP,NA,NA,5,4,not_reported,outside paper coverage
B_n150_026_a25_076,B,150,0.25,026,?,3246,1580.0,3388.0,4.19,0.6,3308.7,1.89,131.6,3308.7,1.895004,False,1-2%,NA,NA,NA,NA,5,4,not_reported,outside paper coverage
B_n150_026_a50_077,B,150,0.5,026,?,4972,2120.0,5031.0,1.17,0.6,NA,NA,NA,5031.0,1.172729,False,1-2%,NA,NA,NA,NA,5,4,not_reported,outside paper coverage
B_n150_026_a75_078,B,150,0.75,026,?,5190,2977.0,5201.0,0.21,0.6,NA,NA,NA,5201.0,0.211498,False,<0.5%,NA,NA,NA,NA,5,4,not_reported,outside paper coverage
B_n150_027_a25_079,B,150,0.25,027,?,3500,1062.0,3590.0,2.51,0.6,3519.1,0.54,93.6,3519.1,0.542752,False,0.5-1%,NA,NA,NA,NA,5,4,not_reported,outside paper coverage
B_n150_027_a50_080,B,150,0.5,027,?,5274,3996.0,5323.5,0.93,0.7,NA,NA,NA,5323.5,0.929839,False,0.5-1%,NA,NA,NA,NA,5,4,not_reported,outside paper coverage
B_n150_027_a75_081,B,150,0.75,027,?,5419,3634.0,5421.5,0.05,0.7,NA,NA,NA,5421.5,0.046113,False,<0.5%,NA,NA,NA,NA,5,4,not_reported,outside paper coverage
B_n150_028_a25_082,B,150,0.25,028,?,3888,2536.0,3965.5,1.95,0.4,NA,NA,NA,3965.5,1.954356,False,1-2%,NA,NA,NA,NA,5,4,not_reported,outside paper coverage
B_n150_028_a50_083,B,150,0.5,028,?,5072,3514.0,5146.0,1.44,0.6,NA,NA,NA,5146.0,1.43801,False,1-2%,NA,NA,NA,NA,5,4,not_reported,outside paper coverage
B_n150_028_a75_084,B,150,0.75,028,?,5330,2901.0,5337.0,0.13,0.6,NA,NA,NA,5337.0,0.13116,False,<0.5%,NA,NA,NA,NA,5,4,not_reported,outside paper coverage
B_n150_029_a25_085,B,150,0.25,029,?,4595,2360.0,4686.5,1.95,0.6,NA,NA,NA,4686.5,1.952417,False,1-2%,NA,NA,NA,NA,5,4,not_reported,outside paper coverage
B_n150_029_a50_086,B,150,0.5,029,?,6099,2477.0,6120.0,0.34,0.4,NA,NA,NA,6120.0,0.343137,False,<0.5%,NA,NA,NA,NA,5,4,not_reported,outside paper coverage
B_n150_029_a75_087,B,150,0.75,029,?,6185,3190.0,6186.0,0.02,0.4,NA,NA,NA,6186.0,0.016166,False,<0.5%,NA,NA,NA,NA,5,4,not_reported,outside paper coverage
B_n150_030_a25_088,B,150,0.25,030,?,3550,1609.0,3596.0,1.28,0.4,NA,NA,NA,3596.0,1.279199,False,1-2%,NA,NA,NA,NA,5,4,not_reported,outside paper coverage
B_n150_030_a50_089,B,150,0.5,030,?,4973,1815.0,5020.5,0.95,0.3,NA,NA,NA,5020.5,0.946121,False,0.5-1%,NA,NA,NA,NA,5,4,not_reported,outside paper coverage
B_n150_030_a75_090,B,150,0.75,030,?,5280,1795.0,5286.5,0.12,0.3,NA,NA,NA,5286.5,0.122955,False,<0.5%,NA,NA,NA,NA,5,4,not_reported,outside paper coverage
C_n050_001_a25_001,C,50,0.25,001,735,735,104.0,738.2,0.44,0.4,NA,NA,NA,738.2,0.433487,False,<0.5%,+0.00%,TIE,NA,NA,5,4,not_reported,outside paper coverage
C_n050_001_a50_002,C,50,0.5,001,1236,1236,302.0,1265.1,2.3,0.7,1236.6,0.05,1.2,1236.6,0.04852,False,<0.5%,+0.00%,TIE,NA,NA,5,4,not_reported,outside paper coverage
C_n050_001_a75_003,C,50,0.75,001,1445,1445,363.0,1446.5,0.1,0.7,NA,NA,NA,1446.5,0.103699,False,<0.5%,+0.00%,TIE,NA,NA,5,4,not_reported,outside paper coverage
C_n050_002_a25_004,C,50,0.25,002,783,783,134.0,784.2,0.15,0.5,NA,NA,NA,784.2,0.153022,False,<0.5%,+0.00%,TIE,NA,NA,5,4,not_reported,outside paper coverage
C_n050_002_a50_005,C,50,0.5,002,1257,1257,335.0,1290.6,2.6,0.4,1257.3,0.03,0.8,1257.3,0.023861,False,<0.5%,+0.00%,TIE,NA,NA,5,4,not_reported,outside paper coverage
C_n050_002_a75_006,C,50,0.75,002,1495,1495,419.0,1495.0,0.0,0.6,NA,NA,NA,1495.0,0.0,True,exact,+0.00%,TIE,NA,NA,5,4,not_reported,outside paper coverage
C_n050_003_a25_007,C,50,0.25,003,994,994,176.0,1012.9,1.87,0.8,NA,NA,NA,1012.9,1.86593,False,1-2%,+0.00%,TIE,NA,NA,5,4,not_reported,outside paper coverage
C_n050_003_a50_008,C,50,0.5,003,1362,1362,439.0,1395.3,2.38,0.9,1363.5,0.11,1.4,1363.5,0.110011,False,<0.5%,+0.00%,TIE,NA,NA,5,4,not_reported,outside paper coverage
C_n050_003_a75_009,C,50,0.75,003,1595,1595,438.0,1595.0,0.0,0.3,NA,NA,NA,1595.0,0.0,True,exact,+0.00%,TIE,NA,NA,5,4,not_reported,outside paper coverage
C_n050_004_a25_010,C,50,0.25,004,1242,1242,124.0,1251.4,0.75,0.6,NA,NA,NA,1251.4,0.751159,False,0.5-1%,+0.00%,TIE,NA,NA,5,4,not_reported,outside paper coverage
C_n050_004_a50_011,C,50,0.5,004,2016,2016,405.0,2017.6,0.08,0.6,NA,NA,NA,2017.6,0.079302,False,<0.5%,+0.00%,TIE,NA,NA,5,4,not_reported,outside paper coverage
C_n050_004_a75_012,C,50,0.75,004,2062,2062,462.0,2062.0,0.0,0.6,NA,NA,NA,2062.0,0.0,True,exact,+0.00%,TIE,NA,NA,5,4,not_reported,outside paper coverage
C_n050_005_a25_013,C,50,0.25,005,1077,1077,228.0,1082.4,0.5,0.6,NA,NA,NA,1082.4,0.498891,False,<0.5%,+0.00%,TIE,NA,NA,5,4,not_reported,outside paper coverage
C_n050_005_a50_014,C,50,0.5,005,1684,1684,437.0,1684.1,0.01,0.6,NA,NA,NA,1684.1,0.005938,False,<0.5%,+0.00%,TIE,NA,NA,5,4,not_reported,outside paper coverage
C_n050_005_a75_015,C,50,0.75,005,1737,1737,491.0,1737.0,0.0,1.3,NA,NA,NA,1737.0,0.0,True,exact,+0.00%,TIE,NA,NA,5,4,not_reported,outside paper coverage
C_n055_006_a25_016,C,55,0.25,006,975,975,160.0,975.0,0.0,0.8,NA,NA,NA,975.0,0.0,True,exact,+0.00%,TIE,0.0,5,5,1,optimal,
C_n055_006_a50_017,C,55,0.5,006,1540,1540,416.0,1540.0,0.0,0.9,NA,NA,NA,1540.0,0.0,True,exact,+0.00%,TIE,0.0,5,5,1,optimal,
C_n055_006_a75_018,C,55,0.75,006,1589,1589,514.0,1589.5,0.03,1.0,NA,NA,NA,1589.5,0.031456,False,<0.5%,+0.00%,TIE,0.0,5,5,1,optimal,
C_n055_007_a25_019,C,55,0.25,007,804,804,164.0,817.2,1.61,0.7,NA,NA,NA,817.2,1.615272,False,1-2%,+0.00%,TIE,0.0,5,5,1,optimal,
C_n055_007_a50_020,C,55,0.5,007,1368,1368,403.0,1409.3,2.93,0.5,1368.5,0.04,1.1,1368.5,0.036536,False,<0.5%,+0.00%,TIE,0.0,5,5,1,optimal,
C_n055_007_a75_021,C,55,0.75,007,1623,1623,425.0,1623.0,0.0,0.6,NA,NA,NA,1623.0,0.0,True,exact,+0.00%,TIE,0.0,5,5,1,optimal,
C_n055_008_a25_022,C,55,0.25,008,1004,1004,228.0,1017.6,1.33,1.5,NA,NA,NA,1017.6,1.336478,False,1-2%,+0.00%,TIE,0.0,5,5,1,optimal,
C_n055_008_a50_023,C,55,0.5,008,1381,1381,481.0,1413.0,2.26,1.4,1382.3,0.1,2.5,1382.3,0.094046,False,<0.5%,+0.00%,TIE,0.0,5,5,1,optimal,
C_n055_008_a75_024,C,55,0.75,008,1617,1617,454.0,1617.0,0.0,1.8,NA,NA,NA,1617.0,0.0,True,exact,+0.00%,TIE,0.0,5,5,1,optimal,
C_n055_009_a25_025,C,55,0.25,009,1353,1353,185.0,1363.5,0.77,0.6,NA,NA,NA,1363.5,0.770077,False,0.5-1%,+0.00%,TIE,0.0,5,5,1,optimal,
C_n055_009_a50_026,C,55,0.5,009,2225,2225,418.0,2226.6,0.07,0.6,NA,NA,NA,2226.6,0.071858,False,<0.5%,+0.00%,TIE,0.0,5,5,1,optimal,
C_n055_009_a75_027,C,55,0.75,009,2373,2373,513.0,2373.0,0.0,0.6,NA,NA,NA,2373.0,0.0,True,exact,+0.00%,TIE,0.0,5,5,1,optimal,
C_n055_010_a25_028,C,55,0.25,010,1186,1186,285.0,1191.0,0.42,0.7,NA,NA,NA,1191.0,0.419815,False,<0.5%,+0.00%,TIE,0.0,5,5,1,optimal,
C_n055_010_a50_029,C,55,0.5,010,1894,1894,562.0,1916.6,1.18,0.5,NA,NA,NA,1916.6,1.179171,False,1-2%,+0.00%,TIE,0.0,5,5,1,optimal,
C_n055_010_a75_030,C,55,0.75,010,2048,2048,493.0,2048.0,0.0,0.7,NA,NA,NA,2048.0,0.0,True,exact,+0.00%,TIE,0.0,5,5,1,optimal,
C_n060_011_a25_031,C,60,0.25,011,1212,1212,220.0,1220.5,0.7,1.0,NA,NA,NA,1220.5,0.696436,False,0.5-1%,+0.00%,TIE,0.0,5,5,1,optimal,
C_n060_011_a50_032,C,60,0.5,011,1664,1664,542.0,1665.7,0.1,1.2,NA,NA,NA,1665.7,0.102059,False,<0.5%,+0.00%,TIE,0.0,5,5,1,optimal,
C_n060_011_a75_033,C,60,0.75,011,1713,1713,609.0,1713.0,0.0,1.2,NA,NA,NA,1713.0,0.0,True,exact,+0.00%,TIE,0.0,5,5,1,optimal,
C_n060_012_a25_034,C,60,0.25,012,1113,1113,237.0,1141.6,2.51,2.0,1115.8,0.25,3.9,1115.8,0.250941,False,<0.5%,+0.00%,TIE,0.0,5,5,1,optimal,
C_n060_012_a50_035,C,60,0.5,012,1731,1731,630.0,1731.4,0.02,2.1,NA,NA,NA,1731.4,0.023103,False,<0.5%,+0.00%,TIE,0.0,5,5,1,optimal,
C_n060_012_a75_036,C,60,0.75,012,1759,1759,639.0,1759.0,0.0,0.4,NA,NA,NA,1759.0,0.0,True,exact,+0.00%,TIE,0.0,5,5,1,optimal,
C_n060_013_a25_037,C,60,0.25,013,1294,1294,269.0,1327.9,2.55,1.4,1294.2,0.01,3.1,1294.2,0.015454,False,<0.5%,+0.00%,TIE,0.0,5,5,1,optimal,
C_n060_013_a50_038,C,60,0.5,013,1784,1784,579.0,1823.9,2.19,1.7,1786.1,0.12,4.0,1786.1,0.117575,False,<0.5%,+0.00%,TIE,0.0,5,5,1,optimal,
C_n060_013_a75_039,C,60,0.75,013,2019,2019,471.0,2019.0,0.0,2.7,NA,NA,NA,2019.0,0.0,True,exact,+0.00%,TIE,0.0,5,5,1,optimal,
C_n060_014_a25_040,C,60,0.25,014,1544,1544,223.0,1559.3,0.98,0.8,NA,NA,NA,1559.3,0.98121,False,0.5-1%,+0.00%,TIE,0.0,5,5,1,optimal,
C_n060_014_a50_041,C,60,0.5,014,2341,2341,530.0,2352.2,0.48,0.8,NA,NA,NA,2352.2,0.47615,False,<0.5%,+0.00%,TIE,0.0,5,5,1,optimal,
C_n060_014_a75_042,C,60,0.75,014,2476,2476,844.0,2476.0,0.0,1.9,NA,NA,NA,2476.0,0.0,True,exact,+0.00%,TIE,0.0,5,5,1,optimal,
C_n060_015_a25_043,C,60,0.25,015,1466,1466,296.0,1475.3,0.63,0.4,NA,NA,NA,1475.3,0.63038,False,0.5-1%,+0.00%,TIE,0.0,5,5,1,optimal,
C_n060_015_a50_044,C,60,0.5,015,2123,2123,585.0,2123.6,0.03,0.9,NA,NA,NA,2123.6,0.028254,False,<0.5%,+0.00%,TIE,0.0,5,5,1,optimal,
C_n060_015_a75_045,C,60,0.75,015,2190,2189,387.0,2190.0,0.05,0.3,NA,NA,NA,2190.0,0.045662,False,<0.5%,+0.05%,GAP,0.0,5,5,1,optimal,
C_n065_016_a25_046,C,65,0.25,016,1312,1312,268.0,1319.1,0.54,2.0,NA,NA,NA,1319.1,0.538246,False,0.5-1%,+0.00%,TIE,0.0,5,5,1,optimal,
C_n065_016_a50_047,C,65,0.5,016,1863,1863,565.0,1864.4,0.08,1.8,NA,NA,NA,1864.4,0.075091,False,<0.5%,+0.00%,TIE,0.01,4,5,2,incumbent,WARNING: bpc_n_solved=4 < group_count=5; 1 instance(s) may be Class 3 (no_incumbent)
C_n065_016_a75_048,C,65,0.75,016,1924,1923,656.0,1924.0,0.05,2.0,NA,NA,NA,1924.0,0.051975,False,<0.5%,+0.05%,GAP,0.0,5,5,1,optimal,
C_n065_017_a25_049,C,65,0.25,017,1302,1294,271.0,1324.4,2.3,2.3,1303.8,0.75,4.4,1303.8,0.751649,False,0.5-1%,+0.61%,GAP,0.0,5,5,1,optimal,
C_n065_017_a50_050,C,65,0.5,017,1930,1930,700.0,1931.0,0.05,2.2,NA,NA,NA,1931.0,0.051787,False,<0.5%,+0.00%,TIE,0.01,4,5,2,incumbent,WARNING: bpc_n_solved=4 < group_count=5; 1 instance(s) may be Class 3 (no_incumbent)
C_n065_017_a75_051,C,65,0.75,017,1971,1971,534.0,1971.0,-0.0,0.5,NA,NA,NA,1971.0,0.0,True,exact,+0.00%,TIE,0.0,5,5,1,optimal,
C_n065_018_a25_052,C,65,0.25,018,1386,1386,254.0,1414.5,2.01,2.5,1386.0,0.0,3.9,1386.0,0.0,True,exact,+0.00%,TIE,0.0,5,5,1,optimal,
C_n065_018_a50_053,C,65,0.5,018,1905,1905,757.0,1951.7,2.39,2.4,1908.4,0.18,5.4,1908.4,0.17816,False,<0.5%,+0.00%,TIE,0.01,4,5,2,incumbent,WARNING: bpc_n_solved=4 < group_count=5; 1 instance(s) may be Class 3 (no_incumbent)
C_n065_018_a75_054,C,65,0.75,018,2146,2146,471.0,2146.0,0.0,2.9,NA,NA,NA,2146.0,0.0,True,exact,+0.00%,TIE,0.0,5,5,1,optimal,
C_n065_019_a25_055,C,65,0.25,019,1864,1864,357.0,1887.4,1.24,1.2,NA,NA,NA,1887.4,1.239801,False,1-2%,+0.00%,TIE,0.0,5,5,1,optimal,
C_n065_019_a50_056,C,65,0.5,019,2464,2464,792.0,2477.9,0.56,1.4,NA,NA,NA,2477.9,0.560959,False,0.5-1%,+0.00%,TIE,0.01,4,5,2,incumbent,WARNING: bpc_n_solved=4 < group_count=5; 1 instance(s) may be Class 3 (no_incumbent)
C_n065_019_a75_057,C,65,0.75,019,2600,2600,678.0,2600.0,0.0,1.6,NA,NA,NA,2600.0,0.0,True,exact,+0.00%,TIE,0.0,5,5,1,optimal,
C_n065_020_a25_058,C,65,0.25,020,1566,1566,345.0,1577.7,0.74,1.6,NA,NA,NA,1577.7,0.741586,False,0.5-1%,+0.00%,TIE,0.0,5,5,1,optimal,
C_n065_020_a50_059,C,65,0.5,020,2323,2323,722.0,2353.2,1.28,1.8,NA,NA,NA,2353.2,1.283359,False,1-2%,+0.00%,TIE,0.01,4,5,2,incumbent,WARNING: bpc_n_solved=4 < group_count=5; 1 instance(s) may be Class 3 (no_incumbent)
C_n065_020_a75_060,C,65,0.75,020,2489,2489,496.0,2489.0,0.0,2.1,NA,NA,NA,2489.0,0.0,True,exact,+0.00%,TIE,0.0,5,5,1,optimal,
C_n070_021_a25_061,C,70,0.25,021,1314,1314,262.0,1330.8,1.26,2.2,NA,NA,NA,1330.8,1.262399,False,1-2%,+0.00%,TIE,0.0,5,5,1,optimal,
C_n070_021_a50_062,C,70,0.5,021,1964,1964,767.0,1967.4,0.17,2.9,NA,NA,NA,1967.4,0.172817,False,<0.5%,+0.00%,TIE,0.08,4,5,2,incumbent,WARNING: bpc_n_solved=4 < group_count=5; 1 instance(s) may be Class 3 (no_incumbent)
C_n070_021_a75_063,C,70,0.75,021,2035,2034,615.0,2035.0,0.05,1.9,NA,NA,NA,2035.0,0.04914,False,<0.5%,+0.05%,GAP,0.0,5,5,1,optimal,
C_n070_022_a25_064,C,70,0.25,022,1413,1405,297.0,1449.6,3.08,3.1,1418.2,0.93,9.1,1418.2,0.930757,False,0.5-1%,+0.57%,GAP,0.0,5,5,1,optimal,
C_n070_022_a50_065,C,70,0.5,022,?,2052,698.0,2077.0,1.2,3.2,NA,NA,NA,2077.0,1.203659,False,1-2%,NA,NA,0.08,4,5,2,incumbent,WARNING: bpc_n_solved=4 < group_count=5; 1 instance(s) may be Class 3 (no_incumbent)
C_n070_022_a75_066,C,70,0.75,022,2102,2102,675.0,2102.0,-0.0,0.7,NA,NA,NA,2102.0,0.0,True,exact,+0.00%,TIE,0.0,5,5,1,optimal,
C_n070_023_a25_067,C,70,0.25,023,1628,1628,520.0,1689.3,3.63,4.1,1633.3,0.32,6.7,1633.3,0.324496,False,<0.5%,+0.00%,TIE,0.0,5,5,1,optimal,
C_n070_023_a50_068,C,70,0.5,023,2305,2305,624.0,2306.4,0.06,3.5,NA,NA,NA,2306.4,0.060701,False,<0.5%,+0.00%,TIE,0.08,4,5,2,incumbent,WARNING: bpc_n_solved=4 < group_count=5; 1 instance(s) may be Class 3 (no_incumbent)
C_n070_023_a75_069,C,70,0.75,023,2359,2359,512.0,2359.0,0.0,3.7,NA,NA,NA,2359.0,0.0,True,exact,+0.00%,TIE,0.0,5,5,1,optimal,
C_n070_024_a25_070,C,70,0.25,024,2046,2046,406.0,2073.9,1.35,1.4,NA,NA,NA,2073.9,1.345291,False,1-2%,+0.00%,TIE,0.0,5,5,1,optimal,
C_n070_024_a50_071,C,70,0.5,024,2863,2863,616.0,2869.6,0.23,1.3,NA,NA,NA,2869.6,0.229997,False,<0.5%,+0.00%,TIE,0.08,4,5,2,incumbent,WARNING: bpc_n_solved=4 < group_count=5; 1 instance(s) may be Class 3 (no_incumbent)
C_n070_024_a75_072,C,70,0.75,024,3009,3009,522.0,3009.0,0.0,1.1,NA,NA,NA,3009.0,0.0,True,exact,+0.00%,TIE,0.0,5,5,1,optimal,
C_n070_025_a25_073,C,70,0.25,025,1680,1680,451.0,1703.2,1.36,2.4,NA,NA,NA,1703.2,1.362142,False,1-2%,+0.00%,TIE,0.0,5,5,1,optimal,
C_n070_025_a50_074,C,70,0.5,025,2449,2449,718.0,2494.2,1.81,1.5,NA,NA,NA,2494.2,1.812204,False,1-2%,+0.00%,TIE,0.08,4,5,2,incumbent,WARNING: bpc_n_solved=4 < group_count=5; 1 instance(s) may be Class 3 (no_incumbent)
C_n070_025_a75_075,C,70,0.75,025,2601,2601,415.0,2601.0,0.0,1.8,NA,NA,NA,2601.0,0.0,True,exact,+0.00%,TIE,0.0,5,5,1,optimal,
C_n075_026_a25_076,C,75,0.25,026,?,1316,189.0,1369.0,3.87,1.9,1320.2,0.31,7.9,1320.2,0.318134,False,<0.5%,NA,NA,NA,NA,5,4,not_reported,outside paper coverage
C_n075_026_a50_077,C,75,0.5,026,?,1977,393.0,2014.3,1.85,1.7,NA,NA,NA,2014.3,1.85176,False,1-2%,NA,NA,NA,NA,5,4,not_reported,outside paper coverage
C_n075_026_a75_078,C,75,0.75,026,?,2055,1056.0,2060.0,0.24,4.6,NA,NA,NA,2060.0,0.242718,False,<0.5%,NA,NA,NA,NA,5,4,not_reported,outside paper coverage
C_n075_027_a25_079,C,75,0.25,027,?,1618,311.0,1676.7,3.5,3.6,1618.1,0.01,18.6,1618.1,0.00618,False,<0.5%,NA,NA,NA,NA,5,4,not_reported,outside paper coverage
C_n075_027_a50_080,C,75,0.5,027,?,2184,526.0,2206.0,1.0,3.4,NA,NA,NA,2206.0,0.99728,False,0.5-1%,NA,NA,NA,NA,5,4,not_reported,outside paper coverage
C_n075_027_a75_081,C,75,0.75,027,?,2232,2353.0,2233.0,0.04,8.2,NA,NA,NA,2233.0,0.044783,False,<0.5%,NA,NA,NA,NA,5,4,not_reported,outside paper coverage
C_n075_028_a25_082,C,75,0.25,028,?,1829,376.0,1924.7,4.97,4.5,1834.4,0.29,18.4,1834.4,0.294374,False,<0.5%,NA,NA,NA,NA,5,4,not_reported,outside paper coverage
C_n075_028_a50_083,C,75,0.5,028,?,2538,575.0,2546.3,0.33,3.9,NA,NA,NA,2546.3,0.325963,False,<0.5%,NA,NA,NA,NA,5,4,not_reported,outside paper coverage
C_n075_028_a75_084,C,75,0.75,028,?,2581,2559.0,2583.0,0.08,12.0,NA,NA,NA,2583.0,0.077429,False,<0.5%,NA,NA,NA,NA,5,4,not_reported,outside paper coverage
C_n075_029_a25_085,C,75,0.25,029,?,2168,321.0,2256.7,3.93,1.4,2173.2,0.24,7.1,2173.2,0.239278,False,<0.5%,NA,NA,NA,NA,5,4,not_reported,outside paper coverage
C_n075_029_a50_086,C,75,0.5,029,?,3003,554.0,3022.7,0.65,1.2,NA,NA,NA,3022.7,0.651735,False,0.5-1%,NA,NA,NA,NA,5,4,not_reported,outside paper coverage
C_n075_029_a75_087,C,75,0.75,029,?,3223,1800.0,3223.0,0.0,3.9,NA,NA,NA,3223.0,0.0,True,exact,NA,NA,NA,NA,5,4,not_reported,outside paper coverage
C_n075_030_a25_088,C,75,0.25,030,?,1777,251.0,1824.7,2.61,1.7,1777.6,0.04,9.5,1777.6,0.033753,False,<0.5%,NA,NA,NA,NA,5,4,not_reported,outside paper coverage
C_n075_030_a50_089,C,75,0.5,030,?,2568,1286.0,2605.7,1.45,2.8,NA,NA,NA,2605.7,1.446828,False,1-2%,NA,NA,NA,NA,5,4,not_reported,outside paper coverage
C_n075_030_a75_090,C,75,0.75,030,?,2722,1535.0,2744.7,0.83,4.6,NA,NA,NA,2744.7,0.827048,False,0.5-1%,NA,NA,NA,NA,5,4,not_reported,outside paper coverage
C_n080_031_a25_091,C,80,0.25,031,?,1515,768.0,1592.3,4.86,6.2,1521.1,0.4,8.8,1521.1,0.401026,False,<0.5%,NA,NA,NA,NA,5,4,not_reported,outside paper coverage
C_n080_031_a50_092,C,80,0.5,031,?,2287,563.0,2322.3,1.52,2.3,NA,NA,NA,2322.3,1.520045,False,1-2%,NA,NA,NA,NA,5,4,not_reported,outside paper coverage
C_n080_031_a75_093,C,80,0.75,031,?,2365,393.0,2370.7,0.24,1.3,NA,NA,NA,2370.7,0.240435,False,<0.5%,NA,NA,NA,NA,5,4,not_reported,outside paper coverage
C_n080_032_a25_094,C,80,0.25,032,?,1747,1089.0,1804.0,3.16,12.8,1747.5,0.03,18.7,1747.5,0.028612,False,<0.5%,NA,NA,NA,NA,5,4,not_reported,outside paper coverage
C_n080_032_a50_095,C,80,0.5,032,?,2404,446.0,2431.3,1.12,3.8,NA,NA,NA,2431.3,1.122856,False,1-2%,NA,NA,NA,NA,5,4,not_reported,outside paper coverage
C_n080_032_a75_096,C,80,0.75,032,?,2461,256.0,2463.0,0.08,2.2,NA,NA,NA,2463.0,0.081202,False,<0.5%,NA,NA,NA,NA,5,4,not_reported,outside paper coverage
C_n080_033_a25_097,C,80,0.25,033,?,2029,1096.0,2124.7,4.5,12.1,2034.8,0.29,20.7,2034.8,0.28504,False,<0.5%,NA,NA,NA,NA,5,4,not_reported,outside paper coverage
C_n080_033_a50_098,C,80,0.5,033,?,2748,412.0,2762.0,0.51,2.3,NA,NA,NA,2762.0,0.506879,False,0.5-1%,NA,NA,NA,NA,5,4,not_reported,outside paper coverage
C_n080_033_a75_099,C,80,0.75,033,?,2803,342.0,2804.0,0.04,1.6,NA,NA,NA,2804.0,0.035663,False,<0.5%,NA,NA,NA,NA,5,4,not_reported,outside paper coverage
C_n080_034_a25_100,C,80,0.25,034,?,2268,655.0,2344.3,3.26,5.0,2272.7,0.21,9.6,2272.7,0.206802,False,<0.5%,NA,NA,NA,NA,5,4,not_reported,outside paper coverage
C_n080_034_a50_101,C,80,0.5,034,?,3205,464.0,3235.7,0.95,0.9,NA,NA,NA,3235.7,0.94879,False,0.5-1%,NA,NA,NA,NA,5,4,not_reported,outside paper coverage
C_n080_034_a75_102,C,80,0.75,034,?,3425,379.0,3426.0,0.03,0.7,NA,NA,NA,3426.0,0.029189,False,<0.5%,NA,NA,NA,NA,5,4,not_reported,outside paper coverage
C_n080_035_a25_103,C,80,0.25,035,?,1897,415.0,1937.0,2.07,2.9,1898.9,0.1,9.8,1898.9,0.100058,False,<0.5%,NA,NA,NA,NA,5,4,not_reported,outside paper coverage
C_n080_035_a50_104,C,80,0.5,035,?,2778,508.0,2816.7,1.37,1.5,NA,NA,NA,2816.7,1.373948,False,1-2%,NA,NA,NA,NA,5,4,not_reported,outside paper coverage
C_n080_035_a75_105,C,80,0.75,035,?,2934,305.0,2956.7,0.77,0.8,NA,NA,NA,2956.7,0.767748,False,0.5-1%,NA,NA,NA,NA,5,4,not_reported,outside paper coverage
D_n040_001_a25_001,D,40,0.25,001,715,715,113.0,715.0,0.0,0.4,NA,NA,NA,715.0,0.0,True,exact,+0.00%,TIE,NA,NA,5,4,not_reported,outside paper coverage
D_n040_001_a50_002,D,40,0.5,001,970,970,324.0,985.3,1.55,0.4,NA,NA,NA,985.3,1.552827,False,1-2%,+0.00%,TIE,NA,NA,5,4,not_reported,outside paper coverage
D_n040_001_a75_003,D,40,0.75,001,1203,1203,210.0,1203.0,-0.0,0.1,NA,NA,NA,1203.0,0.0,True,exact,+0.00%,TIE,NA,NA,5,4,not_reported,outside paper coverage
D_n040_002_a25_004,D,40,0.25,002,352,352,56.0,352.0,0.0,0.3,NA,NA,NA,352.0,0.0,True,exact,+0.00%,TIE,NA,NA,5,4,not_reported,outside paper coverage
D_n040_002_a50_005,D,40,0.5,002,894,894,235.0,897.9,0.44,0.3,NA,NA,NA,897.9,0.434347,False,<0.5%,+0.00%,TIE,NA,NA,5,4,not_reported,outside paper coverage
D_n040_002_a75_006,D,40,0.75,002,1137,1137,182.0,1137.0,0.0,0.1,NA,NA,NA,1137.0,0.0,True,exact,+0.00%,TIE,NA,NA,5,4,not_reported,outside paper coverage
D_n040_003_a25_007,D,40,0.25,003,563,563,117.0,569.6,1.17,0.3,NA,NA,NA,569.6,1.158708,False,1-2%,+0.00%,TIE,NA,NA,5,4,not_reported,outside paper coverage
D_n040_003_a50_008,D,40,0.5,003,1023,1023,274.0,1024.6,0.16,0.3,NA,NA,NA,1024.6,0.156159,False,<0.5%,+0.00%,TIE,NA,NA,5,4,not_reported,outside paper coverage
D_n040_003_a75_009,D,40,0.75,003,1149,1149,381.0,1149.0,0.0,0.4,NA,NA,NA,1149.0,0.0,True,exact,+0.00%,TIE,NA,NA,5,4,not_reported,outside paper coverage
D_n040_004_a25_010,D,40,0.25,004,723,723,80.0,738.8,2.14,0.4,723.0,0.0,1.7,723.0,0.0,True,exact,+0.00%,TIE,NA,NA,5,4,not_reported,outside paper coverage
D_n040_004_a50_011,D,40,0.5,004,1374,1374,340.0,1378.3,0.31,0.4,NA,NA,NA,1378.3,0.311979,False,<0.5%,+0.00%,TIE,NA,NA,5,4,not_reported,outside paper coverage
D_n040_004_a75_012,D,40,0.75,004,1537,1537,452.0,1537.0,-0.0,0.1,NA,NA,NA,1537.0,0.0,True,exact,+0.00%,TIE,NA,NA,5,4,not_reported,outside paper coverage
D_n040_005_a25_013,D,40,0.25,005,837,837,191.0,840.4,0.41,0.4,NA,NA,NA,840.4,0.404569,False,<0.5%,+0.00%,TIE,NA,NA,5,4,not_reported,outside paper coverage
D_n040_005_a50_014,D,40,0.5,005,1351,1351,400.0,1392.4,2.97,0.4,1353.3,0.17,1.0,1353.3,0.169955,False,<0.5%,+0.00%,TIE,NA,NA,5,4,not_reported,outside paper coverage
D_n040_005_a75_015,D,40,0.75,005,1467,1467,385.0,1467.0,0.0,0.4,NA,NA,NA,1467.0,0.0,True,exact,+0.00%,TIE,NA,NA,5,4,not_reported,outside paper coverage
D_n045_006_a25_016,D,45,0.25,006,745,745,366.0,748.4,0.46,1.8,NA,NA,NA,748.4,0.454303,False,<0.5%,+0.00%,TIE,0.0,5,5,1,optimal,
D_n045_006_a50_017,D,45,0.5,006,1208,1208,398.0,1208.1,0.01,0.9,NA,NA,NA,1208.1,0.008277,False,<0.5%,+0.00%,TIE,0.0,5,5,1,optimal,
D_n045_006_a75_018,D,45,0.75,006,1245,1245,423.0,1245.0,0.0,1.0,NA,NA,NA,1245.0,0.0,True,exact,+0.00%,TIE,0.0,5,5,1,optimal,
D_n045_007_a25_019,D,45,0.25,007,662,662,282.0,667.5,0.82,1.1,NA,NA,NA,667.5,0.82397,False,0.5-1%,+0.00%,TIE,0.0,5,5,1,optimal,
D_n045_007_a50_020,D,45,0.5,007,1105,1105,242.0,1170.8,5.62,0.3,1113.7,0.78,1.3,1113.7,0.78118,False,0.5-1%,+0.00%,TIE,0.0,5,5,1,optimal,
D_n045_007_a75_021,D,45,0.75,007,1369,1369,408.0,1369.0,0.0,0.4,NA,NA,NA,1369.0,0.0,True,exact,+0.00%,TIE,0.0,5,5,1,optimal,
D_n045_008_a25_022,D,45,0.25,008,953,953,325.0,955.3,0.24,1.3,NA,NA,NA,955.3,0.240762,False,<0.5%,+0.00%,TIE,0.0,5,5,1,optimal,
D_n045_008_a50_023,D,45,0.5,008,1337,1337,382.0,1367.4,2.22,0.5,1338.4,0.11,1.7,1338.4,0.104603,False,<0.5%,+0.00%,TIE,0.0,5,5,1,optimal,
D_n045_008_a75_024,D,45,0.75,008,1483,1483,379.0,1483.0,0.0,0.1,NA,NA,NA,1483.0,0.0,True,exact,+0.00%,TIE,0.0,5,5,1,optimal,
D_n045_009_a25_025,D,45,0.25,009,936,936,354.0,960.0,2.5,1.6,938.2,0.23,2.7,938.2,0.234492,False,<0.5%,+0.00%,TIE,0.0,5,5,1,optimal,
D_n045_009_a50_026,D,45,0.5,009,1528,1528,448.0,1564.3,2.32,0.5,1528.0,0.0,2.1,1528.0,0.0,True,exact,+0.00%,TIE,0.0,5,5,1,optimal,
D_n045_009_a75_027,D,45,0.75,009,1651,1651,451.0,1651.0,0.0,0.9,NA,NA,NA,1651.0,0.0,True,exact,+0.00%,TIE,0.0,5,5,1,optimal,
D_n045_010_a25_028,D,45,0.25,010,957,957,572.0,960.0,0.31,1.2,NA,NA,NA,960.0,0.3125,False,<0.5%,+0.00%,TIE,0.0,5,5,1,optimal,
D_n045_010_a50_029,D,45,0.5,010,1462,1462,503.0,1505.0,2.86,0.4,1464.1,0.15,1.8,1464.1,0.143433,False,<0.5%,+0.00%,TIE,0.0,5,5,1,optimal,
D_n045_010_a75_030,D,45,0.75,010,1613,1613,520.0,1613.0,0.0,0.5,NA,NA,NA,1613.0,0.0,True,exact,+0.00%,TIE,0.0,5,5,1,optimal,
D_n050_011_a25_031,D,50,0.25,011,952,952,206.0,954.3,0.24,1.3,NA,NA,NA,954.3,0.241014,False,<0.5%,+0.00%,TIE,0.0,5,5,1,optimal,
D_n050_011_a50_032,D,50,0.5,011,1418,1418,686.0,1418.2,0.01,1.5,NA,NA,NA,1418.2,0.014102,False,<0.5%,+0.00%,TIE,0.0,5,5,1,optimal,
D_n050_011_a75_033,D,50,0.75,011,1464,1464,947.0,1464.0,0.0,1.8,NA,NA,NA,1464.0,0.0,True,exact,+0.00%,TIE,0.0,5,5,1,optimal,
D_n050_012_a25_034,D,50,0.25,012,753,753,157.0,757.6,0.61,0.7,NA,NA,NA,757.6,0.607181,False,0.5-1%,+0.00%,TIE,0.0,5,5,1,optimal,
D_n050_012_a50_035,D,50,0.5,012,1216,1216,464.0,1269.0,4.17,0.6,1226.0,0.81,1.8,1226.0,0.815661,False,0.5-1%,+0.00%,TIE,0.0,5,5,1,optimal,
D_n050_012_a75_036,D,50,0.75,012,1478,1478,951.0,1480.2,0.15,0.9,NA,NA,NA,1480.2,0.148629,False,<0.5%,+0.00%,TIE,0.0,5,5,1,optimal,
D_n050_013_a25_037,D,50,0.25,013,963,963,162.0,971.3,0.85,0.8,NA,NA,NA,971.3,0.854525,False,0.5-1%,+0.00%,TIE,0.0,5,5,1,optimal,
D_n050_013_a50_038,D,50,0.5,013,1349,1349,691.0,1388.4,2.84,0.9,1352.7,0.27,2.5,1352.7,0.273527,False,<0.5%,+0.00%,TIE,0.0,5,5,1,optimal,
D_n050_013_a75_039,D,50,0.75,013,1593,1593,831.0,1593.0,0.0,1.7,NA,NA,NA,1593.0,0.0,True,exact,+0.00%,TIE,0.0,5,5,1,optimal,
D_n050_014_a25_040,D,50,0.25,014,1136,1136,218.0,1186.2,4.23,1.0,1146.9,0.95,3.0,1146.9,0.950388,False,0.5-1%,+0.00%,TIE,0.0,5,5,1,optimal,
D_n050_014_a50_041,D,50,0.5,014,1809,1809,931.0,1859.6,2.72,1.0,1813.5,0.25,2.7,1813.5,0.248139,False,<0.5%,+0.00%,TIE,0.0,5,5,1,optimal,
D_n050_014_a75_042,D,50,0.75,014,2061,2061,1071.0,2061.0,0.0,2.0,NA,NA,NA,2061.0,0.0,True,exact,+0.00%,TIE,0.0,5,5,1,optimal,
D_n050_015_a25_043,D,50,0.25,015,968,968,257.0,994.6,2.68,0.9,973.6,0.57,3.0,973.6,0.575185,False,0.5-1%,+0.00%,TIE,0.0,5,5,1,optimal,
D_n050_015_a50_044,D,50,0.5,015,1591,1591,696.0,1591.1,0.0,1.2,NA,NA,NA,1591.1,0.006285,False,<0.5%,+0.00%,TIE,0.0,5,5,1,optimal,
D_n050_015_a75_045,D,50,0.75,015,1635,1635,1176.0,1635.0,0.0,1.8,NA,NA,NA,1635.0,0.0,True,exact,+0.00%,TIE,0.0,5,5,1,optimal,
D_n055_016_a25_046,D,55,0.25,016,984,984,443.0,1002.1,1.8,2.6,NA,NA,NA,1002.1,1.806207,False,1-2%,+0.00%,TIE,0.0,5,5,1,optimal,
D_n055_016_a50_047,D,55,0.5,016,1449,1449,1420.0,1450.3,0.09,3.5,NA,NA,NA,1450.3,0.089637,False,<0.5%,+0.00%,TIE,0.0,5,5,1,optimal,
D_n055_016_a75_048,D,55,0.75,016,1491,1490,1029.0,1491.1,0.07,4.1,NA,NA,NA,1491.1,0.073771,False,<0.5%,+0.07%,GAP,0.0,5,5,1,optimal,
D_n055_017_a25_049,D,55,0.25,017,773,773,360.0,777.7,0.6,2.0,NA,NA,NA,777.7,0.604346,False,0.5-1%,+0.00%,TIE,0.0,5,5,1,optimal,
D_n055_017_a50_050,D,55,0.5,017,1337,1337,1141.0,1390.7,3.86,1.7,1346.3,0.69,2.7,1346.3,0.690782,False,0.5-1%,+0.00%,TIE,0.0,5,5,1,optimal,
D_n055_017_a75_051,D,55,0.75,017,1609,1609,1214.0,1611.5,0.15,1.7,NA,NA,NA,1611.5,0.155135,False,<0.5%,+0.00%,TIE,0.0,5,5,1,optimal,
D_n055_018_a25_052,D,55,0.25,018,973,973,359.0,980.1,0.73,2.6,NA,NA,NA,980.1,0.724416,False,0.5-1%,+0.00%,TIE,0.0,5,5,1,optimal,
D_n055_018_a50_053,D,55,0.5,018,1368,1368,1081.0,1402.2,2.44,3.0,1370.8,0.2,5.0,1370.8,0.20426,False,<0.5%,+0.00%,TIE,0.0,5,5,1,optimal,
D_n055_018_a75_054,D,55,0.75,018,1614,1614,1470.0,1614.1,0.01,3.9,NA,NA,NA,1614.1,0.006195,False,<0.5%,+0.00%,TIE,0.0,5,5,1,optimal,
D_n055_019_a25_055,D,55,0.25,019,1147,1147,513.0,1194.2,3.95,2.2,1161.6,1.26,3.9,1161.6,1.256887,False,1-2%,+0.00%,TIE,0.0,5,5,1,optimal,
D_n055_019_a50_056,D,55,0.5,019,1920,1920,1317.0,1971.7,2.62,1.6,1926.0,0.31,3.4,1926.0,0.311526,False,<0.5%,+0.00%,TIE,0.0,5,5,1,optimal,
D_n055_019_a75_057,D,55,0.75,019,2173,2173,1522.0,2173.0,0.0,3.1,NA,NA,NA,2173.0,0.0,True,exact,+0.00%,TIE,0.0,5,5,1,optimal,
D_n055_020_a25_058,D,55,0.25,020,1157,1157,506.0,1186.8,2.51,1.7,1164.3,0.63,3.4,1164.3,0.626986,False,0.5-1%,+0.00%,TIE,0.0,5,5,1,optimal,
D_n055_020_a50_059,D,55,0.5,020,1891,1891,1391.0,1892.8,0.09,2.9,NA,NA,NA,1892.8,0.095097,False,<0.5%,+0.00%,TIE,0.0,5,5,1,optimal,
D_n055_020_a75_060,D,55,0.75,020,1958,1958,1566.0,1958.0,0.0,3.2,NA,NA,NA,1958.0,0.0,True,exact,+0.00%,TIE,0.0,5,5,1,optimal,
D_n060_021_a25_061,D,60,0.25,021,1084,1084,612.0,1094.4,0.95,5.0,NA,NA,NA,1094.4,0.950292,False,0.5-1%,+0.00%,TIE,0.0,5,5,1,optimal,
D_n060_021_a50_062,D,60,0.5,021,1646,1646,948.0,1647.3,0.08,3.0,NA,NA,NA,1647.3,0.078917,False,<0.5%,+0.00%,TIE,0.11,3,5,2,incumbent,WARNING: bpc_n_solved=3 < group_count=5; 2 instance(s) may be Class 3 (no_incumbent)
D_n060_021_a75_063,D,60,0.75,021,1700,1699,536.0,1700.6,0.1,1.7,NA,NA,NA,1700.6,0.094084,False,<0.5%,+0.06%,GAP,0.12,4,5,2,incumbent,WARNING: bpc_n_solved=4 < group_count=5; 1 instance(s) may be Class 3 (no_incumbent)
D_n060_022_a25_064,D,60,0.25,022,1083,1083,569.0,1148.7,5.72,4.6,1091.1,0.74,10.4,1091.1,0.74237,False,0.5-1%,+0.00%,TIE,0.0,5,5,1,optimal,
D_n060_022_a50_065,D,60,0.5,022,1778,1777,944.0,1853.7,4.14,2.1,1793.4,0.92,9.2,1793.4,0.914464,False,0.5-1%,+0.06%,GAP,0.11,3,5,2,incumbent,WARNING: bpc_n_solved=3 < group_count=5; 2 instance(s) may be Class 3 (no_incumbent)
D_n060_022_a75_066,D,60,0.75,022,1956,1956,683.0,1956.0,0.0,2.0,NA,NA,NA,1956.0,0.0,True,exact,+0.00%,TIE,0.12,4,5,2,incumbent,WARNING: bpc_n_solved=4 < group_count=5; 1 instance(s) may be Class 3 (no_incumbent)
D_n060_023_a25_067,D,60,0.25,023,1263,1263,610.0,1298.9,2.76,2.9,1266.1,0.24,7.0,1266.1,0.244846,False,<0.5%,+0.00%,TIE,0.0,5,5,1,optimal,
D_n060_023_a50_068,D,60,0.5,023,1767,1767,929.0,1813.8,2.58,1.8,1771.1,0.23,8.2,1771.1,0.231495,False,<0.5%,+0.00%,TIE,0.11,3,5,2,incumbent,WARNING: bpc_n_solved=3 < group_count=5; 2 instance(s) may be Class 3 (no_incumbent)
D_n060_023_a75_069,D,60,0.75,023,2004,2015,967.0,2018.0,0.15,1.1,NA,NA,NA,2018.0,0.148662,False,<0.5%,-0.55%,BEAT,0.12,4,5,2,incumbent,WARNING: bpc_n_solved=4 < group_count=5; 1 instance(s) may be Class 3 (no_incumbent)
D_n060_024_a25_070,D,60,0.25,024,1583,1583,918.0,1595.3,0.77,4.4,NA,NA,NA,1595.3,0.771015,False,0.5-1%,+0.00%,TIE,0.0,5,5,1,optimal,
D_n060_024_a50_071,D,60,0.5,024,2249,2249,1946.0,2270.8,0.96,4.9,NA,NA,NA,2270.8,0.960014,False,0.5-1%,+0.00%,TIE,0.11,3,5,2,incumbent,WARNING: bpc_n_solved=3 < group_count=5; 2 instance(s) may be Class 3 (no_incumbent)
D_n060_024_a75_072,D,60,0.75,024,2387,2387,1244.0,2387.0,0.0,4.2,NA,NA,NA,2387.0,0.0,True,exact,+0.00%,TIE,0.12,4,5,2,incumbent,WARNING: bpc_n_solved=4 < group_count=5; 1 instance(s) may be Class 3 (no_incumbent)
D_n060_025_a25_073,D,60,0.25,025,1559,1559,1032.0,1615.6,3.5,6.3,1563.9,0.31,15.1,1563.9,0.313319,False,<0.5%,+0.00%,TIE,0.0,5,5,1,optimal,
D_n060_025_a50_074,D,60,0.5,025,2114,2114,2428.0,2141.0,1.26,6.4,NA,NA,NA,2141.0,1.261093,False,1-2%,+0.00%,TIE,0.11,3,5,2,incumbent,WARNING: bpc_n_solved=3 < group_count=5; 2 instance(s) may be Class 3 (no_incumbent)
D_n060_025_a75_075,D,60,0.75,025,2269,2269,1124.0,2269.0,0.0,3.9,NA,NA,NA,2269.0,0.0,True,exact,+0.00%,TIE,0.12,4,5,2,incumbent,WARNING: bpc_n_solved=4 < group_count=5; 1 instance(s) may be Class 3 (no_incumbent)
D_n065_026_a25_076,D,65,0.25,026,?,1185,288.0,1257.0,5.73,1.9,1186.8,0.16,12.7,1186.8,0.151668,False,<0.5%,NA,NA,NA,NA,5,4,not_reported,outside paper coverage
D_n065_026_a50_077,D,65,0.5,026,?,1848,3828.0,1872.5,1.31,5.8,NA,NA,NA,1872.5,1.308411,False,1-2%,NA,NA,NA,NA,5,4,not_reported,outside paper coverage
D_n065_026_a75_078,D,65,0.75,026,?,1901,1220.0,1910.8,0.51,3.0,NA,NA,NA,1910.8,0.512874,False,0.5-1%,NA,NA,NA,NA,5,4,not_reported,outside paper coverage
D_n065_027_a25_079,D,65,0.25,027,?,1094,202.0,1158.5,5.57,2.1,1103.8,0.89,13.7,1103.8,0.887842,False,0.5-1%,NA,NA,NA,NA,5,4,not_reported,outside paper coverage
D_n065_027_a50_080,D,65,0.5,027,?,1788,2810.0,1907.0,6.24,10.1,1801.2,0.74,12.4,1801.2,0.732845,False,0.5-1%,NA,NA,NA,NA,5,4,not_reported,outside paper coverage
D_n065_027_a75_081,D,65,0.75,027,?,1985,1342.0,1988.2,0.16,2.2,NA,NA,NA,1988.2,0.16095,False,<0.5%,NA,NA,NA,NA,5,4,not_reported,outside paper coverage
D_n065_028_a25_082,D,65,0.25,028,?,1383,266.0,1440.0,3.96,1.7,1388.2,0.37,10.9,1388.2,0.374586,False,<0.5%,NA,NA,NA,NA,5,4,not_reported,outside paper coverage
D_n065_028_a50_083,D,65,0.5,028,?,1971,2567.0,2026.2,2.73,9.6,1971.9,0.05,13.9,1971.9,0.045641,False,<0.5%,NA,NA,NA,NA,5,4,not_reported,outside paper coverage
D_n065_028_a75_084,D,65,0.75,028,?,2146,1276.0,2148.2,0.1,2.1,NA,NA,NA,2148.2,0.102411,False,<0.5%,NA,NA,NA,NA,5,4,not_reported,outside paper coverage
D_n065_029_a25_085,D,65,0.25,029,?,1663,306.0,1736.2,4.22,1.5,1676.8,0.82,8.5,1676.8,0.822996,False,0.5-1%,NA,NA,NA,NA,5,4,not_reported,outside paper coverage
D_n065_029_a50_086,D,65,0.5,029,?,2450,2919.0,2476.0,1.05,6.8,NA,NA,NA,2476.0,1.050081,False,1-2%,NA,NA,NA,NA,5,4,not_reported,outside paper coverage
D_n065_029_a75_087,D,65,0.75,029,?,2598,1248.0,2599.5,0.06,2.1,NA,NA,NA,2599.5,0.057703,False,<0.5%,NA,NA,NA,NA,5,4,not_reported,outside paper coverage
D_n065_030_a25_088,D,65,0.25,030,?,1698,435.0,1782.8,4.75,5.0,1711.9,0.81,40.5,1711.9,0.811963,False,0.5-1%,NA,NA,NA,NA,5,4,not_reported,outside paper coverage
D_n065_030_a50_089,D,65,0.5,030,?,2337,1399.0,2406.0,2.87,9.1,2358.0,0.89,26.2,2358.0,0.890585,False,0.5-1%,NA,NA,NA,NA,5,4,not_reported,outside paper coverage
D_n065_030_a75_090,D,65,0.75,030,?,2506,2242.0,2510.2,0.17,5.2,NA,NA,NA,2510.2,0.167317,False,<0.5%,NA,NA,NA,NA,5,4,not_reported,outside paper coverage
D_n070_031_a25_091,D,70,0.25,031,?,1276,1496.0,1334.8,4.4,13.6,1276.6,0.05,24.8,1276.6,0.047,False,<0.5%,NA,NA,NA,NA,5,4,not_reported,outside paper coverage
D_n070_031_a50_092,D,70,0.5,031,?,1870,1098.0,1898.5,1.5,3.5,NA,NA,NA,1898.5,1.501185,False,1-2%,NA,NA,NA,NA,5,4,not_reported,outside paper coverage
D_n070_031_a75_093,D,70,0.75,031,?,1931,2366.0,1942.0,0.57,5.8,NA,NA,NA,1942.0,0.566426,False,0.5-1%,NA,NA,NA,NA,5,4,not_reported,outside paper coverage
D_n070_032_a25_094,D,70,0.25,032,?,1196,1471.0,1276.0,6.27,15.9,1212.8,1.39,25.4,1212.8,1.385224,False,1-2%,NA,NA,NA,NA,5,4,not_reported,outside paper coverage
D_n070_032_a50_095,D,70,0.5,032,?,1908,1124.0,2021.2,5.6,4.8,1920.2,0.64,20.4,1920.2,0.63535,False,0.5-1%,NA,NA,NA,NA,5,4,not_reported,outside paper coverage
D_n070_032_a75_096,D,70,0.75,032,?,2105,1713.0,2108.0,0.14,7.5,NA,NA,NA,2108.0,0.142315,False,<0.5%,NA,NA,NA,NA,5,4,not_reported,outside paper coverage
D_n070_033_a25_097,D,70,0.25,033,?,1615,1984.0,1690.8,4.48,11.4,1624.0,0.55,18.2,1624.0,0.554187,False,0.5-1%,NA,NA,NA,NA,5,4,not_reported,outside paper coverage
D_n070_033_a50_098,D,70,0.5,033,?,2300,1137.0,2326.2,1.13,3.1,NA,NA,NA,2326.2,1.1263,False,1-2%,NA,NA,NA,NA,5,4,not_reported,outside paper coverage
D_n070_033_a75_099,D,70,0.75,033,?,2350,1988.0,2359.2,0.39,5.7,NA,NA,NA,2359.2,0.389963,False,<0.5%,NA,NA,NA,NA,5,4,not_reported,outside paper coverage
D_n070_034_a25_100,D,70,0.25,034,?,1845,1249.0,1865.0,1.07,9.2,NA,NA,NA,1865.0,1.072386,False,1-2%,NA,NA,NA,NA,5,4,not_reported,outside paper coverage
D_n070_034_a50_101,D,70,0.5,034,?,2738,2511.0,2782.5,1.6,7.6,NA,NA,NA,2782.5,1.599281,False,1-2%,NA,NA,NA,NA,5,4,not_reported,outside paper coverage
D_n070_034_a75_102,D,70,0.75,034,?,2907,1136.0,2910.2,0.11,3.8,NA,NA,NA,2910.2,0.109958,False,<0.5%,NA,NA,NA,NA,5,4,not_reported,outside paper coverage
D_n070_035_a25_103,D,70,0.25,035,?,1701,944.0,1794.5,5.21,12.2,1720.2,1.12,40.2,1720.2,1.116149,False,1-2%,NA,NA,NA,NA,5,4,not_reported,outside paper coverage
D_n070_035_a50_104,D,70,0.5,035,?,2348,5482.0,2433.0,3.49,13.5,2376.0,1.18,27.4,2376.0,1.178451,False,1-2%,NA,NA,NA,NA,5,4,not_reported,outside paper coverage
D_n070_035_a75_105,D,70,0.75,035,?,2528,987.0,2533.0,0.2,6.1,NA,NA,NA,2533.0,0.197394,False,<0.5%,NA,NA,NA,NA,5,4,not_reported,outside paper coverage
D_n075_036_a25_106,D,75,0.25,036,?,1378,1084.0,1477.2,6.72,12.0,1391.1,0.94,36.3,1391.1,0.941701,False,0.5-1%,NA,NA,NA,NA,5,4,not_reported,outside paper coverage
D_n075_036_a50_107,D,75,0.5,036,?,2101,2781.0,2114.5,0.64,7.6,NA,NA,NA,2114.5,0.638449,False,0.5-1%,NA,NA,NA,NA,5,4,not_reported,outside paper coverage
D_n075_036_a75_108,D,75,0.75,036,?,2144,1442.0,2154.5,0.49,5.6,NA,NA,NA,2154.5,0.487352,False,<0.5%,NA,NA,NA,NA,5,4,not_reported,outside paper coverage
D_n075_037_a25_109,D,75,0.25,037,?,1515,1664.0,1588.8,4.64,16.9,1520.4,0.35,50.5,1520.4,0.35517,False,<0.5%,NA,NA,NA,NA,5,4,not_reported,outside paper coverage
D_n075_037_a50_110,D,75,0.5,037,?,2229,2403.0,2282.8,2.35,14.1,2230.3,0.06,46.6,2230.3,0.058288,False,<0.5%,NA,NA,NA,NA,5,4,not_reported,outside paper coverage
D_n075_037_a75_111,D,75,0.75,037,?,2338,1497.0,2340.5,0.11,8.5,NA,NA,NA,2340.5,0.106815,False,<0.5%,NA,NA,NA,NA,5,4,not_reported,outside paper coverage
D_n075_038_a25_112,D,75,0.25,038,?,1815,1727.0,1899.5,4.45,15.3,1823.4,0.46,38.4,1823.4,0.460678,False,<0.5%,NA,NA,NA,NA,5,4,not_reported,outside paper coverage
D_n075_038_a50_113,D,75,0.5,038,?,2522,2691.0,2545.0,0.9,13.3,NA,NA,NA,2545.0,0.903733,False,0.5-1%,NA,NA,NA,NA,5,4,not_reported,outside paper coverage
D_n075_038_a75_114,D,75,0.75,038,?,2579,1618.0,2582.2,0.13,5.4,NA,NA,NA,2582.2,0.123925,False,<0.5%,NA,NA,NA,NA,5,4,not_reported,outside paper coverage
D_n075_039_a25_115,D,75,0.25,039,?,2266,1826.0,2324.8,2.53,8.3,2267.8,0.08,30.2,2267.8,0.079372,False,<0.5%,NA,NA,NA,NA,5,4,not_reported,outside paper coverage
D_n075_039_a50_116,D,75,0.5,039,?,3071,2795.0,3093.0,0.71,11.3,NA,NA,NA,3093.0,0.711284,False,0.5-1%,NA,NA,NA,NA,5,4,not_reported,outside paper coverage
D_n075_039_a75_117,D,75,0.75,039,?,3114,2828.0,3115.5,0.05,4.8,NA,NA,NA,3115.5,0.048146,False,<0.5%,NA,NA,NA,NA,5,4,not_reported,outside paper coverage
D_n075_040_a25_118,D,75,0.25,040,?,1820,1581.0,1932.5,5.82,24.1,1840.2,1.1,78.8,1840.2,1.097707,False,1-2%,NA,NA,NA,NA,5,4,not_reported,outside paper coverage
D_n075_040_a50_119,D,75,0.5,040,?,2568,2838.0,2651.0,3.13,17.0,2590.7,0.88,62.8,2590.7,0.876211,False,0.5-1%,NA,NA,NA,NA,5,4,not_reported,outside paper coverage
D_n075_040_a75_120,D,75,0.75,040,?,2749,2485.0,2754.0,0.18,26.4,NA,NA,NA,2754.0,0.181554,False,<0.5%,NA,NA,NA,NA,5,4,not_reported,outside paper coverage
D_n080_041_a25_121,D,80,0.25,041,?,1725,1675.0,1810.8,4.74,36.0,1726.5,0.09,126.8,1726.5,0.086881,False,<0.5%,NA,NA,NA,NA,5,4,not_reported,outside paper coverage
D_n080_041_a50_122,D,80,0.5,041,?,2231,3921.0,2251.8,0.92,51.2,NA,NA,NA,2251.8,0.923705,False,0.5-1%,NA,NA,NA,NA,5,4,not_reported,outside paper coverage
D_n080_041_a75_123,D,80,0.75,041,?,2269,2110.0,2280.0,0.48,17.1,NA,NA,NA,2280.0,0.482456,False,<0.5%,NA,NA,NA,NA,5,4,not_reported,outside paper coverage
D_n080_042_a25_124,D,80,0.25,042,?,1537,1629.0,1647.2,6.69,30.4,1556.3,1.24,97.5,1556.3,1.240121,False,1-2%,NA,NA,NA,NA,5,4,not_reported,outside paper coverage
D_n080_042_a50_125,D,80,0.5,042,?,2378,2521.0,2421.2,1.79,34.4,NA,NA,NA,2421.2,1.784239,False,1-2%,NA,NA,NA,NA,5,4,not_reported,outside paper coverage
D_n080_042_a75_126,D,80,0.75,042,?,2468,2974.0,2472.0,0.16,21.7,NA,NA,NA,2472.0,0.161812,False,<0.5%,NA,NA,NA,NA,5,4,not_reported,outside paper coverage
D_n080_043_a25_127,D,80,0.25,043,?,2006,1836.0,2095.0,4.25,16.1,2012.5,0.32,43.4,2012.5,0.322981,False,<0.5%,NA,NA,NA,NA,5,4,not_reported,outside paper coverage
D_n080_043_a50_128,D,80,0.5,043,?,2723,3021.0,2761.2,1.39,13.4,NA,NA,NA,2761.2,1.383456,False,1-2%,NA,NA,NA,NA,5,4,not_reported,outside paper coverage
D_n080_043_a75_129,D,80,0.75,043,?,2800,2277.0,2803.2,0.12,7.2,NA,NA,NA,2803.2,0.114155,False,<0.5%,NA,NA,NA,NA,5,4,not_reported,outside paper coverage
D_n080_044_a25_130,D,80,0.25,044,?,2265,1603.0,2343.0,3.33,9.6,2272.5,0.33,47.2,2272.5,0.330033,False,<0.5%,NA,NA,NA,NA,5,4,not_reported,outside paper coverage
D_n080_044_a50_131,D,80,0.5,044,?,3261,2652.0,3286.0,0.76,14.4,NA,NA,NA,3286.0,0.760803,False,0.5-1%,NA,NA,NA,NA,5,4,not_reported,outside paper coverage
D_n080_044_a75_132,D,80,0.75,044,?,3325,3001.0,3326.8,0.05,11.9,NA,NA,NA,3326.8,0.054106,False,<0.5%,NA,NA,NA,NA,5,4,not_reported,outside paper coverage
D_n080_045_a25_133,D,80,0.25,045,?,1910,1564.0,2036.2,6.2,21.4,1933.2,1.2,92.9,1933.2,1.200083,False,1-2%,NA,NA,NA,NA,5,4,not_reported,outside paper coverage
D_n080_045_a50_134,D,80,0.5,045,?,2749,2632.0,2852.0,3.61,19.8,2770.2,0.77,74.6,2770.2,0.765288,False,0.5-1%,NA,NA,NA,NA,5,4,not_reported,outside paper coverage
D_n080_045_a75_135,D,80,0.75,045,?,2952,3256.0,2956.5,0.15,30.2,NA,NA,NA,2956.5,0.152207,False,<0.5%,NA,NA,NA,NA,5,4,not_reported,outside paper coverage
EA_n425_056_a25_166,EA,425,0.25,056,10755,10754,2305.9,10755.0,0.01,324.0,NA,NA,NA,10755.0,0.009298,False,<0.5%,-0.01%,GAP,0.0,5,5,1,optimal,
EA_n425_056_a50_167,EA,425,0.5,056,14911,14911,752.9,14911.0,0.0,177.1,NA,NA,NA,14911.0,0.0,True,exact,+0.00%,TIE,0.0,5,5,1,optimal,
EA_n425_056_a75_168,EA,425,0.75,056,15209,15209,76.7,15209.0,0.0,181.4,NA,NA,NA,15209.0,0.0,True,exact,+0.00%,TIE,0.0,5,5,1,optimal,
EA_n425_057_a25_169,EA,425,0.25,057,11630,11630,2252.0,11630.0,0.0,501.0,NA,NA,NA,11630.0,0.0,True,exact,+0.00%,TIE,0.0,5,5,1,optimal,
EA_n425_057_a50_170,EA,425,0.5,057,14824,14823,3191.0,14824.0,0.01,1006.5,NA,NA,NA,14824.0,0.006746,False,<0.5%,-0.01%,GAP,0.0,5,5,1,optimal,
EA_n425_057_a75_171,EA,425,0.75,057,14978,14978,128.5,14978.0,0.0,503.0,NA,NA,NA,14978.0,0.0,True,exact,+0.00%,TIE,0.0,5,5,1,optimal,
EA_n425_058_a25_172,EA,425,0.25,058,12946,12946,655.1,12946.0,0.0,550.9,NA,NA,NA,12946.0,0.0,True,exact,+0.00%,TIE,0.0,5,5,1,optimal,
EA_n425_058_a50_173,EA,425,0.5,058,15989,15988,2611.1,15989.0,0.01,1035.6,NA,NA,NA,15989.0,0.006254,False,<0.5%,-0.01%,GAP,0.0,5,5,1,optimal,
EA_n425_058_a75_174,EA,425,0.75,058,16098,16098,0.7,16098.0,0.0,527.9,NA,NA,NA,16098.0,0.0,True,exact,+0.00%,TIE,0.0,5,5,1,optimal,
EA_n425_059_a25_175,EA,425,0.25,059,12322,12312,2121.9,12322.0,0.08,283.4,NA,NA,NA,12322.0,0.081156,False,<0.5%,-0.08%,GAP,0.0,5,5,1,optimal,
EA_n425_059_a50_176,EA,425,0.5,059,16493,16492,3048.5,16493.0,0.01,343.8,NA,NA,NA,16493.0,0.006063,False,<0.5%,-0.01%,GAP,0.0,5,5,1,optimal,
EA_n425_059_a75_177,EA,425,0.75,059,16943,16943,11.9,16943.0,0.0,170.1,NA,NA,NA,16943.0,0.0,True,exact,+0.00%,TIE,0.0,5,5,1,optimal,
EA_n425_060_a25_178,EA,425,0.25,060,12474,12474,850.7,12474.0,0.0,264.3,NA,NA,NA,12474.0,0.0,True,exact,+0.00%,TIE,0.0,5,5,1,optimal,
EA_n425_060_a50_179,EA,425,0.5,060,15800,15800,253.2,15800.0,0.0,316.8,NA,NA,NA,15800.0,0.0,True,exact,+0.00%,TIE,0.0,5,5,1,optimal,
EA_n425_060_a75_180,EA,425,0.75,060,15982,15982,13.6,15982.0,0.0,317.9,NA,NA,NA,15982.0,0.0,True,exact,+0.00%,TIE,0.0,5,5,1,optimal,
EA_n450_061_a25_181,EA,450,0.25,061,10974,10971,2188.4,10974.0,0.03,368.9,NA,NA,NA,10974.0,0.027337,False,<0.5%,-0.03%,GAP,0.0,5,5,1,optimal,
EA_n450_061_a50_182,EA,450,0.5,061,15445,15445,296.2,15445.0,0.0,203.4,NA,NA,NA,15445.0,0.0,True,exact,+0.00%,TIE,0.0,5,5,1,optimal,
EA_n450_061_a75_183,EA,450,0.75,061,15886,15886,73.8,15886.0,0.0,207.9,NA,NA,NA,15886.0,0.0,True,exact,+0.00%,TIE,0.0,5,5,1,optimal,
EA_n450_062_a25_184,EA,450,0.25,062,12373,12372,2784.1,12373.0,0.01,1009.2,NA,NA,NA,12373.0,0.008082,False,<0.5%,-0.01%,GAP,0.0,5,5,1,optimal,
EA_n450_062_a50_185,EA,450,0.5,062,15394,15394,456.7,15394.0,0.0,510.7,NA,NA,NA,15394.0,0.0,True,exact,+0.00%,TIE,0.0,5,5,1,optimal,
EA_n450_062_a75_186,EA,450,0.75,062,15577,15577,14.3,15577.0,0.0,503.4,NA,NA,NA,15577.0,0.0,True,exact,+0.00%,TIE,0.0,5,5,1,optimal,
EA_n450_063_a25_187,EA,450,0.25,063,14283,14283,640.6,14283.0,0.0,509.4,NA,NA,NA,14283.0,0.0,True,exact,+0.00%,TIE,0.0,5,5,1,optimal,
EA_n450_063_a50_188,EA,450,0.5,063,16605,16605,2874.1,16605.0,0.0,548.2,NA,NA,NA,16605.0,0.0,True,exact,+0.00%,TIE,0.0,5,5,1,optimal,
EA_n450_063_a75_189,EA,450,0.75,063,16716,16716,0.7,16716.0,0.0,553.5,NA,NA,NA,16716.0,0.0,True,exact,+0.00%,TIE,0.0,5,5,1,optimal,
EA_n450_064_a25_190,EA,450,0.25,064,13146,13146,791.2,13146.0,0.0,157.0,NA,NA,NA,13146.0,0.0,True,exact,+0.00%,TIE,0.0,5,5,1,optimal,
EA_n450_064_a50_191,EA,450,0.5,064,17326,17326,677.4,17326.0,0.0,217.2,NA,NA,NA,17326.0,0.0,True,exact,+0.00%,TIE,0.0,5,5,1,optimal,
EA_n450_064_a75_192,EA,450,0.75,064,17815,17815,21.3,17815.0,0.0,219.6,NA,NA,NA,17815.0,0.0,True,exact,+0.00%,TIE,0.0,5,5,1,optimal,
EA_n450_065_a25_193,EA,450,0.25,065,12894,12894,1989.4,12894.0,0.0,454.2,NA,NA,NA,12894.0,0.0,True,exact,+0.00%,TIE,0.0,5,5,1,optimal,
EA_n450_065_a50_194,EA,450,0.5,065,16853,16853,746.0,16853.0,0.0,504.4,NA,NA,NA,16853.0,0.0,True,exact,+0.00%,TIE,0.0,5,5,1,optimal,
EA_n450_065_a75_195,EA,450,0.75,065,17157,17157,17.0,17157.0,0.0,503.2,NA,NA,NA,17157.0,0.0,True,exact,+0.00%,TIE,0.0,5,5,1,optimal,
EA_n475_066_a25_196,EA,475,0.25,066,11553,11541,2614.6,11553.0,0.1,484.0,NA,NA,NA,11553.0,0.103869,False,<0.5%,-0.10%,GAP,0.0,5,5,1,optimal,
EA_n475_066_a50_197,EA,475,0.5,066,16453,16453,1302.2,16453.0,0.0,262.1,NA,NA,NA,16453.0,0.0,True,exact,+0.00%,TIE,0.0,5,5,1,optimal,
EA_n475_066_a75_198,EA,475,0.75,066,16978,16978,466.5,16978.0,0.0,261.1,NA,NA,NA,16978.0,0.0,True,exact,+0.00%,TIE,0.0,5,5,1,optimal,
EA_n475_067_a25_199,EA,475,0.25,067,12973,12972,3376.5,12973.0,0.01,1015.3,NA,NA,NA,12973.0,0.007708,False,<0.5%,-0.01%,GAP,0.0,5,5,1,optimal,
EA_n475_067_a50_200,EA,475,0.5,067,16514,16514,1232.5,16514.0,0.0,502.9,NA,NA,NA,16514.0,0.0,True,exact,+0.00%,TIE,0.0,5,5,1,optimal,
EA_n475_067_a75_201,EA,475,0.75,067,16745,16745,1.6,16745.0,0.0,506.1,NA,NA,NA,16745.0,0.0,True,exact,+0.00%,TIE,0.0,5,5,1,optimal,
EA_n475_068_a25_202,EA,475,0.25,068,15072,15072,442.9,15072.0,0.0,508.0,NA,NA,NA,15072.0,0.0,True,exact,+0.00%,TIE,0.0,5,5,1,optimal,
EA_n475_068_a50_203,EA,475,0.5,068,17678,17678,868.1,17678.0,0.0,539.6,NA,NA,NA,17678.0,0.0,True,exact,+0.00%,TIE,0.0,5,5,1,optimal,
EA_n475_068_a75_204,EA,475,0.75,068,17803,17803,0.8,17803.0,0.0,548.5,NA,NA,NA,17803.0,0.0,True,exact,+0.00%,TIE,0.0,5,5,1,optimal,
EA_n475_069_a25_205,EA,475,0.25,069,13515,13515,1741.5,13515.0,0.0,253.2,NA,NA,NA,13515.0,0.0,True,exact,+0.00%,TIE,0.0,5,5,1,optimal,
EA_n475_069_a50_206,EA,475,0.5,069,18102,18102,664.3,18102.0,0.0,358.9,NA,NA,NA,18102.0,0.0,True,exact,+0.00%,TIE,0.0,5,5,1,optimal,
EA_n475_069_a75_207,EA,475,0.75,069,18638,18638,979.3,18638.0,0.0,364.1,NA,NA,NA,18638.0,0.0,True,exact,+0.00%,TIE,0.0,5,5,1,optimal,
EA_n475_070_a25_208,EA,475,0.25,070,13497,13497,3490.2,13497.0,0.0,342.0,NA,NA,NA,13497.0,0.0,True,exact,+0.00%,TIE,0.0,5,5,1,optimal,
EA_n475_070_a50_209,EA,475,0.5,070,18006,18006,1188.3,18006.0,0.0,500.7,NA,NA,NA,18006.0,0.0,True,exact,+0.00%,TIE,0.0,5,5,1,optimal,
EA_n475_070_a75_210,EA,475,0.75,070,18332,18332,0.8,18332.0,0.0,500.6,NA,NA,NA,18332.0,0.0,True,exact,+0.00%,TIE,0.0,5,5,1,optimal,
EA_n500_071_a25_211,EA,500,0.25,071,11923,11921,2679.9,11923.0,0.02,693.9,NA,NA,NA,11923.0,0.016774,False,<0.5%,-0.02%,GAP,0.0,5,5,1,optimal,
EA_n500_071_a50_212,EA,500,0.5,071,17282,17282,1109.8,17282.0,0.0,372.2,NA,NA,NA,17282.0,0.0,True,exact,+0.00%,TIE,0.0,5,5,1,optimal,
EA_n500_071_a75_213,EA,500,0.75,071,17931,17931,1.8,17931.0,0.0,374.0,NA,NA,NA,17931.0,0.0,True,exact,+0.00%,TIE,0.0,5,5,1,optimal,
EA_n500_072_a25_214,EA,500,0.25,072,13465,13465,1195.4,13465.0,0.0,500.9,NA,NA,NA,13465.0,0.0,True,exact,+0.00%,TIE,0.0,5,5,1,optimal,
EA_n500_072_a50_215,EA,500,0.5,072,17365,17364,4123.4,17365.0,0.01,1010.0,NA,NA,NA,17365.0,0.005759,False,<0.5%,-0.01%,GAP,0.0,5,5,1,optimal,
EA_n500_072_a75_216,EA,500,0.75,072,17631,17631,19.4,17631.0,0.0,507.7,NA,NA,NA,17631.0,0.0,True,exact,+0.00%,TIE,0.0,5,5,1,optimal,
EA_n500_073_a25_217,EA,500,0.25,073,16485,16485,1344.6,16485.0,0.0,525.4,NA,NA,NA,16485.0,0.0,True,exact,+0.00%,TIE,0.0,5,5,1,optimal,
EA_n500_073_a50_218,EA,500,0.5,073,18833,18833,655.1,18833.0,0.0,524.7,NA,NA,NA,18833.0,0.0,True,exact,+0.00%,TIE,0.0,5,5,1,optimal,
EA_n500_073_a75_219,EA,500,0.75,073,18909,18909,0.8,18909.0,0.0,519.8,NA,NA,NA,18909.0,0.0,True,exact,+0.00%,TIE,0.0,5,5,1,optimal,
EA_n500_074_a25_220,EA,500,0.25,074,14012,14012,1999.6,14012.0,0.0,404.7,NA,NA,NA,14012.0,0.0,True,exact,+0.00%,TIE,0.0,5,5,1,optimal,
EA_n500_074_a50_221,EA,500,0.5,074,18744,18734,3920.1,18744.0,0.05,851.8,NA,NA,NA,18744.0,0.05335,False,<0.5%,-0.05%,GAP,0.0,5,5,1,optimal,
EA_n500_074_a75_222,EA,500,0.75,074,19438,19438,1771.3,19438.0,0.0,502.7,NA,NA,NA,19438.0,0.0,True,exact,+0.00%,TIE,0.0,5,5,1,optimal,
EA_n500_075_a25_223,EA,500,0.25,075,14539,14538,3342.6,14539.0,0.01,1003.0,NA,NA,NA,14539.0,0.006878,False,<0.5%,-0.01%,GAP,0.0,5,5,1,optimal,
EA_n500_075_a50_224,EA,500,0.5,075,18817,18817,1164.4,18817.0,0.0,501.4,NA,NA,NA,18817.0,0.0,True,exact,+0.00%,TIE,0.0,5,5,1,optimal,
EA_n500_075_a75_225,EA,500,0.75,075,19032,19032,5.1,19032.0,0.0,502.2,NA,NA,NA,19032.0,0.0,True,exact,+0.00%,TIE,0.0,5,5,1,optimal,
EB_n100_001_a25_001,EB,100,0.25,001,1609,1609,303.0,1629.5,1.26,5.4,NA,NA,NA,1629.5,1.258055,False,1-2%,+0.00%,TIE,0.0,5,5,1,optimal,
EB_n100_001_a50_002,EB,100,0.5,001,2822,2822,909.0,2871.7,1.73,8.5,NA,NA,NA,2871.7,1.730682,False,1-2%,+0.00%,TIE,0.0,4,5,1,optimal,WARNING: bpc_n_solved=4 < group_count=5; 1 instance(s) may be Class 3 (no_incumbent)
EB_n100_001_a75_003,EB,100,0.75,001,3115,3114,783.0,3115.0,0.03,9.3,NA,NA,NA,3115.0,0.032103,False,<0.5%,+0.03%,GAP,0.0,5,5,1,optimal,
EB_n100_002_a25_004,EB,100,0.25,002,1859,1859,560.0,1927.9,3.57,5.2,1863.1,0.22,11.4,1863.1,0.220063,False,<0.5%,+0.00%,TIE,0.0,5,5,1,optimal,
EB_n100_002_a50_005,EB,100,0.5,002,3052,3052,627.0,3105.7,1.73,4.9,NA,NA,NA,3105.7,1.729079,False,1-2%,+0.00%,TIE,0.0,4,5,1,optimal,WARNING: bpc_n_solved=4 < group_count=5; 1 instance(s) may be Class 3 (no_incumbent)
EB_n100_002_a75_006,EB,100,0.75,002,3327,3327,905.0,3327.0,0.0,3.3,NA,NA,NA,3327.0,0.0,True,exact,+0.00%,TIE,0.0,5,5,1,optimal,
EB_n100_003_a25_007,EB,100,0.25,003,1616,1616,324.0,1679.9,3.8,2.1,1618.8,0.17,6.3,1618.8,0.172968,False,<0.5%,+0.00%,TIE,0.0,5,5,1,optimal,
EB_n100_003_a50_008,EB,100,0.5,003,2947,2947,802.0,2984.2,1.25,2.7,NA,NA,NA,2984.2,1.246565,False,1-2%,+0.00%,TIE,0.0,4,5,1,optimal,WARNING: bpc_n_solved=4 < group_count=5; 1 instance(s) may be Class 3 (no_incumbent)
EB_n100_003_a75_009,EB,100,0.75,003,3277,3277,965.0,3277.0,0.0,3.6,NA,NA,NA,3277.0,0.0,True,exact,+0.00%,TIE,0.0,5,5,1,optimal,
EB_n100_004_a25_010,EB,100,0.25,004,2417,2417,497.0,2462.7,1.86,1.9,NA,NA,NA,2462.7,1.855687,False,1-2%,+0.00%,TIE,0.0,5,5,1,optimal,
EB_n100_004_a50_011,EB,100,0.5,004,3719,3719,644.0,3775.6,1.5,1.9,NA,NA,NA,3775.6,1.499099,False,1-2%,+0.00%,TIE,0.0,4,5,1,optimal,WARNING: bpc_n_solved=4 < group_count=5; 1 instance(s) may be Class 3 (no_incumbent)
EB_n100_004_a75_012,EB,100,0.75,004,4170,4170,732.0,4170.0,0.0,1.8,NA,NA,NA,4170.0,0.0,True,exact,+0.00%,TIE,0.0,5,5,1,optimal,
EB_n100_005_a25_013,EB,100,0.25,005,1917,1917,362.0,1933.0,0.83,1.7,NA,NA,NA,1933.0,0.827729,False,0.5-1%,+0.00%,TIE,0.0,5,5,1,optimal,
EB_n100_005_a50_014,EB,100,0.5,005,3310,3310,895.0,3310.1,0.0,1.7,NA,NA,NA,3310.1,0.003021,True,exact,+0.00%,TIE,0.0,4,5,1,optimal,WARNING: bpc_n_solved=4 < group_count=5; 1 instance(s) may be Class 3 (no_incumbent)
EB_n100_005_a75_015,EB,100,0.75,005,3501,3501,890.0,3501.0,0.0,1.6,NA,NA,NA,3501.0,0.0,True,exact,+0.00%,TIE,0.0,5,5,1,optimal,
EB_n110_006_a25_016,EB,110,0.25,006,1710,1710,296.0,1789.4,4.44,13.5,1711.8,0.11,44.1,1711.8,0.105152,False,<0.5%,+0.00%,TIE,0.0,5,5,1,optimal,
EB_n110_006_a50_017,EB,110,0.5,006,3252,3252,902.0,3317.8,1.98,16.2,NA,NA,NA,3317.8,1.983242,False,1-2%,+0.00%,TIE,0.1,2,5,2,incumbent,WARNING: bpc_n_solved=2 < group_count=5; 3 instance(s) may be Class 3 (no_incumbent)
EB_n110_006_a75_018,EB,110,0.75,006,3611,3610,955.0,3613.4,0.09,26.7,NA,NA,NA,3613.4,0.094094,False,<0.5%,+0.03%,GAP,0.0,5,5,1,optimal,
EB_n110_007_a25_019,EB,110,0.25,007,2068,2068,383.0,2139.1,3.32,4.8,2070.3,0.11,11.8,2070.3,0.111095,False,<0.5%,+0.00%,TIE,0.0,5,5,1,optimal,
EB_n110_007_a50_020,EB,110,0.5,007,3461,3461,902.0,3531.5,2.0,4.5,3474.1,0.38,12.9,3474.1,0.377076,False,<0.5%,+0.00%,TIE,0.1,2,5,2,incumbent,WARNING: bpc_n_solved=2 < group_count=5; 3 instance(s) may be Class 3 (no_incumbent)
EB_n110_007_a75_021,EB,110,0.75,007,3778,3778,1227.0,3778.0,0.0,3.8,NA,NA,NA,3778.0,0.0,True,exact,+0.00%,TIE,0.0,5,5,1,optimal,
EB_n110_008_a25_022,EB,110,0.25,008,1825,1825,357.0,1877.3,2.79,2.8,1828.9,0.22,11.4,1828.9,0.213243,False,<0.5%,+0.00%,TIE,0.0,5,5,1,optimal,
EB_n110_008_a50_023,EB,110,0.5,008,3537,3536,993.0,3538.9,0.08,5.2,NA,NA,NA,3538.9,0.081946,False,<0.5%,+0.03%,GAP,0.1,2,5,2,incumbent,WARNING: bpc_n_solved=2 < group_count=5; 3 instance(s) may be Class 3 (no_incumbent)
EB_n110_008_a75_024,EB,110,0.75,008,3808,3808,1036.0,3808.0,0.0,5.0,NA,NA,NA,3808.0,0.0,True,exact,+0.00%,TIE,0.0,5,5,1,optimal,
EB_n110_009_a25_025,EB,110,0.25,009,2697,2697,436.0,2762.0,2.35,3.7,2698.2,0.04,9.4,2698.2,0.044474,False,<0.5%,+0.00%,TIE,0.0,5,5,1,optimal,
EB_n110_009_a50_026,EB,110,0.5,009,4219,4219,1007.0,4283.8,1.51,3.4,NA,NA,NA,4283.8,1.512676,False,1-2%,+0.00%,TIE,0.1,2,5,2,incumbent,WARNING: bpc_n_solved=2 < group_count=5; 3 instance(s) may be Class 3 (no_incumbent)
EB_n110_009_a75_027,EB,110,0.75,009,4693,4693,1039.0,4693.0,0.0,4.1,NA,NA,NA,4693.0,0.0,True,exact,+0.00%,TIE,0.0,5,5,1,optimal,
EB_n110_010_a25_028,EB,110,0.25,010,2128,2128,448.0,2153.5,1.18,3.1,NA,NA,NA,2153.5,1.184119,False,1-2%,+0.00%,TIE,0.0,5,5,1,optimal,
EB_n110_010_a50_029,EB,110,0.5,010,3639,3639,1040.0,3639.5,0.01,3.1,NA,NA,NA,3639.5,0.013738,False,<0.5%,+0.00%,TIE,0.1,2,5,2,incumbent,WARNING: bpc_n_solved=2 < group_count=5; 3 instance(s) may be Class 3 (no_incumbent)
EB_n110_010_a75_030,EB,110,0.75,010,3842,3842,1110.0,3842.0,0.0,3.5,NA,NA,NA,3842.0,0.0,True,exact,+0.00%,TIE,0.0,5,5,1,optimal,
EB_n120_011_a25_031,EB,120,0.25,011,2028,2028,387.0,2114.0,4.07,33.4,2034.7,0.33,102.6,2034.7,0.329287,False,<0.5%,+0.00%,TIE,0.0,5,5,1,optimal,
EB_n120_011_a50_032,EB,120,0.5,011,3865,3864,856.0,3874.6,0.27,31.0,NA,NA,NA,3874.6,0.273577,False,<0.5%,+0.03%,GAP,0.1,3,5,2,incumbent,WARNING: bpc_n_solved=3 < group_count=5; 2 instance(s) may be Class 3 (no_incumbent)
EB_n120_011_a75_033,EB,120,0.75,011,4072,4071,655.0,4072.9,0.05,28.8,NA,NA,NA,4072.9,0.04665,False,<0.5%,+0.02%,GAP,0.0,5,5,1,optimal,
EB_n120_012_a25_034,EB,120,0.25,012,2496,2496,489.0,2532.7,1.45,16.8,NA,NA,NA,2532.7,1.449046,False,1-2%,+0.00%,TIE,0.0,5,5,1,optimal,
EB_n120_012_a50_035,EB,120,0.5,012,4022,4031,1000.0,4083.2,1.28,19.3,NA,NA,NA,4083.2,1.278409,False,1-2%,-0.22%,BEAT,0.1,3,5,2,incumbent,WARNING: bpc_n_solved=3 < group_count=5; 2 instance(s) may be Class 3 (no_incumbent)
EB_n120_012_a75_036,EB,120,0.75,012,4220,4220,1006.0,4220.0,0.0,15.3,NA,NA,NA,4220.0,0.0,True,exact,+0.00%,TIE,0.0,5,5,1,optimal,
EB_n120_013_a25_037,EB,120,0.25,013,2688,2688,485.0,2734.1,1.69,7.1,NA,NA,NA,2734.1,1.686112,False,1-2%,+0.00%,TIE,0.0,5,5,1,optimal,
EB_n120_013_a50_038,EB,120,0.5,013,4040,4039,1298.0,4042.8,0.1,7.5,NA,NA,NA,4042.8,0.093994,False,<0.5%,+0.02%,GAP,0.1,3,5,2,incumbent,WARNING: bpc_n_solved=3 < group_count=5; 2 instance(s) may be Class 3 (no_incumbent)
EB_n120_013_a75_039,EB,120,0.75,013,4147,4147,595.0,4147.1,0.0,6.9,NA,NA,NA,4147.1,0.002411,True,exact,+0.00%,TIE,0.0,5,5,1,optimal,
EB_n120_014_a25_040,EB,120,0.25,014,2707,2707,469.0,2840.5,4.7,6.9,2730.6,0.86,19.0,2730.6,0.864279,False,0.5-1%,+0.00%,TIE,0.0,5,5,1,optimal,
EB_n120_014_a50_041,EB,120,0.5,014,4549,4548,742.0,4599.1,1.11,6.6,NA,NA,NA,4599.1,1.111087,False,1-2%,+0.02%,GAP,0.1,3,5,2,incumbent,WARNING: bpc_n_solved=3 < group_count=5; 2 instance(s) may be Class 3 (no_incumbent)
EB_n120_014_a75_042,EB,120,0.75,014,5034,5034,573.0,5034.2,0.0,6.6,NA,NA,NA,5034.2,0.003973,True,exact,+0.00%,TIE,0.0,5,5,1,optimal,
EB_n120_015_a25_043,EB,120,0.25,015,2247,2247,343.0,2291.0,1.92,4.5,NA,NA,NA,2291.0,1.920559,False,1-2%,+0.00%,TIE,0.0,5,5,1,optimal,
EB_n120_015_a50_044,EB,120,0.5,015,?,3857,672.0,3897.0,1.03,3.4,NA,NA,NA,3897.0,1.026431,False,1-2%,NA,NA,0.1,3,5,2,incumbent,WARNING: bpc_n_solved=3 < group_count=5; 2 instance(s) may be Class 3 (no_incumbent)
EB_n120_015_a75_045,EB,120,0.75,015,4268,4268,740.0,4268.0,0.0,4.2,NA,NA,NA,4268.0,0.0,True,exact,+0.00%,TIE,0.0,5,5,1,optimal,
EB_n130_016_a25_046,EB,130,0.25,016,2237,2237,290.0,2296.2,2.58,21.3,2246.6,0.43,125.8,2246.6,0.427312,False,<0.5%,+0.00%,TIE,0.0,5,5,1,optimal,
EB_n130_016_a50_047,EB,130,0.5,016,4096,4095,517.0,4108.4,0.33,20.7,NA,NA,NA,4108.4,0.326161,False,<0.5%,+0.02%,GAP,0.2,2,5,2,incumbent,WARNING: bpc_n_solved=2 < group_count=5; 3 instance(s) may be Class 3 (no_incumbent)
EB_n130_016_a75_048,EB,130,0.75,016,4308,4329,1667.0,4339.5,0.24,0.6,NA,NA,NA,4339.5,0.241963,False,<0.5%,-0.49%,BEAT,0.2,3,5,2,incumbent,WARNING: bpc_n_solved=3 < group_count=5; 2 instance(s) may be Class 3 (no_incumbent)
EB_n130_017_a25_049,EB,130,0.25,017,2678,2676,276.0,2706.7,1.13,20.9,NA,NA,NA,2706.7,1.134222,False,1-2%,+0.07%,GAP,0.0,5,5,1,optimal,
EB_n130_017_a50_050,EB,130,0.5,017,4402,4420,704.0,4481.7,1.38,18.3,NA,NA,NA,4481.7,1.37671,False,1-2%,-0.41%,BEAT,0.2,2,5,2,incumbent,WARNING: bpc_n_solved=2 < group_count=5; 3 instance(s) may be Class 3 (no_incumbent)
EB_n130_017_a75_051,EB,130,0.75,017,4644,4644,2433.0,4644.0,0.0,0.6,NA,NA,NA,4644.0,0.0,True,exact,+0.00%,TIE,0.2,3,5,2,incumbent,WARNING: bpc_n_solved=3 < group_count=5; 2 instance(s) may be Class 3 (no_incumbent)
EB_n130_018_a25_052,EB,130,0.25,018,3020,3020,310.0,3032.8,0.42,5.1,NA,NA,NA,3032.8,0.422052,False,<0.5%,+0.00%,TIE,0.0,5,5,1,optimal,
EB_n130_018_a50_053,EB,130,0.5,018,4465,4465,546.0,4468.8,0.09,7.4,NA,NA,NA,4468.8,0.085034,False,<0.5%,+0.00%,TIE,0.2,2,5,2,incumbent,WARNING: bpc_n_solved=2 < group_count=5; 3 instance(s) may be Class 3 (no_incumbent)
EB_n130_018_a75_054,EB,130,0.75,018,4559,4577,3410.0,4584.0,0.15,0.4,NA,NA,NA,4584.0,0.152705,False,<0.5%,-0.39%,BEAT,0.2,3,5,2,incumbent,WARNING: bpc_n_solved=3 < group_count=5; 2 instance(s) may be Class 3 (no_incumbent)
EB_n130_019_a25_055,EB,130,0.25,019,2807,2807,266.0,2915.5,3.72,4.6,2826.5,0.69,22.0,2826.5,0.689899,False,0.5-1%,+0.00%,TIE,0.0,5,5,1,optimal,
EB_n130_019_a50_056,EB,130,0.5,019,4769,4769,455.0,4820.5,1.07,3.7,NA,NA,NA,4820.5,1.068354,False,1-2%,+0.00%,TIE,0.2,2,5,2,incumbent,WARNING: bpc_n_solved=2 < group_count=5; 3 instance(s) may be Class 3 (no_incumbent)
EB_n130_019_a75_057,EB,130,0.75,019,5291,5291,1695.0,5300.0,0.17,0.2,NA,NA,NA,5300.0,0.169811,False,<0.5%,+0.00%,TIE,0.2,3,5,2,incumbent,WARNING: bpc_n_solved=3 < group_count=5; 2 instance(s) may be Class 3 (no_incumbent)
EB_n130_020_a25_058,EB,130,0.25,020,2348,2348,223.0,2423.0,3.1,3.3,2352.0,0.17,19.1,2352.0,0.170068,False,<0.5%,+0.00%,TIE,0.0,5,5,1,optimal,
EB_n130_020_a50_059,EB,130,0.5,020,4051,4058,883.0,4116.1,1.41,2.8,NA,NA,NA,4116.1,1.41153,False,1-2%,-0.17%,BEAT,0.2,2,5,2,incumbent,WARNING: bpc_n_solved=2 < group_count=5; 3 instance(s) may be Class 3 (no_incumbent)
EB_n130_020_a75_060,EB,130,0.75,020,4584,4584,1934.0,4593.5,0.21,0.2,NA,NA,NA,4593.5,0.206814,False,<0.5%,+0.00%,TIE,0.2,3,5,2,incumbent,WARNING: bpc_n_solved=3 < group_count=5; 2 instance(s) may be Class 3 (no_incumbent)
EB_n140_021_a25_061,EB,140,0.25,021,2538,2538,924.0,2609.0,2.72,0.8,2548.3,0.4,135.8,2548.3,0.404191,False,<0.5%,+0.00%,TIE,NA,NA,5,4,not_reported,outside paper coverage
EB_n140_021_a50_062,EB,140,0.5,021,4493,4490,2564.0,4568.5,1.72,0.8,NA,NA,NA,4568.5,1.718288,False,1-2%,+0.07%,GAP,NA,NA,5,4,not_reported,outside paper coverage
EB_n140_021_a75_063,EB,140,0.75,021,4834,4846,2379.0,4860.0,0.29,0.8,NA,NA,NA,4860.0,0.288066,False,<0.5%,-0.25%,BEAT,NA,NA,5,4,not_reported,outside paper coverage
EB_n140_022_a25_064,EB,140,0.25,022,2767,2766,1027.0,2858.5,3.24,0.6,2794.5,1.02,118.4,2794.5,1.01986,False,1-2%,+0.04%,GAP,NA,NA,5,4,not_reported,outside paper coverage
EB_n140_022_a50_065,EB,140,0.5,022,4503,4898,3926.0,4985.5,1.76,0.6,NA,NA,NA,4985.5,1.75509,False,1-2%,-8.77%,BEAT,NA,NA,5,4,not_reported,outside paper coverage
EB_n140_022_a75_066,EB,140,0.75,022,5175,5171,2938.0,5175.5,0.09,0.6,NA,NA,NA,5175.5,0.086948,False,<0.5%,+0.08%,GAP,NA,NA,5,4,not_reported,outside paper coverage
EB_n140_023_a25_067,EB,140,0.25,023,3339,3339,1397.0,3374.0,1.04,0.4,NA,NA,NA,3374.0,1.037344,False,1-2%,+0.00%,TIE,NA,NA,5,4,not_reported,outside paper coverage
EB_n140_023_a50_068,EB,140,0.5,023,4602,4909,2994.0,4974.5,1.32,0.6,NA,NA,NA,4974.5,1.316715,False,1-2%,-6.67%,BEAT,NA,NA,5,4,not_reported,outside paper coverage
EB_n140_023_a75_069,EB,140,0.75,023,5094,5093,2975.0,5102.0,0.18,0.7,NA,NA,NA,5102.0,0.176401,False,<0.5%,+0.02%,GAP,NA,NA,5,4,not_reported,outside paper coverage
EB_n140_024_a25_070,EB,140,0.25,024,3611,3610,1951.0,3719.5,2.94,0.4,3617.7,0.21,34.8,3617.7,0.212842,False,<0.5%,+0.03%,GAP,NA,NA,5,4,not_reported,outside paper coverage
EB_n140_024_a50_071,EB,140,0.5,024,5034,5515,2401.0,5568.5,0.96,0.3,NA,NA,NA,5568.5,0.960761,False,0.5-1%,-9.56%,BEAT,NA,NA,5,4,not_reported,outside paper coverage
EB_n140_024_a75_072,EB,140,0.75,024,5661,5661,2686.0,5662.5,0.03,0.3,NA,NA,NA,5662.5,0.02649,False,<0.5%,+0.00%,TIE,NA,NA,5,4,not_reported,outside paper coverage
EB_n140_025_a25_073,EB,140,0.25,025,2753,2753,1428.0,2840.0,3.06,0.3,2753.7,0.02,28.9,2753.7,0.02542,False,<0.5%,+0.00%,TIE,NA,NA,5,4,not_reported,outside paper coverage
EB_n140_025_a50_074,EB,140,0.5,025,?,4594,1718.0,4640.0,0.99,0.2,NA,NA,NA,4640.0,0.991379,False,0.5-1%,NA,NA,NA,NA,5,4,not_reported,outside paper coverage
EB_n140_025_a75_075,EB,140,0.75,025,4940,4939,1837.0,4944.0,0.1,0.2,NA,NA,NA,4944.0,0.101133,False,<0.5%,+0.02%,GAP,NA,NA,5,4,not_reported,outside paper coverage
EB_n150_026_a25_076,EB,150,0.25,026,2550,2550,890.0,2632.5,3.13,0.8,2569.2,0.75,122.2,2569.2,0.747314,False,0.5-1%,+0.00%,TIE,NA,NA,5,4,not_reported,outside paper coverage
EB_n150_026_a50_077,EB,150,0.5,026,4811,4810,1991.0,4899.0,1.82,0.7,NA,NA,NA,4899.0,1.816697,False,1-2%,+0.02%,GAP,NA,NA,5,4,not_reported,outside paper coverage
EB_n150_026_a75_078,EB,150,0.75,026,5009,5176,2285.0,5195.0,0.37,0.8,NA,NA,NA,5195.0,0.365736,False,<0.5%,-3.33%,BEAT,NA,NA,5,4,not_reported,outside paper coverage
EB_n150_027_a25_079,EB,150,0.25,027,?,2770,990.0,2871.0,3.52,0.7,2799.7,1.06,88.4,2799.7,1.060828,False,1-2%,NA,NA,NA,NA,5,4,not_reported,outside paper coverage
EB_n150_027_a50_080,EB,150,0.5,027,?,5027,3409.0,5140.0,2.2,0.6,5047.7,0.41,118.9,5047.7,0.410088,False,<0.5%,NA,NA,NA,NA,5,4,not_reported,outside paper coverage
EB_n150_027_a75_081,EB,150,0.75,027,?,5408,2903.0,5414.0,0.11,0.7,NA,NA,NA,5414.0,0.110824,False,<0.5%,NA,NA,NA,NA,5,4,not_reported,outside paper coverage
EB_n150_028_a25_082,EB,150,0.25,028,?,3448,1189.0,3480.0,0.92,0.4,NA,NA,NA,3480.0,0.91954,False,0.5-1%,NA,NA,NA,NA,5,4,not_reported,outside paper coverage
EB_n150_028_a50_083,EB,150,0.5,028,?,5030,3594.0,5128.5,1.92,0.6,NA,NA,NA,5128.5,1.92064,False,1-2%,NA,NA,NA,NA,5,4,not_reported,outside paper coverage
EB_n150_028_a75_084,EB,150,0.75,028,?,5327,4794.0,5337.0,0.19,0.7,NA,NA,NA,5337.0,0.187371,False,<0.5%,NA,NA,NA,NA,5,4,not_reported,outside paper coverage
EB_n150_029_a25_085,EB,150,0.25,029,?,4053,2388.0,4164.5,2.68,0.4,4078.0,0.61,43.7,4078.0,0.613046,False,0.5-1%,NA,NA,NA,NA,5,4,not_reported,outside paper coverage
EB_n150_029_a50_086,EB,150,0.5,029,?,6055,2924.0,6101.5,0.76,0.5,NA,NA,NA,6101.5,0.762108,False,0.5-1%,NA,NA,NA,NA,5,4,not_reported,outside paper coverage
EB_n150_029_a75_087,EB,150,0.75,029,?,6185,3212.0,6186.0,0.02,0.4,NA,NA,NA,6186.0,0.016166,False,<0.5%,NA,NA,NA,NA,5,4,not_reported,outside paper coverage
EB_n150_030_a25_088,EB,150,0.25,030,?,2970,1502.0,3050.0,2.62,0.4,2971.3,0.04,42.0,2971.3,0.043752,False,<0.5%,NA,NA,NA,NA,5,4,not_reported,outside paper coverage
EB_n150_030_a50_089,EB,150,0.5,030,?,4917,2208.0,4963.0,0.93,0.3,NA,NA,NA,4963.0,0.926859,False,0.5-1%,NA,NA,NA,NA,5,4,not_reported,outside paper coverage
EB_n150_030_a75_090,EB,150,0.75,030,?,5278,1581.0,5285.5,0.14,0.2,NA,NA,NA,5285.5,0.141898,False,<0.5%,NA,NA,NA,NA,5,4,not_reported,outside paper coverage
EC_n050_001_a25_001,EC,50,0.25,001,421,421,30.0,421.5,0.12,0.4,NA,NA,NA,421.5,0.118624,False,<0.5%,+0.00%,TIE,NA,NA,5,4,not_reported,outside paper coverage
EC_n050_001_a50_002,EC,50,0.5,001,1103,1103,191.0,1133.6,2.7,0.7,1103.9,0.08,1.8,1103.9,0.081529,False,<0.5%,+0.00%,TIE,NA,NA,5,4,not_reported,outside paper coverage
EC_n050_001_a75_003,EC,50,0.75,001,1444,1444,383.0,1445.0,0.07,0.9,NA,NA,NA,1445.0,0.069204,False,<0.5%,+0.00%,TIE,NA,NA,5,4,not_reported,outside paper coverage
EC_n050_002_a25_004,EC,50,0.25,002,355,355,76.0,355.0,0.0,0.3,NA,NA,NA,355.0,0.0,True,exact,+0.00%,TIE,NA,NA,5,4,not_reported,outside paper coverage
EC_n050_002_a50_005,EC,50,0.5,002,1136,1136,289.0,1143.3,0.64,0.5,NA,NA,NA,1143.3,0.638503,False,0.5-1%,+0.00%,TIE,NA,NA,5,4,not_reported,outside paper coverage
EC_n050_002_a75_006,EC,50,0.75,002,1482,1482,412.0,1482.7,0.05,0.6,NA,NA,NA,1482.7,0.047211,False,<0.5%,+0.00%,TIE,NA,NA,5,4,not_reported,outside paper coverage
EC_n050_003_a25_007,EC,50,0.25,003,773,773,121.0,789.2,2.05,0.9,773.1,0.02,2.4,773.1,0.012935,False,<0.5%,+0.00%,TIE,NA,NA,5,4,not_reported,outside paper coverage
EC_n050_003_a50_008,EC,50,0.5,003,1350,1350,354.0,1369.9,1.46,0.6,NA,NA,NA,1369.9,1.452661,False,1-2%,+0.00%,TIE,NA,NA,5,4,not_reported,outside paper coverage
EC_n050_003_a75_009,EC,50,0.75,003,1584,1584,495.0,1584.0,-0.0,0.6,NA,NA,NA,1584.0,0.0,True,exact,+0.00%,TIE,NA,NA,5,4,not_reported,outside paper coverage
EC_n050_004_a25_010,EC,50,0.25,004,844,844,101.0,856.4,1.45,0.5,NA,NA,NA,856.4,1.447922,False,1-2%,+0.00%,TIE,NA,NA,5,4,not_reported,outside paper coverage
EC_n050_004_a50_011,EC,50,0.5,004,1885,1885,295.0,1895.1,0.53,0.5,NA,NA,NA,1895.1,0.532953,False,0.5-1%,+0.00%,TIE,NA,NA,5,4,not_reported,outside paper coverage
EC_n050_004_a75_012,EC,50,0.75,004,2060,2060,413.0,2060.0,0.0,0.6,NA,NA,NA,2060.0,0.0,True,exact,+0.00%,TIE,NA,NA,5,4,not_reported,outside paper coverage
EC_n050_005_a25_013,EC,50,0.25,005,826,826,128.0,829.1,0.38,0.7,NA,NA,NA,829.1,0.373899,False,<0.5%,+0.00%,TIE,NA,NA,5,4,not_reported,outside paper coverage
EC_n050_005_a50_014,EC,50,0.5,005,1581,1581,359.0,1612.9,1.98,0.6,NA,NA,NA,1612.9,1.977804,False,1-2%,+0.00%,TIE,NA,NA,5,4,not_reported,outside paper coverage
EC_n050_005_a75_015,EC,50,0.75,005,1727,1727,352.0,1727.3,0.02,0.7,NA,NA,NA,1727.3,0.017368,False,<0.5%,+0.00%,TIE,NA,NA,5,4,not_reported,outside paper coverage
EC_n055_006_a25_016,EC,55,0.25,006,634,634,112.0,634.1,0.02,1.0,NA,NA,NA,634.1,0.01577,False,<0.5%,+0.00%,TIE,0.0,5,5,1,optimal,
EC_n055_006_a50_017,EC,55,0.5,006,1508,1508,370.0,1509.4,0.09,1.1,NA,NA,NA,1509.4,0.092752,False,<0.5%,+0.00%,TIE,0.0,5,5,1,optimal,
EC_n055_006_a75_018,EC,55,0.75,006,1587,1587,455.0,1587.5,0.03,0.9,NA,NA,NA,1587.5,0.031496,False,<0.5%,+0.00%,TIE,0.0,4,5,1,optimal,WARNING: bpc_n_solved=4 < group_count=5; 1 instance(s) may be Class 3 (no_incumbent)
EC_n055_007_a25_019,EC,55,0.25,007,375,375,115.0,375.0,0.0,0.6,NA,NA,NA,375.0,0.0,True,exact,+0.00%,TIE,0.0,5,5,1,optimal,
EC_n055_007_a50_020,EC,55,0.5,007,1258,1258,394.0,1266.8,0.69,0.7,NA,NA,NA,1266.8,0.694664,False,0.5-1%,+0.00%,TIE,0.0,5,5,1,optimal,
EC_n055_007_a75_021,EC,55,0.75,007,1612,1612,490.0,1612.7,0.04,0.7,NA,NA,NA,1612.7,0.043405,False,<0.5%,+0.00%,TIE,0.0,4,5,1,optimal,WARNING: bpc_n_solved=4 < group_count=5; 1 instance(s) may be Class 3 (no_incumbent)
EC_n055_008_a25_022,EC,55,0.25,008,773,773,145.0,792.3,2.43,2.0,773.3,0.04,4.9,773.3,0.038795,False,<0.5%,+0.00%,TIE,0.0,5,5,1,optimal,
EC_n055_008_a50_023,EC,55,0.5,008,1360,1360,406.0,1377.6,1.28,1.2,NA,NA,NA,1377.6,1.277584,False,1-2%,+0.00%,TIE,0.0,5,5,1,optimal,
EC_n055_008_a75_024,EC,55,0.75,008,1606,1606,494.0,1606.0,0.0,2.2,NA,NA,NA,1606.0,0.0,True,exact,+0.00%,TIE,0.0,4,5,1,optimal,WARNING: bpc_n_solved=4 < group_count=5; 1 instance(s) may be Class 3 (no_incumbent)
EC_n055_009_a25_025,EC,55,0.25,009,944,944,132.0,957.8,1.45,0.6,NA,NA,NA,957.8,1.440802,False,1-2%,+0.00%,TIE,0.0,5,5,1,optimal,
EC_n055_009_a50_026,EC,55,0.5,009,1996,1996,386.0,2003.4,0.37,0.6,NA,NA,NA,2003.4,0.369372,False,<0.5%,+0.00%,TIE,0.0,5,5,1,optimal,
EC_n055_009_a75_027,EC,55,0.75,009,2370,2370,502.0,2370.0,0.0,0.7,NA,NA,NA,2370.0,0.0,True,exact,+0.00%,TIE,0.0,4,5,1,optimal,WARNING: bpc_n_solved=4 < group_count=5; 1 instance(s) may be Class 3 (no_incumbent)
EC_n055_010_a25_028,EC,55,0.25,010,925,925,124.0,927.4,0.26,0.7,NA,NA,NA,927.4,0.258788,False,<0.5%,+0.00%,TIE,0.0,5,5,1,optimal,
EC_n055_010_a50_029,EC,55,0.5,010,1791,1791,437.0,1823.5,1.78,0.5,NA,NA,NA,1823.5,1.782287,False,1-2%,+0.00%,TIE,0.0,5,5,1,optimal,
EC_n055_010_a75_030,EC,55,0.75,010,2038,2038,457.0,2038.3,0.02,0.7,NA,NA,NA,2038.3,0.014718,False,<0.5%,+0.00%,TIE,0.0,4,5,1,optimal,WARNING: bpc_n_solved=4 < group_count=5; 1 instance(s) may be Class 3 (no_incumbent)
EC_n060_011_a25_031,EC,60,0.25,011,867,867,185.0,883.9,1.91,1.0,NA,NA,NA,883.9,1.911981,False,1-2%,+0.00%,TIE,0.0,5,5,1,optimal,
EC_n060_011_a50_032,EC,60,0.5,011,1662,1662,457.0,1662.6,0.03,1.1,NA,NA,NA,1662.6,0.036088,False,<0.5%,+0.00%,TIE,0.01,5,5,2,incumbent,
EC_n060_011_a75_033,EC,60,0.75,011,1712,1712,604.0,1713.0,0.06,0.4,NA,NA,NA,1713.0,0.058377,False,<0.5%,+0.00%,TIE,0.01,2,5,2,incumbent,WARNING: bpc_n_solved=2 < group_count=5; 3 instance(s) may be Class 3 (no_incumbent)
EC_n060_012_a25_034,EC,60,0.25,012,894,894,183.0,907.3,1.47,1.5,NA,NA,NA,907.3,1.465888,False,1-2%,+0.00%,TIE,0.0,5,5,1,optimal,
EC_n060_012_a50_035,EC,60,0.5,012,1710,1710,532.0,1710.0,-0.0,1.3,NA,NA,NA,1710.0,0.0,True,exact,+0.00%,TIE,0.01,5,5,2,incumbent,
EC_n060_012_a75_036,EC,60,0.75,012,1757,1757,450.0,1757.0,0.0,2.2,NA,NA,NA,1757.0,0.0,True,exact,+0.00%,TIE,0.01,2,5,2,incumbent,WARNING: bpc_n_solved=2 < group_count=5; 3 instance(s) may be Class 3 (no_incumbent)
EC_n060_013_a25_037,EC,60,0.25,013,1082,1082,145.0,1082.0,0.0,1.9,NA,NA,NA,1082.0,0.0,True,exact,+0.00%,TIE,0.0,5,5,1,optimal,
EC_n060_013_a50_038,EC,60,0.5,013,1744,1744,502.0,1765.0,1.19,1.3,NA,NA,NA,1765.0,1.189802,False,1-2%,+0.00%,TIE,0.01,5,5,2,incumbent,
EC_n060_013_a75_039,EC,60,0.75,013,2017,2017,556.0,2017.0,0.0,0.7,NA,NA,NA,2017.0,0.0,True,exact,+0.00%,TIE,0.01,2,5,2,incumbent,WARNING: bpc_n_solved=2 < group_count=5; 3 instance(s) may be Class 3 (no_incumbent)
EC_n060_014_a25_040,EC,60,0.25,014,1037,1037,141.0,1057.5,1.94,0.7,NA,NA,NA,1057.5,1.938534,False,1-2%,+0.00%,TIE,0.0,5,5,1,optimal,
EC_n060_014_a50_041,EC,60,0.5,014,2215,2215,430.0,2240.2,1.12,0.7,NA,NA,NA,2240.2,1.1249,False,1-2%,+0.00%,TIE,0.01,5,5,2,incumbent,
EC_n060_014_a75_042,EC,60,0.75,014,?,2474,489.0,2477.0,0.12,0.7,NA,NA,NA,2477.0,0.121114,False,<0.5%,NA,NA,0.01,2,5,2,incumbent,WARNING: bpc_n_solved=2 < group_count=5; 3 instance(s) may be Class 3 (no_incumbent)
EC_n060_015_a25_043,EC,60,0.25,015,1075,1075,182.0,1084.9,0.91,0.9,NA,NA,NA,1084.9,0.912527,False,0.5-1%,+0.00%,TIE,0.0,5,5,1,optimal,
EC_n060_015_a50_044,EC,60,0.5,015,2102,2102,639.0,2102.0,0.0,1.0,NA,NA,NA,2102.0,0.0,True,exact,+0.00%,TIE,0.01,5,5,2,incumbent,
EC_n060_015_a75_045,EC,60,0.75,015,2187,2187,417.0,2188.5,0.07,1.0,NA,NA,NA,2188.5,0.06854,False,<0.5%,+0.00%,TIE,0.01,2,5,2,incumbent,WARNING: bpc_n_solved=2 < group_count=5; 3 instance(s) may be Class 3 (no_incumbent)
EC_n065_016_a25_046,EC,65,0.25,016,867,867,208.0,886.1,2.15,1.5,867.8,0.1,5.5,867.8,0.092187,False,<0.5%,+0.00%,TIE,0.11,3,5,2,incumbent,WARNING: bpc_n_solved=3 < group_count=5; 2 instance(s) may be Class 3 (no_incumbent)
EC_n065_016_a50_047,EC,65,0.5,016,1853,1853,736.0,1854.0,0.05,1.7,NA,NA,NA,1854.0,0.053937,False,<0.5%,+0.00%,TIE,0.02,5,5,2,incumbent,
EC_n065_016_a75_048,EC,65,0.75,016,1921,1921,461.0,1922.6,0.09,2.1,NA,NA,NA,1922.6,0.083221,False,<0.5%,+0.00%,TIE,0.0,3,5,1,optimal,WARNING: bpc_n_solved=3 < group_count=5; 2 instance(s) may be Class 3 (no_incumbent)
EC_n065_017_a25_049,EC,65,0.25,017,993,993,217.0,1000.8,0.78,2.1,NA,NA,NA,1000.8,0.779376,False,0.5-1%,+0.00%,TIE,0.11,3,5,2,incumbent,WARNING: bpc_n_solved=3 < group_count=5; 2 instance(s) may be Class 3 (no_incumbent)
EC_n065_017_a50_050,EC,65,0.5,017,1900,1900,898.0,1911.4,0.6,2.9,NA,NA,NA,1911.4,0.596421,False,0.5-1%,+0.00%,TIE,0.02,5,5,2,incumbent,
EC_n065_017_a75_051,EC,65,0.75,017,1967,1967,738.0,1968.6,0.08,2.5,NA,NA,NA,1968.6,0.081276,False,<0.5%,+0.00%,TIE,0.0,3,5,1,optimal,WARNING: bpc_n_solved=3 < group_count=5; 2 instance(s) may be Class 3 (no_incumbent)
EC_n065_018_a25_052,EC,65,0.25,018,1183,1183,222.0,1189.9,0.58,2.8,NA,NA,NA,1189.9,0.579881,False,0.5-1%,+0.00%,TIE,0.11,3,5,2,incumbent,WARNING: bpc_n_solved=3 < group_count=5; 2 instance(s) may be Class 3 (no_incumbent)
EC_n065_018_a50_053,EC,65,0.5,018,1883,1883,576.0,1915.7,1.71,2.9,NA,NA,NA,1915.7,1.706948,False,1-2%,+0.00%,TIE,0.02,5,5,2,incumbent,
EC_n065_018_a75_054,EC,65,0.75,018,2146,2146,796.0,2146.0,0.0,3.5,NA,NA,NA,2146.0,0.0,True,exact,+0.00%,TIE,0.0,3,5,1,optimal,WARNING: bpc_n_solved=3 < group_count=5; 2 instance(s) may be Class 3 (no_incumbent)
EC_n065_019_a25_055,EC,65,0.25,019,1372,1372,218.0,1381.4,0.68,1.4,NA,NA,NA,1381.4,0.680469,False,0.5-1%,+0.00%,TIE,0.11,3,5,2,incumbent,WARNING: bpc_n_solved=3 < group_count=5; 2 instance(s) may be Class 3 (no_incumbent)
EC_n065_019_a50_056,EC,65,0.5,019,2352,2352,732.0,2376.3,1.02,0.9,NA,NA,NA,2376.3,1.022598,False,1-2%,+0.00%,TIE,0.02,5,5,2,incumbent,
EC_n065_019_a75_057,EC,65,0.75,019,2599,2598,736.0,2599.0,0.04,1.6,NA,NA,NA,2599.0,0.038476,False,<0.5%,+0.04%,GAP,0.0,3,5,1,optimal,WARNING: bpc_n_solved=3 < group_count=5; 2 instance(s) may be Class 3 (no_incumbent)
EC_n065_020_a25_058,EC,65,0.25,020,1075,1075,222.0,1092.5,1.6,2.1,NA,NA,NA,1092.5,1.601831,False,1-2%,+0.00%,TIE,0.11,3,5,2,incumbent,WARNING: bpc_n_solved=3 < group_count=5; 2 instance(s) may be Class 3 (no_incumbent)
EC_n065_020_a50_059,EC,65,0.5,020,2299,2299,609.0,2301.9,0.13,2.6,NA,NA,NA,2301.9,0.125983,False,<0.5%,+0.00%,TIE,0.02,5,5,2,incumbent,
EC_n065_020_a75_060,EC,65,0.75,020,2487,2487,549.0,2487.0,0.0,1.9,NA,NA,NA,2487.0,0.0,True,exact,+0.00%,TIE,0.0,3,5,1,optimal,WARNING: bpc_n_solved=3 < group_count=5; 2 instance(s) may be Class 3 (no_incumbent)
EC_n070_021_a25_061,EC,70,0.25,021,868,868,211.0,890.5,2.53,1.9,873.2,0.6,6.5,873.2,0.595511,False,0.5-1%,+0.00%,TIE,0.1,4,5,2,incumbent,WARNING: bpc_n_solved=4 < group_count=5; 1 instance(s) may be Class 3 (no_incumbent)
EC_n070_021_a50_062,EC,70,0.5,021,1953,1953,517.0,1956.1,0.16,2.1,NA,NA,NA,1956.1,0.158479,False,<0.5%,+0.00%,TIE,0.01,4,5,2,incumbent,WARNING: bpc_n_solved=4 < group_count=5; 1 instance(s) may be Class 3 (no_incumbent)
EC_n070_021_a75_063,EC,70,0.75,021,2032,2032,774.0,2033.5,0.07,2.8,NA,NA,NA,2033.5,0.073764,False,<0.5%,+0.00%,TIE,0.0,4,5,1,optimal,WARNING: bpc_n_solved=4 < group_count=5; 1 instance(s) may be Class 3 (no_incumbent)
EC_n070_022_a25_064,EC,70,0.25,022,1093,1093,192.0,1098.8,0.53,3.9,NA,NA,NA,1098.8,0.527849,False,0.5-1%,+0.00%,TIE,0.1,4,5,2,incumbent,WARNING: bpc_n_solved=4 < group_count=5; 1 instance(s) may be Class 3 (no_incumbent)
EC_n070_022_a50_065,EC,70,0.5,022,2018,2018,609.0,2019.5,0.07,2.9,NA,NA,NA,2019.5,0.074276,False,<0.5%,+0.00%,TIE,0.01,4,5,2,incumbent,WARNING: bpc_n_solved=4 < group_count=5; 1 instance(s) may be Class 3 (no_incumbent)
EC_n070_022_a75_066,EC,70,0.75,022,2099,2099,577.0,2099.0,0.0,3.5,NA,NA,NA,2099.0,0.0,True,exact,+0.00%,TIE,0.0,4,5,1,optimal,WARNING: bpc_n_solved=4 < group_count=5; 1 instance(s) may be Class 3 (no_incumbent)
EC_n070_023_a25_067,EC,70,0.25,023,1496,1496,347.0,1550.5,3.51,3.6,1503.0,0.46,9.0,1503.0,0.465735,False,<0.5%,+0.00%,TIE,0.1,4,5,2,incumbent,WARNING: bpc_n_solved=4 < group_count=5; 1 instance(s) may be Class 3 (no_incumbent)
EC_n070_023_a50_068,EC,70,0.5,023,2206,2206,532.0,2253.6,2.11,2.4,2218.1,0.54,8.0,2218.1,0.545512,False,0.5-1%,+0.00%,TIE,0.01,4,5,2,incumbent,WARNING: bpc_n_solved=4 < group_count=5; 1 instance(s) may be Class 3 (no_incumbent)
EC_n070_023_a75_069,EC,70,0.75,023,2359,2359,588.0,2359.0,0.0,4.3,NA,NA,NA,2359.0,0.0,True,exact,+0.00%,TIE,0.0,4,5,1,optimal,WARNING: bpc_n_solved=4 < group_count=5; 1 instance(s) may be Class 3 (no_incumbent)
EC_n070_024_a25_070,EC,70,0.25,024,1671,1671,237.0,1678.1,0.42,2.0,NA,NA,NA,1678.1,0.423098,False,<0.5%,+0.00%,TIE,0.1,4,5,2,incumbent,WARNING: bpc_n_solved=4 < group_count=5; 1 instance(s) may be Class 3 (no_incumbent)
EC_n070_024_a50_071,EC,70,0.5,024,2752,2752,680.0,2771.2,0.69,1.0,NA,NA,NA,2771.2,0.692841,False,0.5-1%,+0.00%,TIE,0.01,4,5,2,incumbent,WARNING: bpc_n_solved=4 < group_count=5; 1 instance(s) may be Class 3 (no_incumbent)
EC_n070_024_a75_072,EC,70,0.75,024,3008,3007,718.0,3008.0,0.03,1.5,NA,NA,NA,3008.0,0.033245,False,<0.5%,+0.03%,GAP,0.0,4,5,1,optimal,WARNING: bpc_n_solved=4 < group_count=5; 1 instance(s) may be Class 3 (no_incumbent)
EC_n070_025_a25_073,EC,70,0.25,025,1374,1374,267.0,1383.0,0.65,2.8,NA,NA,NA,1383.0,0.650759,False,0.5-1%,+0.00%,TIE,0.1,4,5,2,incumbent,WARNING: bpc_n_solved=4 < group_count=5; 1 instance(s) may be Class 3 (no_incumbent)
EC_n070_025_a50_074,EC,70,0.5,025,2346,2346,898.0,2405.5,2.47,2.4,2349.7,0.16,6.9,2349.7,0.157467,False,<0.5%,+0.00%,TIE,0.01,4,5,2,incumbent,WARNING: bpc_n_solved=4 < group_count=5; 1 instance(s) may be Class 3 (no_incumbent)
EC_n070_025_a75_075,EC,70,0.75,025,2599,2598,616.0,2599.0,0.04,1.9,NA,NA,NA,2599.0,0.038476,False,<0.5%,+0.04%,GAP,0.0,4,5,1,optimal,WARNING: bpc_n_solved=4 < group_count=5; 1 instance(s) may be Class 3 (no_incumbent)
EC_n075_026_a25_076,EC,75,0.25,026,879,879,223.0,905.9,2.96,2.7,884.8,0.66,10.8,884.8,0.655515,False,0.5-1%,+0.00%,TIE,NA,NA,5,4,not_reported,outside paper coverage
EC_n075_026_a50_077,EC,75,0.5,026,1970,1970,415.0,1974.3,0.22,3.1,NA,NA,NA,1974.3,0.217799,False,<0.5%,+0.00%,TIE,NA,NA,5,4,not_reported,outside paper coverage
EC_n075_026_a75_078,EC,75,0.75,026,2046,2053,476.0,2059.0,0.29,2.3,NA,NA,NA,2059.0,0.291404,False,<0.5%,-0.34%,BEAT,NA,NA,5,4,not_reported,outside paper coverage
EC_n075_027_a25_079,EC,75,0.25,027,1304,1295,221.0,1337.6,3.18,6.9,1306.8,0.9,26.7,1306.8,0.902969,False,0.5-1%,+0.69%,GAP,NA,NA,5,4,not_reported,outside paper coverage
EC_n075_027_a50_080,EC,75,0.5,027,2145,2145,494.0,2146.9,0.09,5.0,NA,NA,NA,2146.9,0.0885,False,<0.5%,+0.00%,TIE,NA,NA,5,4,not_reported,outside paper coverage
EC_n075_027_a75_081,EC,75,0.75,027,2221,2221,540.0,2222.7,0.07,4.3,NA,NA,NA,2222.7,0.076484,False,<0.5%,+0.00%,TIE,NA,NA,5,4,not_reported,outside paper coverage
EC_n075_028_a25_082,EC,75,0.25,028,?,1697,322.0,1784.7,4.91,6.4,1703.9,0.4,24.4,1703.9,0.404953,False,<0.5%,NA,NA,NA,NA,5,4,not_reported,outside paper coverage
EC_n075_028_a50_083,EC,75,0.5,028,?,2436,495.0,2495.3,2.38,2.3,2439.5,0.14,14.6,2439.5,0.143472,False,<0.5%,NA,NA,NA,NA,5,4,not_reported,outside paper coverage
EC_n075_028_a75_084,EC,75,0.75,028,?,2581,398.0,2583.0,0.08,2.7,NA,NA,NA,2583.0,0.077429,False,<0.5%,NA,NA,NA,NA,5,4,not_reported,outside paper coverage
EC_n075_029_a25_085,EC,75,0.25,029,?,1755,270.0,1812.3,3.16,2.4,1755.4,0.02,9.4,1755.4,0.022787,False,<0.5%,NA,NA,NA,NA,5,4,not_reported,outside paper coverage
EC_n075_029_a50_086,EC,75,0.5,029,?,2982,510.0,3003.0,0.7,1.3,NA,NA,NA,3003.0,0.699301,False,0.5-1%,NA,NA,NA,NA,5,4,not_reported,outside paper coverage
EC_n075_029_a75_087,EC,75,0.75,029,?,3221,529.0,3222.0,0.03,1.3,NA,NA,NA,3222.0,0.031037,False,<0.5%,NA,NA,NA,NA,5,4,not_reported,outside paper coverage
EC_n075_030_a25_088,EC,75,0.25,030,?,1484,281.0,1520.7,2.41,3.4,1484.1,0.01,14.5,1484.1,0.006738,False,<0.5%,NA,NA,NA,NA,5,4,not_reported,outside paper coverage
EC_n075_030_a50_089,EC,75,0.5,030,?,2456,412.0,2523.3,2.67,2.8,2466.8,0.44,14.5,2466.8,0.437814,False,<0.5%,NA,NA,NA,NA,5,4,not_reported,outside paper coverage
EC_n075_030_a75_090,EC,75,0.75,030,?,2719,456.0,2738.0,0.69,1.6,NA,NA,NA,2738.0,0.693937,False,0.5-1%,NA,NA,NA,NA,5,4,not_reported,outside paper coverage
EC_n080_031_a25_091,EC,80,0.25,031,?,1068,168.0,1112.0,3.96,2.0,1072.8,0.45,11.8,1072.8,0.447427,False,<0.5%,NA,NA,NA,NA,5,4,not_reported,outside paper coverage
EC_n080_031_a50_092,EC,80,0.5,031,?,2180,1182.0,2218.7,1.74,5.2,NA,NA,NA,2218.7,1.744265,False,1-2%,NA,NA,NA,NA,5,4,not_reported,outside paper coverage
EC_n080_031_a75_093,EC,80,0.75,031,?,2363,1319.0,2370.0,0.3,5.0,NA,NA,NA,2370.0,0.295359,False,<0.5%,NA,NA,NA,NA,5,4,not_reported,outside paper coverage
EC_n080_032_a25_094,EC,80,0.25,032,?,1414,223.0,1483.7,4.7,5.6,1427.2,0.92,31.1,1427.2,0.924888,False,0.5-1%,NA,NA,NA,NA,5,4,not_reported,outside paper coverage
EC_n080_032_a50_095,EC,80,0.5,032,?,2275,2452.0,2341.0,2.82,9.7,2288.2,0.58,22.6,2288.2,0.576873,False,0.5-1%,NA,NA,NA,NA,5,4,not_reported,outside paper coverage
EC_n080_032_a75_096,EC,80,0.75,032,?,2450,1307.0,2458.3,0.34,9.4,NA,NA,NA,2458.3,0.337632,False,<0.5%,NA,NA,NA,NA,5,4,not_reported,outside paper coverage
EC_n080_033_a25_097,EC,80,0.25,033,?,1806,773.0,1903.3,5.11,6.9,1813.8,0.43,19.9,1813.8,0.430036,False,<0.5%,NA,NA,NA,NA,5,4,not_reported,outside paper coverage
EC_n080_033_a50_098,EC,80,0.5,033,?,2646,1886.0,2708.7,2.31,9.2,2651.2,0.2,16.6,2651.2,0.196138,False,<0.5%,NA,NA,NA,NA,5,4,not_reported,outside paper coverage
EC_n080_033_a75_099,EC,80,0.75,033,?,2802,688.0,2804.0,0.07,5.3,NA,NA,NA,2804.0,0.071327,False,<0.5%,NA,NA,NA,NA,5,4,not_reported,outside paper coverage
EC_n080_034_a25_100,EC,80,0.25,034,?,1858,581.0,1915.0,2.98,6.5,1858.0,0.0,13.3,1858.0,0.0,True,exact,NA,NA,NA,NA,5,4,not_reported,outside paper coverage
EC_n080_034_a50_101,EC,80,0.5,034,?,3173,2120.0,3187.7,0.46,5.8,NA,NA,NA,3187.7,0.461148,False,<0.5%,NA,NA,NA,NA,5,4,not_reported,outside paper coverage
EC_n080_034_a75_102,EC,80,0.75,034,?,3424,549.0,3425.0,0.03,2.1,NA,NA,NA,3425.0,0.029197,False,<0.5%,NA,NA,NA,NA,5,4,not_reported,outside paper coverage
EC_n080_035_a25_103,EC,80,0.25,035,?,1585,563.0,1641.7,3.45,4.5,1589.9,0.31,9.9,1589.9,0.308195,False,<0.5%,NA,NA,NA,NA,5,4,not_reported,outside paper coverage
EC_n080_035_a50_104,EC,80,0.5,035,?,2667,1776.0,2735.3,2.5,9.8,2678.4,0.43,17.0,2678.4,0.425627,False,<0.5%,NA,NA,NA,NA,5,4,not_reported,outside paper coverage
EC_n080_035_a75_105,EC,80,0.75,035,?,2924,407.0,2950.0,0.88,1.4,NA,NA,NA,2950.0,0.881356,False,0.5-1%,NA,NA,NA,NA,5,4,not_reported,outside paper coverage
ED_n040_001_a25_001,ED,40,0.25,001,412,412,37.0,412.0,-0.0,0.3,NA,NA,NA,412.0,0.0,True,exact,+0.00%,TIE,NA,NA,5,4,not_reported,outside paper coverage
ED_n040_001_a50_002,ED,40,0.5,001,948,948,251.0,958.5,1.1,0.4,NA,NA,NA,958.5,1.095462,False,1-2%,+0.00%,TIE,NA,NA,5,4,not_reported,outside paper coverage
ED_n040_001_a75_003,ED,40,0.75,001,1201,1201,374.0,1201.0,0.0,0.5,NA,NA,NA,1201.0,0.0,True,exact,+0.00%,TIE,NA,NA,5,4,not_reported,outside paper coverage
ED_n040_002_a25_004,ED,40,0.25,002,212,212,16.0,212.0,0.0,0.1,NA,NA,NA,212.0,0.0,True,exact,+0.00%,TIE,NA,NA,5,4,not_reported,outside paper coverage
ED_n040_002_a50_005,ED,40,0.5,002,772,772,140.0,810.3,4.73,0.3,772.7,0.1,1.4,772.7,0.090591,False,<0.5%,+0.00%,TIE,NA,NA,5,4,not_reported,outside paper coverage
ED_n040_002_a75_006,ED,40,0.75,002,1026,1026,336.0,1029.6,0.35,0.3,NA,NA,NA,1029.6,0.34965,False,<0.5%,+0.00%,TIE,NA,NA,5,4,not_reported,outside paper coverage
ED_n040_003_a25_007,ED,40,0.25,003,352,352,55.0,352.5,0.14,0.3,NA,NA,NA,352.5,0.141844,False,<0.5%,+0.00%,TIE,NA,NA,5,4,not_reported,outside paper coverage
ED_n040_003_a50_008,ED,40,0.5,003,994,994,249.0,998.8,0.48,0.4,NA,NA,NA,998.8,0.480577,False,<0.5%,+0.00%,TIE,NA,NA,5,4,not_reported,outside paper coverage
ED_n040_003_a75_009,ED,40,0.75,003,1138,1138,396.0,1138.0,0.0,0.4,NA,NA,NA,1138.0,0.0,True,exact,+0.00%,TIE,NA,NA,5,4,not_reported,outside paper coverage
ED_n040_004_a25_010,ED,40,0.25,004,422,422,43.0,422.0,0.0,0.4,NA,NA,NA,422.0,0.0,True,exact,+0.00%,TIE,NA,NA,5,4,not_reported,outside paper coverage
ED_n040_004_a50_011,ED,40,0.5,004,1154,1154,210.0,1168.1,1.21,0.4,NA,NA,NA,1168.1,1.207088,False,1-2%,+0.00%,TIE,NA,NA,5,4,not_reported,outside paper coverage
ED_n040_004_a75_012,ED,40,0.75,004,1526,1526,491.0,1526.0,-0.0,0.1,NA,NA,NA,1526.0,0.0,True,exact,+0.00%,TIE,NA,NA,5,4,not_reported,outside paper coverage
ED_n040_005_a25_013,ED,40,0.25,005,445,445,80.0,461.2,3.51,0.4,445.0,0.0,1.9,445.0,0.0,True,exact,+0.00%,TIE,NA,NA,5,4,not_reported,outside paper coverage
ED_n040_005_a50_014,ED,40,0.5,005,1161,1161,354.0,1201.4,3.36,0.3,1162.8,0.16,1.5,1162.8,0.154799,False,<0.5%,+0.00%,TIE,NA,NA,5,4,not_reported,outside paper coverage
ED_n040_005_a75_015,ED,40,0.75,005,1466,1466,386.0,1466.0,0.0,0.5,NA,NA,NA,1466.0,0.0,True,exact,+0.00%,TIE,NA,NA,5,4,not_reported,outside paper coverage
ED_n045_006_a25_016,ED,45,0.25,006,523,523,72.0,523.0,0.0,0.6,NA,NA,NA,523.0,0.0,True,exact,+0.00%,TIE,0.0,5,5,1,optimal,
ED_n045_006_a50_017,ED,45,0.5,006,1099,1098,481.0,1099.5,0.13,0.9,NA,NA,NA,1099.5,0.136426,False,<0.5%,+0.09%,GAP,0.0,5,5,1,optimal,
ED_n045_006_a75_018,ED,45,0.75,006,1244,1244,871.0,1244.0,0.0,1.6,NA,NA,NA,1244.0,0.0,True,exact,+0.00%,TIE,0.0,5,5,1,optimal,
ED_n045_007_a25_019,ED,45,0.25,007,253,253,49.0,253.0,0.0,0.1,NA,NA,NA,253.0,0.0,True,exact,+0.00%,TIE,0.0,5,5,1,optimal,
ED_n045_007_a50_020,ED,45,0.5,007,914,914,272.0,919.5,0.59,0.5,NA,NA,NA,919.5,0.598151,False,0.5-1%,+0.00%,TIE,0.0,5,5,1,optimal,
ED_n045_007_a75_021,ED,45,0.75,007,1278,1278,541.0,1311.6,2.56,0.4,1278.1,0.01,2.0,1278.1,0.007824,False,<0.5%,+0.00%,TIE,0.0,5,5,1,optimal,
ED_n045_008_a25_022,ED,45,0.25,008,732,732,71.0,733.6,0.22,0.7,NA,NA,NA,733.6,0.218103,False,<0.5%,+0.00%,TIE,0.0,5,5,1,optimal,
ED_n045_008_a50_023,ED,45,0.5,008,1326,1326,425.0,1334.3,0.62,0.6,NA,NA,NA,1334.3,0.622049,False,0.5-1%,+0.00%,TIE,0.0,5,5,1,optimal,
ED_n045_008_a75_024,ED,45,0.75,008,1472,1471,715.0,1472.0,0.07,0.5,NA,NA,NA,1472.0,0.067935,False,<0.5%,+0.07%,GAP,0.0,5,5,1,optimal,
ED_n045_009_a25_025,ED,45,0.25,009,843,843,111.0,850.5,0.88,0.7,NA,NA,NA,850.5,0.881834,False,0.5-1%,+0.00%,TIE,0.0,5,5,1,optimal,
ED_n045_009_a50_026,ED,45,0.5,009,1487,1487,476.0,1525.7,2.54,0.7,1488.2,0.08,2.9,1488.2,0.080634,False,<0.5%,+0.00%,TIE,0.0,5,5,1,optimal,
ED_n045_009_a75_027,ED,45,0.75,009,1650,1650,626.0,1650.0,0.0,1.3,NA,NA,NA,1650.0,0.0,True,exact,+0.00%,TIE,0.0,5,5,1,optimal,
ED_n045_010_a25_028,ED,45,0.25,010,813,813,93.0,814.7,0.21,0.5,NA,NA,NA,814.7,0.208666,False,<0.5%,+0.00%,TIE,0.0,5,5,1,optimal,
ED_n045_010_a50_029,ED,45,0.5,010,1449,1449,378.0,1470.8,1.48,0.5,NA,NA,NA,1470.8,1.482187,False,1-2%,+0.00%,TIE,0.0,5,5,1,optimal,
ED_n045_010_a75_030,ED,45,0.75,010,1596,1596,633.0,1596.0,0.0,0.8,NA,NA,NA,1596.0,0.0,True,exact,+0.00%,TIE,0.0,5,5,1,optimal,
ED_n050_011_a25_031,ED,50,0.25,011,623,623,163.0,623.0,0.0,0.6,NA,NA,NA,623.0,0.0,True,exact,+0.00%,TIE,0.0,5,5,1,optimal,
ED_n050_011_a50_032,ED,50,0.5,011,1306,1306,706.0,1307.3,0.1,1.7,NA,NA,NA,1307.3,0.099442,False,<0.5%,+0.00%,TIE,0.14,3,5,2,incumbent,WARNING: bpc_n_solved=3 < group_count=5; 2 instance(s) may be Class 3 (no_incumbent)
ED_n050_011_a75_033,ED,50,0.75,011,1464,1464,1221.0,1464.0,0.0,1.4,NA,NA,NA,1464.0,0.0,True,exact,+0.00%,TIE,0.0,5,5,1,optimal,
ED_n050_012_a25_034,ED,50,0.25,012,354,354,126.0,354.0,0.0,1.2,NA,NA,NA,354.0,0.0,True,exact,+0.00%,TIE,0.0,5,5,1,optimal,
ED_n050_012_a50_035,ED,50,0.5,012,1014,1014,448.0,1020.9,0.68,0.9,NA,NA,NA,1020.9,0.675874,False,0.5-1%,+0.00%,TIE,0.14,3,5,2,incumbent,WARNING: bpc_n_solved=3 < group_count=5; 2 instance(s) may be Class 3 (no_incumbent)
ED_n050_012_a75_036,ED,50,0.75,012,1378,1378,881.0,1430.6,3.68,0.7,1381.0,0.22,2.4,1381.0,0.217234,False,<0.5%,+0.00%,TIE,0.0,5,5,1,optimal,
ED_n050_013_a25_037,ED,50,0.25,013,742,742,161.0,749.2,0.96,1.6,NA,NA,NA,749.2,0.961025,False,0.5-1%,+0.00%,TIE,0.0,5,5,1,optimal,
ED_n050_013_a50_038,ED,50,0.5,013,1337,1336,593.0,1357.6,1.59,0.9,NA,NA,NA,1357.6,1.591043,False,1-2%,+0.07%,GAP,0.14,3,5,2,incumbent,WARNING: bpc_n_solved=3 < group_count=5; 2 instance(s) may be Class 3 (no_incumbent)
ED_n050_013_a75_039,ED,50,0.75,013,1582,1582,989.0,1582.0,-0.0,0.8,NA,NA,NA,1582.0,0.0,True,exact,+0.00%,TIE,0.0,5,5,1,optimal,
ED_n050_014_a25_040,ED,50,0.25,014,1034,1034,215.0,1034.5,0.05,1.8,NA,NA,NA,1034.5,0.048333,False,<0.5%,+0.00%,TIE,0.0,5,5,1,optimal,
ED_n050_014_a50_041,ED,50,0.5,014,1787,1787,767.0,1807.6,1.14,1.2,NA,NA,NA,1807.6,1.139633,False,1-2%,+0.00%,TIE,0.14,3,5,2,incumbent,WARNING: bpc_n_solved=3 < group_count=5; 2 instance(s) may be Class 3 (no_incumbent)
ED_n050_014_a75_042,ED,50,0.75,014,2058,2058,1048.0,2058.0,0.0,2.0,NA,NA,NA,2058.0,0.0,True,exact,+0.00%,TIE,0.0,5,5,1,optimal,
ED_n050_015_a25_043,ED,50,0.25,015,852,852,243.0,861.9,1.14,1.7,NA,NA,NA,861.9,1.148625,False,1-2%,+0.00%,TIE,0.0,5,5,1,optimal,
ED_n050_015_a50_044,ED,50,0.5,015,1482,1482,892.0,1525.6,2.86,1.4,1484.4,0.16,4.5,1484.4,0.161681,False,<0.5%,+0.00%,TIE,0.14,3,5,2,incumbent,WARNING: bpc_n_solved=3 < group_count=5; 2 instance(s) may be Class 3 (no_incumbent)
ED_n050_015_a75_045,ED,50,0.75,015,1626,1626,994.0,1626.2,0.01,1.9,NA,NA,NA,1626.2,0.012299,False,<0.5%,+0.00%,TIE,0.0,5,5,1,optimal,
ED_n055_016_a25_046,ED,55,0.25,016,845,845,450.0,850.0,0.59,2.5,NA,NA,NA,850.0,0.588235,False,0.5-1%,+0.00%,TIE,0.0,5,5,1,optimal,
ED_n055_016_a50_047,ED,55,0.5,016,1447,1447,1071.0,1447.9,0.06,3.3,NA,NA,NA,1447.9,0.062159,False,<0.5%,+0.00%,TIE,0.12,2,5,2,incumbent,WARNING: bpc_n_solved=2 < group_count=5; 3 instance(s) may be Class 3 (no_incumbent)
ED_n055_016_a75_048,ED,55,0.75,016,1488,1486,1423.0,1489.3,0.22,4.1,NA,NA,NA,1489.3,0.221581,False,<0.5%,+0.13%,GAP,0.11,3,5,2,incumbent,WARNING: bpc_n_solved=3 < group_count=5; 2 instance(s) may be Class 3 (no_incumbent)
ED_n055_017_a25_049,ED,55,0.25,017,364,364,219.0,364.0,-0.0,1.5,NA,NA,NA,364.0,0.0,True,exact,+0.00%,TIE,0.0,5,5,1,optimal,
ED_n055_017_a50_050,ED,55,0.5,017,1135,1135,787.0,1140.8,0.51,1.3,NA,NA,NA,1140.8,0.508415,False,0.5-1%,+0.00%,TIE,0.12,2,5,2,incumbent,WARNING: bpc_n_solved=2 < group_count=5; 3 instance(s) may be Class 3 (no_incumbent)
ED_n055_017_a75_051,ED,55,0.75,017,1489,1489,1190.0,1549.3,3.89,1.1,1497.2,0.55,3.1,1497.2,0.547689,False,0.5-1%,+0.00%,TIE,0.11,3,5,2,incumbent,WARNING: bpc_n_solved=3 < group_count=5; 2 instance(s) may be Class 3 (no_incumbent)
ED_n055_018_a25_052,ED,55,0.25,018,742,742,295.0,752.5,1.39,5.0,NA,NA,NA,752.5,1.395349,False,1-2%,+0.00%,TIE,0.0,5,5,1,optimal,
ED_n055_018_a50_053,ED,55,0.5,018,1348,1347,826.0,1367.7,1.51,2.4,NA,NA,NA,1367.7,1.51349,False,1-2%,+0.07%,GAP,0.12,2,5,2,incumbent,WARNING: bpc_n_solved=2 < group_count=5; 3 instance(s) may be Class 3 (no_incumbent)
ED_n055_018_a75_054,ED,55,0.75,018,1601,1601,1224.0,1602.3,0.08,4.1,NA,NA,NA,1602.3,0.081133,False,<0.5%,+0.00%,TIE,0.11,3,5,2,incumbent,WARNING: bpc_n_solved=3 < group_count=5; 2 instance(s) may be Class 3 (no_incumbent)
ED_n055_019_a25_055,ED,55,0.25,019,1036,1036,422.0,1038.5,0.24,3.4,NA,NA,NA,1038.5,0.240732,False,<0.5%,+0.00%,TIE,0.0,5,5,1,optimal,
ED_n055_019_a50_056,ED,55,0.5,019,1897,1897,1104.0,1913.8,0.88,1.7,NA,NA,NA,1913.8,0.877835,False,0.5-1%,+0.00%,TIE,0.12,2,5,2,incumbent,WARNING: bpc_n_solved=2 < group_count=5; 3 instance(s) may be Class 3 (no_incumbent)
ED_n055_019_a75_057,ED,55,0.75,019,2169,2169,1300.0,2170.5,0.07,2.5,NA,NA,NA,2170.5,0.069109,False,<0.5%,+0.00%,TIE,0.11,3,5,2,incumbent,WARNING: bpc_n_solved=3 < group_count=5; 2 instance(s) may be Class 3 (no_incumbent)
ED_n055_020_a25_058,ED,55,0.25,020,963,963,405.0,970.3,0.75,3.2,NA,NA,NA,970.3,0.752345,False,0.5-1%,+0.00%,TIE,0.0,5,5,1,optimal,
ED_n055_020_a50_059,ED,55,0.5,020,1790,1790,1267.0,1829.0,2.13,1.6,1791.0,0.05,5.9,1791.0,0.055835,False,<0.5%,+0.00%,TIE,0.12,2,5,2,incumbent,WARNING: bpc_n_solved=2 < group_count=5; 3 instance(s) may be Class 3 (no_incumbent)
ED_n055_020_a75_060,ED,55,0.75,020,1946,1954,1124.0,1956.0,0.1,2.2,NA,NA,NA,1956.0,0.102249,False,<0.5%,-0.41%,BEAT,0.11,3,5,2,incumbent,WARNING: bpc_n_solved=3 < group_count=5; 2 instance(s) may be Class 3 (no_incumbent)
ED_n060_021_a25_061,ED,60,0.25,021,846,846,482.0,861.7,1.82,4.3,NA,NA,NA,861.7,1.82198,False,1-2%,+0.00%,TIE,0.0,5,5,1,optimal,
ED_n060_021_a50_062,ED,60,0.5,021,1637,1637,732.0,1638.3,0.08,2.9,NA,NA,NA,1638.3,0.079351,False,<0.5%,+0.00%,TIE,0.44,4,5,2,incumbent,WARNING: bpc_n_solved=4 < group_count=5; 1 instance(s) may be Class 3 (no_incumbent)
ED_n060_021_a75_063,ED,60,0.75,021,1679,1697,750.0,1705.8,0.52,1.3,NA,NA,NA,1705.8,0.515887,False,0.5-1%,-1.07%,BEAT,1.64,1,5,2,incumbent,WARNING: bpc_n_solved=1 < group_count=5; 4 instance(s) may be Class 3 (no_incumbent)
ED_n060_022_a25_064,ED,60,0.25,022,864,864,509.0,882.9,2.14,2.7,864.0,0.0,7.5,864.0,0.0,True,exact,+0.00%,TIE,0.0,5,5,1,optimal,
ED_n060_022_a50_065,ED,60,0.5,022,1728,1737,775.0,1799.5,3.47,1.9,1768.2,1.76,9.5,1768.2,1.764506,False,1-2%,-0.52%,BEAT,0.44,4,5,2,incumbent,WARNING: bpc_n_solved=4 < group_count=5; 1 instance(s) may be Class 3 (no_incumbent)
ED_n060_022_a75_066,ED,60,0.75,022,1944,1944,559.0,1956.0,0.61,2.1,NA,NA,NA,1956.0,0.613497,False,0.5-1%,+0.00%,TIE,1.64,1,5,2,incumbent,WARNING: bpc_n_solved=1 < group_count=5; 4 instance(s) may be Class 3 (no_incumbent)
ED_n060_023_a25_067,ED,60,0.25,023,1050,1050,281.0,1051.0,0.1,1.5,NA,NA,NA,1051.0,0.095147,False,<0.5%,+0.00%,TIE,0.0,5,5,1,optimal,
ED_n060_023_a50_068,ED,60,0.5,023,1736,1736,824.0,1752.2,0.93,1.3,NA,NA,NA,1752.2,0.924552,False,0.5-1%,+0.00%,TIE,0.44,4,5,2,incumbent,WARNING: bpc_n_solved=4 < group_count=5; 1 instance(s) may be Class 3 (no_incumbent)
ED_n060_023_a75_069,ED,60,0.75,023,2002,2002,745.0,2002.4,0.02,0.9,NA,NA,NA,2002.4,0.019976,False,<0.5%,+0.00%,TIE,1.64,1,5,2,incumbent,WARNING: bpc_n_solved=1 < group_count=5; 4 instance(s) may be Class 3 (no_incumbent)
ED_n060_024_a25_070,ED,60,0.25,024,1253,1253,507.0,1321.1,5.16,5.9,1267.0,1.1,15.0,1267.0,1.104972,False,1-2%,+0.00%,TIE,0.0,5,5,1,optimal,
ED_n060_024_a50_071,ED,60,0.5,024,2138,2138,1229.0,2157.9,0.92,2.4,NA,NA,NA,2157.9,0.922193,False,0.5-1%,+0.00%,TIE,0.44,4,5,2,incumbent,WARNING: bpc_n_solved=4 < group_count=5; 1 instance(s) may be Class 3 (no_incumbent)
ED_n060_024_a75_072,ED,60,0.75,024,2375,2384,1277.0,2387.5,0.15,2.4,NA,NA,NA,2387.5,0.146597,False,<0.5%,-0.38%,BEAT,1.64,1,5,2,incumbent,WARNING: bpc_n_solved=1 < group_count=5; 4 instance(s) may be Class 3 (no_incumbent)
ED_n060_025_a25_073,ED,60,0.25,025,1346,1346,607.0,1360.7,1.08,6.7,NA,NA,NA,1360.7,1.080326,False,1-2%,+0.00%,TIE,0.0,5,5,1,optimal,
ED_n060_025_a50_074,ED,60,0.5,025,2014,2014,1900.0,2065.8,2.51,5.0,2042.8,1.41,12.1,2042.8,1.40983,False,1-2%,+0.00%,TIE,0.44,4,5,2,incumbent,WARNING: bpc_n_solved=4 < group_count=5; 1 instance(s) may be Class 3 (no_incumbent)
ED_n060_025_a75_075,ED,60,0.75,025,2139,2266,875.0,2269.4,0.15,3.5,NA,NA,NA,2269.4,0.149819,False,<0.5%,-5.94%,BEAT,1.64,1,5,2,incumbent,WARNING: bpc_n_solved=1 < group_count=5; 4 instance(s) may be Class 3 (no_incumbent)
ED_n065_026_a25_076,ED,65,0.25,026,858,858,556.0,872.7,1.69,5.0,NA,NA,NA,872.7,1.684428,False,1-2%,+0.00%,TIE,NA,NA,5,4,not_reported,outside paper coverage
ED_n065_026_a50_077,ED,65,0.5,026,1838,1838,959.0,1839.2,0.07,3.1,NA,NA,NA,1839.2,0.065246,False,<0.5%,+0.00%,TIE,NA,NA,5,4,not_reported,outside paper coverage
ED_n065_026_a75_078,ED,65,0.75,026,1699,1898,891.0,1909.0,0.58,1.2,NA,NA,NA,1909.0,0.576218,False,0.5-1%,-11.71%,BEAT,NA,NA,5,4,not_reported,outside paper coverage
ED_n065_027_a25_079,ED,65,0.25,027,874,874,557.0,893.7,2.2,4.0,874.0,0.0,11.0,874.0,0.0,True,exact,+0.00%,TIE,NA,NA,5,4,not_reported,outside paper coverage
ED_n065_027_a50_080,ED,65,0.5,027,1747,1747,898.0,1795.4,2.7,2.3,1767.4,1.15,11.7,1767.4,1.154238,False,1-2%,+0.00%,TIE,NA,NA,5,4,not_reported,outside paper coverage
ED_n065_027_a75_081,ED,65,0.75,027,1972,1972,718.0,1986.2,0.72,1.6,NA,NA,NA,1986.2,0.714933,False,0.5-1%,+0.00%,TIE,NA,NA,5,4,not_reported,outside paper coverage
ED_n065_028_a25_082,ED,65,0.25,028,?,1152,497.0,1208.5,4.68,5.8,1157.4,0.47,11.1,1157.4,0.466563,False,<0.5%,NA,NA,NA,NA,5,4,not_reported,outside paper coverage
ED_n065_028_a50_083,ED,65,0.5,028,?,1948,1278.0,2012.2,3.19,3.7,1950.0,0.1,15.8,1950.0,0.102564,False,<0.5%,NA,NA,NA,NA,5,4,not_reported,outside paper coverage
ED_n065_028_a75_084,ED,65,0.75,028,?,2143,976.0,2147.5,0.21,2.3,NA,NA,NA,2147.5,0.209546,False,<0.5%,NA,NA,NA,NA,5,4,not_reported,outside paper coverage
ED_n065_029_a25_085,ED,65,0.25,029,?,1343,577.0,1409.0,4.68,5.7,1359.8,1.24,14.2,1359.8,1.235476,False,1-2%,NA,NA,NA,NA,5,4,not_reported,outside paper coverage
ED_n065_029_a50_086,ED,65,0.5,029,?,2340,2486.0,2407.2,2.79,4.5,2341.1,0.05,12.6,2341.1,0.046986,False,<0.5%,NA,NA,NA,NA,5,4,not_reported,outside paper coverage
ED_n065_029_a75_087,ED,65,0.75,029,?,2595,1426.0,2599.0,0.15,1.9,NA,NA,NA,2599.0,0.153905,False,<0.5%,NA,NA,NA,NA,5,4,not_reported,outside paper coverage
ED_n065_030_a25_088,ED,65,0.25,030,?,1478,1018.0,1566.2,5.63,11.3,1494.7,1.12,27.2,1494.7,1.117281,False,1-2%,NA,NA,NA,NA,5,4,not_reported,outside paper coverage
ED_n065_030_a50_089,ED,65,0.5,030,?,2333,2016.0,2376.5,1.83,11.3,NA,NA,NA,2376.5,1.830423,False,1-2%,NA,NA,NA,NA,5,4,not_reported,outside paper coverage
ED_n065_030_a75_090,ED,65,0.75,030,?,2496,949.0,2507.5,0.46,7.1,NA,NA,NA,2507.5,0.458624,False,<0.5%,NA,NA,NA,NA,5,4,not_reported,outside paper coverage
ED_n070_031_a25_091,ED,70,0.25,031,?,878,540.0,929.5,5.54,4.9,878.0,0.0,34.2,878.0,0.0,True,exact,NA,NA,NA,NA,5,4,not_reported,outside paper coverage
ED_n070_031_a50_092,ED,70,0.5,031,?,1858,1356.0,1886.5,1.51,5.6,NA,NA,NA,1886.5,1.510734,False,1-2%,NA,NA,NA,NA,5,4,not_reported,outside paper coverage
ED_n070_031_a75_093,ED,70,0.75,031,?,1930,2206.0,1940.0,0.52,8.3,NA,NA,NA,1940.0,0.515464,False,0.5-1%,NA,NA,NA,NA,5,4,not_reported,outside paper coverage
ED_n070_032_a25_094,ED,70,0.25,032,?,974,703.0,1002.8,2.87,11.9,974.0,0.0,20.6,974.0,0.0,True,exact,NA,NA,NA,NA,5,4,not_reported,outside paper coverage
ED_n070_032_a50_095,ED,70,0.5,032,?,1866,956.0,1922.2,2.93,5.0,1877.7,0.62,23.0,1877.7,0.623103,False,0.5-1%,NA,NA,NA,NA,5,4,not_reported,outside paper coverage
ED_n070_032_a75_096,ED,70,0.75,032,?,2083,2033.0,2102.8,0.94,8.0,NA,NA,NA,2102.8,0.941602,False,0.5-1%,NA,NA,NA,NA,5,4,not_reported,outside paper coverage
ED_n070_033_a25_097,ED,70,0.25,033,?,1483,1138.0,1539.5,3.67,9.2,1483.3,0.02,18.4,1483.3,0.020225,False,<0.5%,NA,NA,NA,NA,5,4,not_reported,outside paper coverage
ED_n070_033_a50_098,ED,70,0.5,033,?,2191,1082.0,2260.2,3.06,3.1,2202.4,0.52,16.8,2202.4,0.517617,False,0.5-1%,NA,NA,NA,NA,5,4,not_reported,outside paper coverage
ED_n070_033_a75_099,ED,70,0.75,033,?,2350,2457.0,2358.5,0.36,6.5,NA,NA,NA,2358.5,0.360399,False,<0.5%,NA,NA,NA,NA,5,4,not_reported,outside paper coverage
ED_n070_034_a25_100,ED,70,0.25,034,?,1445,986.0,1496.5,3.44,10.9,1445.0,0.0,23.5,1445.0,0.0,True,exact,NA,NA,NA,NA,5,4,not_reported,outside paper coverage
ED_n070_034_a50_101,ED,70,0.5,034,?,2538,1125.0,2620.2,3.14,3.3,2549.1,0.44,16.2,2549.1,0.435448,False,<0.5%,NA,NA,NA,NA,5,4,not_reported,outside paper coverage
ED_n070_034_a75_102,ED,70,0.75,034,?,2905,1558.0,2909.2,0.15,3.3,NA,NA,NA,2909.2,0.14437,False,<0.5%,NA,NA,NA,NA,5,4,not_reported,outside paper coverage
ED_n070_035_a25_103,ED,70,0.25,035,?,1479,2293.0,1573.2,5.99,13.5,1495.3,1.09,29.5,1495.3,1.090082,False,1-2%,NA,NA,NA,NA,5,4,not_reported,outside paper coverage
ED_n070_035_a50_104,ED,70,0.5,035,?,2344,1185.0,2392.2,2.02,5.4,2352.7,0.37,35.0,2352.7,0.369788,False,<0.5%,NA,NA,NA,NA,5,4,not_reported,outside paper coverage
ED_n070_035_a75_105,ED,70,0.75,035,?,2517,1127.0,2530.0,0.51,8.7,NA,NA,NA,2530.0,0.513834,False,0.5-1%,NA,NA,NA,NA,5,4,not_reported,outside paper coverage
ED_n075_036_a25_106,ED,75,0.25,036,?,1076,1010.0,1130.8,4.84,11.2,1077.1,0.1,35.7,1077.1,0.102126,False,<0.5%,NA,NA,NA,NA,5,4,not_reported,outside paper coverage
ED_n075_036_a50_107,ED,75,0.5,036,?,1988,2125.0,2053.0,3.17,10.1,1996.4,0.42,30.1,1996.4,0.420757,False,<0.5%,NA,NA,NA,NA,5,4,not_reported,outside paper coverage
ED_n075_036_a75_108,ED,75,0.75,036,?,2142,1570.0,2151.8,0.45,5.7,NA,NA,NA,2151.8,0.455433,False,<0.5%,NA,NA,NA,NA,5,4,not_reported,outside paper coverage
ED_n075_037_a25_109,ED,75,0.25,037,?,1273,794.0,1337.0,4.79,24.0,1285.0,0.93,50.6,1285.0,0.933852,False,0.5-1%,NA,NA,NA,NA,5,4,not_reported,outside paper coverage
ED_n075_037_a50_110,ED,75,0.5,037,?,2099,2413.0,2218.5,5.39,16.6,2108.5,0.45,41.6,2108.5,0.450557,False,<0.5%,NA,NA,NA,NA,5,4,not_reported,outside paper coverage
ED_n075_037_a75_111,ED,75,0.75,037,?,2326,1726.0,2335.0,0.39,10.3,NA,NA,NA,2335.0,0.385439,False,<0.5%,NA,NA,NA,NA,5,4,not_reported,outside paper coverage
ED_n075_038_a25_112,ED,75,0.25,038,?,1685,1218.0,1750.0,3.71,14.5,1690.0,0.3,32.1,1690.0,0.295858,False,<0.5%,NA,NA,NA,NA,5,4,not_reported,outside paper coverage
ED_n075_038_a50_113,ED,75,0.5,038,?,2410,2596.0,2508.5,3.93,12.4,2420.7,0.44,27.0,2420.7,0.442021,False,<0.5%,NA,NA,NA,NA,5,4,not_reported,outside paper coverage
ED_n075_038_a75_114,ED,75,0.75,038,?,2577,1334.0,2582.0,0.19,7.6,NA,NA,NA,2582.0,0.193648,False,<0.5%,NA,NA,NA,NA,5,4,not_reported,outside paper coverage
ED_n075_039_a25_115,ED,75,0.25,039,?,1964,1176.0,2020.8,2.81,10.5,1965.4,0.07,28.0,1965.4,0.071232,False,<0.5%,NA,NA,NA,NA,5,4,not_reported,outside paper coverage
ED_n075_039_a50_116,ED,75,0.5,039,?,3048,2634.0,3075.5,0.89,10.4,NA,NA,NA,3075.5,0.894164,False,0.5-1%,NA,NA,NA,NA,5,4,not_reported,outside paper coverage
ED_n075_039_a75_117,ED,75,0.75,039,?,3114,2058.0,3115.2,0.04,5.6,NA,NA,NA,3115.2,0.038521,False,<0.5%,NA,NA,NA,NA,5,4,not_reported,outside paper coverage
ED_n075_040_a25_118,ED,75,0.25,040,?,1588,1207.0,1684.5,5.73,17.6,1602.9,0.93,56.2,1602.9,0.929565,False,0.5-1%,NA,NA,NA,NA,5,4,not_reported,outside paper coverage
ED_n075_040_a50_119,ED,75,0.5,040,?,2565,2642.0,2614.8,1.9,18.9,NA,NA,NA,2614.8,1.904543,False,1-2%,NA,NA,NA,NA,5,4,not_reported,outside paper coverage
ED_n075_040_a75_120,ED,75,0.75,040,?,2730,2649.0,2750.5,0.75,23.3,NA,NA,NA,2750.5,0.745319,False,0.5-1%,NA,NA,NA,NA,5,4,not_reported,outside paper coverage
ED_n080_041_a25_121,ED,80,0.25,041,?,1504,1230.0,1586.0,5.17,38.2,1506.7,0.18,129.6,1506.7,0.1792,False,<0.5%,NA,NA,NA,NA,5,4,not_reported,outside paper coverage
ED_n080_041_a50_122,ED,80,0.5,041,?,2227,2890.0,2249.5,1.0,49.7,NA,NA,NA,2249.5,1.000222,False,1-2%,NA,NA,NA,NA,5,4,not_reported,outside paper coverage
ED_n080_041_a75_123,ED,80,0.75,041,?,2267,1800.0,2280.0,0.57,18.3,NA,NA,NA,2280.0,0.570175,False,0.5-1%,NA,NA,NA,NA,5,4,not_reported,outside paper coverage
ED_n080_042_a25_124,ED,80,0.25,042,?,1305,990.0,1379.5,5.4,37.7,1319.9,1.13,61.8,1319.9,1.128873,False,1-2%,NA,NA,NA,NA,5,4,not_reported,outside paper coverage
ED_n080_042_a50_125,ED,80,0.5,042,?,2157,2856.0,2301.8,6.29,29.0,2172.3,0.71,38.4,2172.3,0.704323,False,0.5-1%,NA,NA,NA,NA,5,4,not_reported,outside paper coverage
ED_n080_042_a75_126,ED,80,0.75,042,?,2457,1844.0,2466.0,0.36,18.9,NA,NA,NA,2466.0,0.364964,False,<0.5%,NA,NA,NA,NA,5,4,not_reported,outside paper coverage
ED_n080_043_a25_127,ED,80,0.25,043,?,1785,1236.0,1849.0,3.46,13.8,1789.6,0.26,41.0,1789.6,0.257041,False,<0.5%,NA,NA,NA,NA,5,4,not_reported,outside paper coverage
ED_n080_043_a50_128,ED,80,0.5,043,?,2629,2288.0,2725.0,3.52,15.8,2635.4,0.24,31.0,2635.4,0.242847,False,<0.5%,NA,NA,NA,NA,5,4,not_reported,outside paper coverage
ED_n080_043_a75_129,ED,80,0.75,043,?,2796,2919.0,2803.0,0.25,9.3,NA,NA,NA,2803.0,0.249732,False,<0.5%,NA,NA,NA,NA,5,4,not_reported,outside paper coverage
ED_n080_044_a25_130,ED,80,0.25,044,?,1965,1356.0,2022.8,2.86,17.5,1971.4,0.32,40.4,1971.4,0.324642,False,<0.5%,NA,NA,NA,NA,5,4,not_reported,outside paper coverage
ED_n080_044_a50_131,ED,80,0.5,044,?,3139,3003.0,3207.0,2.12,17.0,3156.0,0.54,30.1,3156.0,0.538657,False,0.5-1%,NA,NA,NA,NA,5,4,not_reported,outside paper coverage
ED_n080_044_a75_132,ED,80,0.75,044,?,3321,4126.0,3326.0,0.15,12.1,NA,NA,NA,3326.0,0.150331,False,<0.5%,NA,NA,NA,NA,5,4,not_reported,outside paper coverage
ED_n080_045_a25_133,ED,80,0.25,045,?,1680,1556.0,1762.0,4.65,26.3,1689.5,0.56,72.9,1689.5,0.562297,False,0.5-1%,NA,NA,NA,NA,5,4,not_reported,outside paper coverage
ED_n080_045_a50_134,ED,80,0.5,045,?,2667,3474.0,2736.5,2.54,20.4,2674.7,0.29,45.6,2674.7,0.287883,False,<0.5%,NA,NA,NA,NA,5,4,not_reported,outside paper coverage
ED_n080_045_a75_135,ED,80,0.75,045,?,2932,2703.0,2952.8,0.7,26.0,NA,NA,NA,2952.8,0.704416,False,0.5-1%,NA,NA,NA,NA,5,4,not_reported,outside paper coverage
