instance,family,n,alpha,phase,tier,obj,ub,gap_pct,seeds,phase_rt,cumul_rt,event
B_n140_022_a75_066,B,140,0.75,1,0,5178.0,5178,0.0,0,0.0,0.0,UB_PROVEN_INIT
EB_n150_028_a75_084,EB,150,0.75,1,0,5329.0,5337,0.14989694584972832,2,302.6377792999847,302.63781980006024,OBJ+7 tier->0
ED_n080_044_a75_132,ED,80,0.75,1,0,3322.0,3326,0.12026458208057728,1,301.4945326000452,301.4945807000622,OBJ+15 tier->0
B_n150_027_a50_080,B,150,0.5,1,0,5275.0,5323,0.9017471350742063,2,300.06292369996663,300.062966199941,OBJ+1 tier->0
B_n150_027_a50_080,B,150,0.5,2,0,5275.0,5288,0.24583963691376703,2,301.72638620005455,601.7894158000126,UB_TIGHT→GAP<0.3%
B_n140_023_a50_068,B,140,0.5,1,1,4942.0,4970,0.5633802816901409,2,302.3482417999767,302.34827600000426,STALL→tier0→1 d_max=29
B_n140_023_a50_068,B,140,0.5,2,1,4942.0,4949,0.14144271570014144,2,301.60526759992354,604.9975004999433,UB_TIGHT→GAP<0.3%
D_n065_026_a50_077,D,65,0.5,1,0,1848.0,1848,0.0,1,302.3551775999367,302.355211099959,UB_TIGHT→GAP<0.3%
D_n080_041_a50_122,D,80,0.5,1,0,2229.0,2235,0.2684563758389262,1,300.5556370000122,300.55568889994174,UB_TIGHT→GAP<0.3%
B_n150_027_a75_081,B,150,0.75,1,1,5420.0,5421,0.018446781036709093,2,300.0028600000078,300.0028997999616,STALL→tier0→1 d_max=36
D_n070_035_a50_104,D,70,0.5,1,1,2350.0,2403,2.2055763628797336,1,306.8449148000218,306.8449571999954,STALL→tier0→1 d_max=13
D_n070_035_a50_104,D,70,0.5,2,2,2350.0,2382,1.343408900083963,1,307.0297577000456,614.477864000015,STALL→tier1→2 d_max=18
D_n070_035_a50_104,D,70,0.5,3,3,2350.0,2368,0.7601351351351352,1,300.3788895999314,915.384693,TIERS_EXHAUSTED
EB_n130_018_a75_054,EB,130,0.75,1,0,4577.0,4584,0.15270506108202442,3,300.4869897000026,300.4870225000195,OBJ+16 tier->0
B_n130_017_a75_051,B,130,0.75,1,0,4646.0,4646,0.0,0,0.0,0.0,UB_PROVEN_INIT
EB_n140_022_a50_065,EB,140,0.5,1,0,4900.0,4985,1.7051153460381143,3,300.29419699998107,300.2942240999546,OBJ+24 tier->0
EB_n140_022_a50_065,EB,140,0.5,2,1,4900.0,4939,0.7896335290544645,3,300.2148849000223,600.5091664999491,STALL→tier0→1 d_max=25
EB_n140_022_a50_065,EB,140,0.5,3,2,4900.0,4926,0.5278116118554608,2,301.6491544999881,903.9042238999391,STALL→tier1→2 d_max=34
EB_n140_022_a50_065,EB,140,0.5,4,3,4900.0,4925,0.5076142131979695,2,302.25719939998817,1207.9369712999323,TIERS_EXHAUSTED
EB_n150_027_a50_080,EB,150,0.5,1,0,5040.0,5047,0.13869625520110956,3,301.13296680001076,301.1329902999569,OBJ+45 tier->0
B_n150_028_a50_083,B,150,0.5,1,1,5073.0,5109,0.7046388725778039,2,301.48919749993365,301.4892235000152,STALL→tier0→1 d_max=30
B_n150_028_a50_083,B,150,0.5,2,1,5073.0,5086,0.2556036177742823,1,299.1208256999962,601.633932900033,UB_TIGHT→GAP<0.3%
ED_n080_045_a50_134,ED,80,0.5,1,0,2655.0,2674,0.7105459985041137,1,305.65067230002023,305.65072450006846,OBJ+1 tier->0
ED_n080_045_a50_134,ED,80,0.5,2,0,2666.0,2674,0.2991772625280479,1,300.85338540002704,606.5041616000235,OBJ+11 tier->0
B_n140_022_a50_065,B,140,0.5,1,0,5080.0,5081,0.0196811651249754,2,300.4065135999117,300.40654609992635,UB_TIGHT→GAP<0.3%
B_n130_018_a50_053,B,130,0.5,1,0,4497.0,4497,0.0,2,302.7517371000722,302.7517622000305,UB_TIGHT→GAP<0.3%
B_n140_023_a75_069,B,140,0.75,1,0,5095.0,5095,0.0,2,300.71739550004713,300.71742180001456,UB_TIGHT→GAP<0.3%
D_n080_045_a75_135,D,80,0.75,1,0,2951.0,2956,0.16914749661705006,1,300.6221327999374,300.6221847999841,OBJ+7 tier->0
EB_n150_029_a75_087,EB,150,0.75,1,0,6185.0,6186,0.016165535079211122,2,300.9306204000022,300.9306478999788,OBJ+12 tier->0
B_n150_029_a75_087,B,150,0.75,1,0,6185.0,6185,0.0,2,300.2480629000347,300.24809440004174,UB_TIGHT→GAP<0.3%
EB_n150_028_a50_083,EB,150,0.5,1,0,5041.0,5128,1.6965678627145087,3,302.24864909995813,302.24867279990576,OBJ+58 tier->0
EB_n150_028_a50_083,EB,150,0.5,2,0,5045.0,5128,1.6185647425897036,2,300.6246362000238,602.8733545999276,OBJ+4 tier->0
EB_n150_028_a50_083,EB,150,0.5,3,1,5045.0,5083,0.7475900059020263,2,302.5750095999101,905.4484027998988,STALL→tier0→1 d_max=28
EB_n150_028_a50_083,EB,150,0.5,4,1,5045.0,5060,0.2964426877470355,2,301.27553019998595,1207.7594397999346,UB_TIGHT→GAP<0.3%
D_n080_043_a50_128,D,80,0.5,1,0,2723.0,2724,0.03671071953010279,1,303.9212169999955,303.92124069994316,UB_TIGHT→GAP<0.3%
ED_n080_044_a50_131,ED,80,0.5,1,0,3148.0,3156,0.25348542458808615,1,300.03229180001654,300.03232050000224,OBJ+111 tier->0
D_n080_044_a75_132,D,80,0.75,1,0,3323.0,3326,0.09019843656043296,1,307.08539930009283,307.08542170003057,OBJ+1 tier->0
EB_n140_022_a75_066,EB,140,0.75,1,0,5175.0,5175,0.0,0,0.0,0.0,UB_PROVEN_INIT
B_n130_018_a75_054,B,130,0.75,1,0,4578.0,4578,0.0,2,301.8738923999481,301.8739154000068,UB_TIGHT→GAP<0.3%
B_n150_026_a75_078,B,150,0.75,1,0,5191.0,5194,0.05775895263765884,1,302.2408597000176,302.2408814999508,UB_TIGHT→GAP<0.3%
EB_n140_023_a75_069,EB,140,0.75,1,0,5093.0,5102,0.1764014112112897,2,302.9452701000264,302.94529419997707,OBJ+5 tier->0
D_n080_042_a75_126,D,80,0.75,1,0,2468.0,2469,0.04050222762251924,1,312.2286385000916,312.22866220003925,UB_TIGHT→GAP<0.3%
EB_n150_027_a75_081,EB,150,0.75,1,0,5408.0,5414,0.11082379017362395,2,302.61167359992396,302.6116999000078,OBJ+21 tier->0
ED_n080_043_a75_129,ED,80,0.75,1,0,2797.0,2803,0.21405636817695325,1,302.0233548999531,302.0233927000081,OBJ+13 tier->0
EB_n140_023_a50_068,EB,140,0.5,1,0,4919.0,4974,1.1057498994772819,3,300.63053189998027,300.6305548000382,OBJ+55 tier->0
EB_n140_023_a50_068,EB,140,0.5,2,1,4919.0,4947,0.5659995957145745,2,300.0719070000341,600.7024902000558,STALL→tier0→1 d_max=28
EB_n140_023_a50_068,EB,140,0.5,3,1,4919.0,4928,0.18262987012987011,2,300.5488540000515,902.1715202000923,UB_TIGHT→GAP<0.3%
EB_n150_029_a50_086,EB,150,0.5,1,0,6066.0,6101,0.5736764464841829,2,303.3846415000735,303.3846627998864,OBJ+50 tier->0
EB_n150_029_a50_086,EB,150,0.5,2,0,6066.0,6078,0.19743336623889435,2,300.47956180002075,603.8642507999903,UB_TIGHT→GAP<0.3%
B_n150_028_a75_084,B,150,0.75,1,0,5330.0,5330,0.0,2,300.863404899952,300.86345269996673,UB_TIGHT→GAP<0.3%
D_n065_029_a50_086,D,65,0.5,1,1,2449.0,2463,0.5684125050751117,1,300.3024911999237,300.30251609999686,STALL→tier0→1 d_max=11
D_n065_029_a50_086,D,65,0.5,2,1,2449.0,2450,0.04081632653061225,1,301.0050097000785,601.6868826000718,UB_TIGHT→GAP<0.3%
D_n075_039_a75_117,D,75,0.75,1,0,3114.0,3114,0.0,1,307.30985700001474,307.30988149996847,UB_TIGHT→GAP<0.3%
B_n140_021_a75_063,B,140,0.75,1,0,4850.0,4853,0.0618174325159695,2,303.6506321000634,303.6506542999996,UB_TIGHT→GAP<0.3%
D_n075_036_a50_107,D,75,0.5,1,0,2101.0,2102,0.04757373929590866,1,301.30035239993595,301.30037730000913,UB_TIGHT→GAP<0.3%
D_n075_040_a50_119,D,75,0.5,1,1,2568.0,2618,1.9098548510313216,1,300.43007680005394,300.43009929999243,STALL→tier0→1 d_max=14
D_n075_040_a50_119,D,75,0.5,2,2,2568.0,2600,1.2307692307692308,1,311.43337939993944,612.916011299938,STALL→tier1→2 d_max=19
D_n075_040_a50_119,D,75,0.5,3,3,2568.0,2585,0.6576402321083172,1,308.0210800000932,922.0659570000134,TIERS_EXHAUSTED
D_n065_027_a50_080,D,65,0.5,1,0,1788.0,1801,0.7218212104386451,1,300.5704870999325,300.57052219996694,OBJ+1 tier->0
D_n065_027_a50_080,D,65,0.5,2,1,1788.0,1828,2.1881838074398248,1,300.2450892999768,600.8156436999561,STALL→tier0→1 d_max=10
D_n065_027_a50_080,D,65,0.5,3,2,1788.0,1803,0.8319467554076538,1,300.52890060003847,901.656343700015,STALL→tier1→2 d_max=14
D_n065_027_a50_080,D,65,0.5,4,3,1788.0,1801,0.7218212104386451,1,303.5297588999383,1205.4715441999724,TIERS_EXHAUSTED
D_n075_039_a50_116,D,75,0.5,1,1,3071.0,3082,0.3569110966904607,1,300.20272980001755,300.20277100009844,STALL→tier0→1 d_max=14
D_n075_039_a50_116,D,75,0.5,2,2,3071.0,3082,0.3569110966904607,1,307.93084619997535,608.7356167000253,STALL→tier1→2 d_max=18
D_n075_039_a50_116,D,75,0.5,3,3,3071.0,3082,0.3569110966904607,1,300.43576559994835,909.7160147000104,TIERS_EXHAUSTED
ED_n080_041_a50_122,ED,80,0.5,1,0,2223.0,2249,1.1560693641618496,1,300.22272259998135,300.2227505999617,OBJ+1 tier->0
ED_n080_041_a50_122,ED,80,0.5,2,0,2226.0,2249,1.0226767452200978,1,300.3544087000191,600.5771882999688,OBJ+3 tier->0
ED_n080_041_a50_122,ED,80,0.5,3,1,2226.0,2233,0.3134796238244514,1,300.2554431000026,900.8326568999328,STALL→tier0→1 d_max=14
ED_n080_041_a50_122,ED,80,0.5,4,2,2226.0,2233,0.3134796238244514,1,301.74531669996213,1205.5947220999515,STALL→tier1→2 d_max=19
ED_n080_041_a50_122,ED,80,0.5,5,2,2226.0,2232,0.2688172043010753,1,300.0275228000246,1508.5113236999605,UB_TIGHT→GAP<0.3%
EB_n140_024_a75_072,EB,140,0.75,1,0,5661.0,5662,0.017661603673613562,3,300.20219630002975,300.20223000005353,OBJ+5 tier->0
D_n075_038_a50_113,D,75,0.5,1,0,2522.0,2545,0.9037328094302555,1,300.3039729000302,300.3040057000471,OBJ+1 tier->0
D_n075_038_a50_113,D,75,0.5,2,0,2522.0,2522,0.0,1,305.04603059997316,605.3500919999788,UB_TIGHT→GAP<0.3%
B_n130_019_a50_056,B,130,0.5,1,0,5093.0,5093,0.0,3,300.91932330001146,300.9193555000238,UB_TIGHT→GAP<0.3%
ED_n080_045_a75_135,ED,80,0.75,1,0,2933.0,2952,0.6436314363143631,1,300.1142353999894,300.1142809999874,OBJ+14 tier->0
ED_n080_045_a75_135,ED,80,0.75,2,1,2933.0,2942,0.30591434398368456,1,307.85160249995533,607.965923099895,STALL→tier0→1 d_max=17
ED_n080_045_a75_135,ED,80,0.75,3,2,2933.0,2942,0.30591434398368456,1,307.52174889994785,916.661328899907,STALL→tier1→2 d_max=23
ED_n080_045_a75_135,ED,80,0.75,4,3,2933.0,2942,0.30591434398368456,1,301.78960459993687,1219.3103363999398,TIERS_EXHAUSTED
ED_n080_042_a50_125,ED,80,0.5,1,0,2148.0,2172,1.1049723756906076,1,300.35942579992115,300.35944779997226,OBJ+30 tier->0
ED_n080_042_a50_125,ED,80,0.5,2,1,2148.0,2201,2.407996365288505,1,301.26832489995286,601.6278009000234,STALL→tier0→1 d_max=12
ED_n080_042_a50_125,ED,80,0.5,3,0,2158.0,2201,1.9536574284416175,1,300.36476080003195,903.7948421000037,OBJ+10 tier->0
ED_n080_042_a50_125,ED,80,0.5,4,0,2159.0,2201,1.9082235347569285,1,305.73629799997434,1209.531207300024,OBJ+1 tier->0
ED_n080_042_a50_125,ED,80,0.5,5,1,2159.0,2171,0.5527406725011516,1,302.72272570000496,1512.2539768000133,STALL→tier0→1 d_max=13
ED_n080_042_a50_125,ED,80,0.5,6,0,2160.0,2171,0.5066789497927222,1,301.8908839999931,1815.6335801000241,OBJ+1 tier->0
ED_n080_042_a50_125,ED,80,0.5,7,0,2161.0,2171,0.4606172270842929,1,300.9650906000752,2116.5986947000492,OBJ+1 tier->0
ED_n080_042_a50_125,ED,80,0.5,8,0,2161.0,2165,0.18475750577367206,1,301.262596799992,2417.861329199979,UB_TIGHT→GAP<0.3%
D_n080_044_a50_131,D,80,0.5,1,1,3252.0,3273,0.6416131989000917,1,300.24094259995036,300.24099149997346,STALL→tier0→1 d_max=14
D_n080_044_a50_131,D,80,0.5,2,2,3252.0,3272,0.6112469437652812,1,311.4633716000244,612.0893208000343,STALL→tier1→2 d_max=19
D_n080_044_a50_131,D,80,0.5,3,3,3252.0,3272,0.6112469437652812,1,300.47751350002363,913.5141079999739,TIERS_EXHAUSTED
ED_n075_040_a75_120,ED,75,0.75,1,0,2731.0,2750,0.6909090909090909,1,300.34316439996473,300.343195799971,OBJ+23 tier->0
ED_n075_040_a75_120,ED,75,0.75,2,1,2731.0,2741,0.36483035388544327,1,313.52417210000567,613.8674010999966,STALL→tier0→1 d_max=16
ED_n075_040_a75_120,ED,75,0.75,3,2,2731.0,2740,0.3284671532846715,1,300.2957907000091,916.1699440999655,STALL→tier1→2 d_max=22
ED_n075_040_a75_120,ED,75,0.75,4,3,2731.0,2740,0.3284671532846715,1,307.24084149999544,1224.8537086999277,TIERS_EXHAUSTED
D_n080_045_a50_134,D,80,0.5,1,1,2749.0,2803,1.9265073135925792,1,305.31415309989825,305.3141823998885,STALL→tier0→1 d_max=14
D_n080_045_a50_134,D,80,0.5,2,2,2749.0,2785,1.2926391382405744,1,302.4409792999504,609.3261388998944,STALL→tier1→2 d_max=19
D_n080_045_a50_134,D,80,0.5,3,3,2749.0,2771,0.7939372067845544,1,300.5499917999841,911.7539946999168,TIERS_EXHAUSTED
ED_n075_040_a50_119,ED,75,0.5,1,0,2564.0,2614,1.9127773527161436,1,301.74892429995816,301.74894839990884,OBJ+11 tier->0
ED_n075_040_a50_119,ED,75,0.5,2,1,2564.0,2585,0.8123791102514507,1,318.94754860003013,620.6965281999437,STALL→tier0→1 d_max=13
ED_n075_040_a50_119,ED,75,0.5,3,2,2564.0,2573,0.3497862417411582,1,300.6235503000207,923.1383375999285,STALL→tier1→2 d_max=17
ED_n075_040_a50_119,ED,75,0.5,4,0,2565.0,2573,0.3109211037699184,1,303.4416852000868,1227.5589364999905,OBJ+1 tier->0
ED_n075_040_a50_119,ED,75,0.5,5,0,2565.0,2572,0.27216174183514774,1,300.28655970003456,1527.8455391000025,UB_TIGHT→GAP<0.3%
C_n075_028_a75_084,C,75,0.75,1,0,2582.0,2582,0.0,2,301.30661900003906,301.30665779998526,UB_TIGHT→GAP<0.3%
D_n065_028_a50_083,D,65,0.5,1,1,1970.0,1998,1.4014014014014013,1,300.09195250004996,300.0919849999482,STALL→tier0→1 d_max=11
D_n065_028_a50_083,D,65,0.5,2,2,1970.0,1977,0.3540718259989884,1,300.7816063000355,601.1560959999915,STALL→tier1→2 d_max=14
D_n065_028_a50_083,D,65,0.5,3,2,1970.0,1971,0.050735667174023336,1,300.223475900013,901.7766375999199,UB_TIGHT→GAP<0.3%
EB_n140_021_a50_062,EB,140,0.5,1,1,4493.0,4536,0.9479717813051146,3,300.2642872999422,300.2643361999653,STALL→tier0→1 d_max=23
EB_n140_021_a50_062,EB,140,0.5,2,2,4493.0,4515,0.48726467331118495,2,301.7029614999192,603.8863728999859,STALL→tier1→2 d_max=30
EB_n140_021_a50_062,EB,140,0.5,3,2,4493.0,4505,0.2663706992230854,2,300.0424881000072,905.8403152000392,UB_TIGHT→GAP<0.3%
D_n080_042_a50_125,D,80,0.5,1,0,2378.0,2381,0.125997480050399,1,303.4298140000319,303.4298412000062,UB_TIGHT→GAP<0.3%
ED_n075_039_a50_116,ED,75,0.5,1,0,2952.0,3075,4.0,1,302.07527859997936,302.075300199911,OBJ+14 tier->0
ED_n075_039_a50_116,ED,75,0.5,2,0,3039.0,3075,1.170731707317073,1,301.86637960001826,603.9417104999302,OBJ+87 tier->0
ED_n075_039_a50_116,ED,75,0.5,3,1,3039.0,3051,0.39331366764995085,1,300.36738429998513,904.3091290999437,STALL→tier0→1 d_max=12
ED_n075_039_a50_116,ED,75,0.5,4,0,3041.0,3051,0.32776138970829233,1,300.50700260000303,1205.3198060999857,OBJ+2 tier->0
ED_n075_039_a50_116,ED,75,0.5,5,1,3041.0,3051,0.32776138970829233,1,301.0296386999544,1506.349487499916,STALL→tier0→1 d_max=13
ED_n075_039_a50_116,ED,75,0.5,6,2,3041.0,3051,0.32776138970829233,1,304.042299700086,1811.100721099996,STALL→tier1→2 d_max=17
ED_n075_039_a50_116,ED,75,0.5,7,3,3041.0,3051,0.32776138970829233,1,304.1154086999595,2115.9452527998947,TIERS_EXHAUSTED
ED_n075_038_a50_113,ED,75,0.5,1,0,2409.0,2420,0.45454545454545453,1,300.185265099979,300.1853235999588,OBJ+30 tier->0
ED_n075_038_a50_113,ED,75,0.5,2,1,2409.0,2453,1.7937219730941705,1,306.95688800001517,607.1422514999285,STALL→tier0→1 d_max=12
ED_n075_038_a50_113,ED,75,0.5,3,0,2411.0,2453,1.7121891561353444,1,304.9709241000237,912.7518634999869,OBJ+2 tier->0
ED_n075_038_a50_113,ED,75,0.5,4,1,2411.0,2433,0.9042334566378957,1,302.16870879998896,1214.9205996999517,STALL→tier0→1 d_max=13
ED_n075_038_a50_113,ED,75,0.5,5,1,2411.0,2415,0.16563146997929606,1,308.2236677999608,1523.7862279999536,UB_TIGHT→GAP<0.3%
D_n070_034_a50_101,D,70,0.5,1,0,2738.0,2739,0.03650967506389193,1,300.05724929994904,300.05729919997975,UB_TIGHT→GAP<0.3%
B_n150_028_a25_082,B,150,0.25,1,1,3890.0,3929,0.9926189870195978,3,300.01526289992034,300.01528389996383,STALL→tier0→1 d_max=16
B_n150_028_a25_082,B,150,0.25,2,2,3890.0,3917,0.6893030380393158,3,300.36838040000293,601.7245204000501,STALL→tier1→2 d_max=21
B_n150_028_a25_082,B,150,0.25,3,3,3890.0,3907,0.43511645764013307,3,300.0724847000092,902.932357099955,TIERS_EXHAUSTED
ED_n065_029_a50_086,ED,65,0.5,1,0,2340.0,2341,0.042716787697565144,1,300.166813799995,300.1668473999016,OBJ+112 tier->0
EB_n130_017_a75_051,EB,130,0.75,1,0,4644.0,4644,0.0,0,0.0,0.0,UB_PROVEN_INIT
D_n075_040_a75_120,D,75,0.75,1,0,2749.0,2750,0.03636363636363636,1,304.69368519994896,304.69370720000006,UB_TIGHT→GAP<0.3%
B_n140_024_a75_072,B,140,0.75,1,0,5663.0,5663,0.0,0,0.0,0.0,UB_PROVEN_INIT
B_n140_024_a25_070,B,140,0.25,1,1,4264.0,4319,1.2734429266033804,3,300.0078480000375,300.0078706999775,STALL→tier0→1 d_max=17
B_n140_024_a25_070,B,140,0.25,2,2,4264.0,4315,1.1819235225955969,3,300.01993890001904,601.4121382000158,STALL→tier1→2 d_max=23
B_n140_024_a25_070,B,140,0.25,3,3,4264.0,4315,1.1819235225955969,3,300.0104794999352,902.3354997999268,TIERS_EXHAUSTED
B_n150_029_a50_086,B,150,0.5,1,0,6102.0,6102,0.0,1,300.30127890000585,300.3013032999588,UB_TIGHT→GAP<0.3%
D_n075_037_a50_110,D,75,0.5,1,1,2229.0,2230,0.04484304932735426,1,302.021269400022,302.02131039998494,STALL→tier0→1 d_max=12
ED_n070_033_a75_099,ED,70,0.75,1,0,2350.0,2358,0.33927056827820185,1,300.5322662999388,300.5322944999207,OBJ+2 tier->0
ED_n070_033_a75_099,ED,70,0.75,2,0,2350.0,2350,0.0,1,300.07227689994033,600.6046247999184,UB_TIGHT→GAP<0.3%
D_n060_025_a50_074,D,60,0.5,1,1,2114.0,2126,0.5644402634054563,1,301.2908600999508,301.29088560002856,STALL→tier0→1 d_max=11
D_n060_025_a50_074,D,60,0.5,2,1,2114.0,2114,0.0,1,300.3430767999962,602.1337571000913,UB_TIGHT→GAP<0.3%
EB_n140_024_a50_071,EB,140,0.5,1,0,5525.0,5568,0.7722701149425287,2,300.63376779993996,300.6337948999135,OBJ+52 tier->0
EB_n140_024_a50_071,EB,140,0.5,2,0,5525.0,5538,0.2347417840375587,2,300.0671458999859,600.700977099943,UB_TIGHT→GAP<0.3%
EB_n140_021_a75_063,EB,140,0.75,1,0,4846.0,4860,0.2880658436213992,2,302.61838549992535,302.61841270001605,OBJ+6 tier->0
D_n070_031_a75_093,D,70,0.75,1,0,1932.0,1934,0.1034126163391934,1,300.1077601999277,300.1077803999651,UB_TIGHT→GAP<0.3%
EC_n080_032_a50_095,EC,80,0.5,1,0,2275.0,2288,0.5681818181818182,2,300.11796639999375,300.11799070006236,OBJ+13 tier->0
EC_n080_032_a50_095,EC,80,0.5,2,1,2275.0,2316,1.770293609671848,2,300.074290700024,600.1923123000888,STALL→tier0→1 d_max=15
EC_n080_032_a50_095,EC,80,0.5,3,2,2275.0,2295,0.8714596949891068,2,301.4389521999983,902.2217571000801,STALL→tier1→2 d_max=20
EC_n080_032_a50_095,EC,80,0.5,4,3,2275.0,2286,0.4811898512685914,2,301.46290340006817,1204.2054285000777,TIERS_EXHAUSTED
C_n075_027_a75_081,C,75,0.75,1,0,2232.0,2232,0.0,2,300.09336520009674,300.09338820003904,UB_TIGHT→GAP<0.3%
B_n130_016_a75_048,B,130,0.75,1,0,4333.0,4334,0.023073373327180433,2,300.5593786999816,300.55941969994456,UB_TIGHT→GAP<0.3%
B_n150_029_a25_085,B,150,0.25,1,1,4595.0,4624,0.6271626297577855,3,300.96020309999585,300.96022869995795,STALL→tier0→1 d_max=19
B_n150_029_a25_085,B,150,0.25,2,1,4595.0,4607,0.2604731929672238,3,300.444431800046,602.6303021999775,UB_TIGHT→GAP<0.3%
EB_n150_029_a25_085,EB,150,0.25,1,0,4054.0,4078,0.588523786169691,4,300.01593950006645,300.01596089999657,OBJ+322 tier->0
EB_n150_029_a25_085,EB,150,0.25,2,1,4054.0,4099,1.0978287387167602,3,300.31974259996787,600.3367361999117,STALL→tier0→1 d_max=16
EB_n150_029_a25_085,EB,150,0.25,3,2,4054.0,4073,0.4664866191996072,3,300.4252967000939,901.8205143000232,STALL→tier1→2 d_max=22
EB_n150_029_a25_085,EB,150,0.25,4,2,4054.0,4063,0.22151119862170812,5,300.03155850002076,1202.7949760999763,UB_TIGHT→GAP<0.3%
D_n080_043_a75_129,D,80,0.75,1,0,2800.0,2800,0.0,1,311.8643408000935,311.86438230006024,UB_TIGHT→GAP<0.3%
ED_n080_043_a50_128,ED,80,0.5,1,0,2619.0,2635,0.6072106261859582,1,300.20908669999335,300.2091310999822,OBJ+39 tier->0
ED_n080_043_a50_128,ED,80,0.5,2,0,2628.0,2635,0.2656546489563567,1,302.94347620010376,603.1526360000717,OBJ+9 tier->0
EB_n150_026_a75_078,EB,150,0.75,1,0,5175.0,5195,0.384985563041386,2,301.93937299994286,301.93939760001376,OBJ+17 tier->0
EB_n150_026_a75_078,EB,150,0.75,2,0,5175.0,5183,0.1543507621068879,3,300.1059755999595,602.0454035999719,UB_TIGHT→GAP<0.3%
D_n065_030_a75_090,D,65,0.75,1,0,2507.0,2507,0.0,1,301.4240688000573,301.4241038999753,UB_TIGHT→GAP<0.3%
ED_n075_037_a50_110,ED,75,0.5,1,0,2097.0,2108,0.5218216318785579,1,300.3412468000315,300.34129300003406,OBJ+20 tier->0
ED_n075_037_a50_110,ED,75,0.5,2,0,2098.0,2108,0.47438330170777987,1,300.53049769997597,600.871821800014,OBJ+1 tier->0
ED_n075_037_a50_110,ED,75,0.5,3,1,2098.0,2147,2.282254308337215,1,300.2661809999263,901.1380851999857,STALL→tier0→1 d_max=11
ED_n075_037_a50_110,ED,75,0.5,4,0,2099.0,2147,2.235677689799721,1,301.77757180004846,1204.0039014000213,OBJ+1 tier->0
ED_n075_037_a50_110,ED,75,0.5,5,1,2099.0,2119,0.9438414346389806,1,301.8959965999238,1505.8999313999666,STALL→tier0→1 d_max=11
ED_n075_037_a50_110,ED,75,0.5,6,2,2099.0,2106,0.33238366571699907,1,301.4218739999924,1808.0598563000094,STALL→tier1→2 d_max=15
ED_n075_037_a50_110,ED,75,0.5,7,2,2099.0,2103,0.1902044698050404,1,300.20808520005085,2109.137967900024,UB_TIGHT→GAP<0.3%
ED_n070_035_a25_103,ED,70,0.25,1,0,1479.0,1495,1.0702341137123745,2,300.96210010000505,300.96213400003035,OBJ+125 tier->0
ED_n070_035_a25_103,ED,70,0.25,2,1,1479.0,1511,2.1178027796161483,3,300.0256436000345,600.9878080000635,STALL→tier0→1 d_max=7
ED_n070_035_a25_103,ED,70,0.25,3,2,1479.0,1498,1.268357810413885,3,300.62377840001136,902.1862954000244,STALL→tier1→2 d_max=10
ED_n070_035_a25_103,ED,70,0.25,4,3,1479.0,1489,0.6715916722632639,3,300.42612339998595,1203.317213100032,TIERS_EXHAUSTED
D_n080_041_a75_123,D,80,0.75,1,0,2270.0,2271,0.044033465433729636,1,306.3868422000669,306.38692509999964,UB_TIGHT→GAP<0.3%
EC_n080_034_a50_101,EC,80,0.5,1,0,3174.0,3187,0.4079071226859115,2,300.08658520004246,300.08661340002436,OBJ+123 tier->0
EC_n080_034_a50_101,EC,80,0.5,2,0,3174.0,3177,0.09442870632672333,2,301.21963829989545,601.3063185999636,UB_TIGHT→GAP<0.3%
ED_n070_031_a75_093,ED,70,0.75,1,0,1928.0,1940,0.6185567010309279,1,301.80778919998556,301.8078142000595,OBJ+13 tier->0
ED_n070_031_a75_093,ED,70,0.75,2,0,1929.0,1940,0.5670103092783505,1,301.6036285000155,603.4115064000944,OBJ+1 tier->0
ED_n070_031_a75_093,ED,70,0.75,3,0,1929.0,1932,0.15527950310559005,1,304.6124705999391,908.0240189000033,UB_TIGHT→GAP<0.3%
B_n150_026_a50_077,B,150,0.5,1,0,4973.0,5031,1.1528523156430133,3,300.06734790001065,300.0673732999712,OBJ+1 tier->0
B_n150_026_a50_077,B,150,0.5,2,1,4973.0,5001,0.5598880223955209,2,300.0016596999485,600.0690846999642,STALL→tier0→1 d_max=26
B_n150_026_a50_077,B,150,0.5,3,1,4973.0,4982,0.1806503412284223,2,302.2432402999839,903.9814494999591,UB_TIGHT→GAP<0.3%
B_n130_017_a50_050,B,130,0.5,1,0,4594.0,4595,0.02176278563656148,2,301.24717119999696,301.2472139999736,UB_TIGHT→GAP<0.3%
ED_n075_039_a75_117,ED,75,0.75,1,0,3113.0,3115,0.06420545746388442,1,300.48561490001157,300.48563979996834,OBJ+4 tier->0
EB_n150_030_a50_089,EB,150,0.5,1,0,4910.0,4963,1.067902478339714,3,301.268536199932,301.26855929999147,OBJ+24 tier->0
EB_n150_030_a50_089,EB,150,0.5,2,0,4917.0,4963,0.926858754785412,3,300.78416469995864,602.0527743999846,OBJ+7 tier->0
EB_n150_030_a50_089,EB,150,0.5,3,1,4917.0,4940,0.465587044534413,2,300.0419669999974,902.0948669000063,STALL→tier0→1 d_max=23
EB_n150_030_a50_089,EB,150,0.5,4,0,4918.0,4940,0.44534412955465585,2,300.28414209990297,1203.126938499976,OBJ+1 tier->0
EB_n150_030_a50_089,EB,150,0.5,5,0,4918.0,4932,0.28386050283860503,3,300.3371743001044,1503.4641730999574,UB_TIGHT→GAP<0.3%
B_n140_024_a50_071,B,140,0.5,1,0,5577.0,5578,0.017927572606669058,2,301.0236393000232,301.02366280008573,UB_TIGHT→GAP<0.3%
ED_n075_036_a50_107,ED,75,0.5,1,0,1986.0,1996,0.501002004008016,1,304.20928489998914,304.20931229996495,OBJ+29 tier->0
ED_n075_036_a50_107,ED,75,0.5,2,1,1986.0,2016,1.488095238095238,1,305.02743519993965,609.2368015999673,STALL→tier0→1 d_max=10
ED_n075_036_a50_107,ED,75,0.5,3,2,1986.0,1997,0.5508262393590386,1,300.13100829999894,909.8973589999368,STALL→tier1→2 d_max=14
ED_n075_036_a50_107,ED,75,0.5,4,0,1987.0,1997,0.5007511266900351,1,300.7315180998994,1211.2088642999297,OBJ+1 tier->0
ED_n075_036_a50_107,ED,75,0.5,5,0,1987.0,1989,0.10055304172951231,1,300.06957970000803,1511.278504399932,UB_TIGHT→GAP<0.3%
B_n130_020_a75_060,B,130,0.75,1,0,4596.0,4597,0.021753317380900587,3,300.9214649000205,300.92149020009674,UB_TIGHT→GAP<0.3%
B_n140_023_a25_067,B,140,0.25,1,1,3781.0,3821,1.0468463752944255,5,300.0769049000228,300.076927099959,STALL→tier0→1 d_max=16
B_n140_023_a25_067,B,140,0.25,2,2,3781.0,3804,0.6046267087276551,4,300.16113799996674,601.3539978999179,STALL→tier1→2 d_max=21
B_n140_023_a25_067,B,140,0.25,3,3,3781.0,3798,0.44760400210637175,4,300.79633519996423,903.3345421999693,TIERS_EXHAUSTED
D_n070_033_a75_099,D,70,0.75,1,0,2351.0,2351,0.0,1,303.77133760007564,303.7713674000697,UB_TIGHT→GAP<0.3%
B_n140_025_a50_074,B,140,0.5,1,0,4639.0,4677,0.8124866367329484,3,300.27723619993776,300.27728539996315,OBJ+1 tier->0
B_n140_025_a50_074,B,140,0.5,2,1,4639.0,4653,0.3008811519449818,2,300.0321992000099,600.3095222000265,STALL→tier0→1 d_max=25
B_n140_025_a50_074,B,140,0.5,3,1,4639.0,4642,0.06462731581214994,2,301.15650959999766,902.1004308999982,UB_TIGHT→GAP<0.3%
EB_n140_024_a25_070,EB,140,0.25,1,0,3611.0,3617,0.16588332872546308,7,300.02011169993784,300.02013520000037,OBJ+1 tier->0
ED_n070_032_a75_096,ED,70,0.75,1,0,2083.0,2102,0.9039010466222646,1,300.1004030999029,300.10042579995934,OBJ+29 tier->0
ED_n070_032_a75_096,ED,70,0.75,2,1,2083.0,2097,0.6676204101096805,1,306.8449469000334,606.9454178999877,STALL→tier0→1 d_max=14
ED_n070_032_a75_096,ED,70,0.75,3,2,2083.0,2096,0.6202290076335878,1,302.62584850005805,910.121305800043,STALL→tier1→2 d_max=19
ED_n070_032_a75_096,ED,70,0.75,4,3,2083.0,2096,0.6202290076335878,1,300.1708485999843,1210.7901492000092,TIERS_EXHAUSTED
EB_n150_026_a50_077,EB,150,0.5,1,1,4811.0,4856,0.9266886326194398,3,300.5027065000031,300.5027583000483,STALL→tier0→1 d_max=23
EB_n150_026_a50_077,EB,150,0.5,2,2,4811.0,4835,0.4963805584281282,2,300.2403341999743,602.5009437999688,STALL→tier1→2 d_max=31
EB_n150_026_a50_077,EB,150,0.5,3,2,4811.0,4822,0.22812111157196183,3,300.54430860001594,904.8127938000252,UB_TIGHT→GAP<0.3%
ED_n065_030_a50_089,ED,65,0.5,1,0,2333.0,2376,1.80976430976431,1,302.8749538999982,302.8749902000418,OBJ+11 tier->0
ED_n065_030_a50_089,ED,65,0.5,2,0,2334.0,2376,1.7676767676767675,1,306.9026076999726,609.7776388999773,OBJ+1 tier->0
ED_n065_030_a50_089,ED,65,0.5,3,1,2334.0,2348,0.596252129471891,1,304.1361882999772,913.9138591999654,STALL→tier0→1 d_max=12
ED_n065_030_a50_089,ED,65,0.5,4,1,2334.0,2340,0.2564102564102564,1,300.87462079990655,1215.3172499999637,UB_TIGHT→GAP<0.3%
EB_n130_020_a75_060,EB,130,0.75,1,0,4584.0,4593,0.1959503592423253,3,300.00165260001086,300.00172009994276,OBJ+37 tier->0
D_n070_033_a25_097,D,70,0.25,1,1,1615.0,1637,1.3439218081857056,3,300.7547399000032,300.7547622999409,STALL→tier0→1 d_max=7
D_n070_033_a25_097,D,70,0.25,2,2,1615.0,1624,0.5541871921182266,3,300.1350224999478,601.3052749999333,STALL→tier1→2 d_max=10
D_n070_033_a25_097,D,70,0.25,3,2,1615.0,1618,0.1854140914709518,3,300.9474365999922,902.6906405999325,UB_TIGHT→GAP<0.3%
EC_n080_033_a50_098,EC,80,0.5,1,0,2645.0,2651,0.2263296869105998,2,302.0575129999779,302.05756180000026,OBJ+22 tier->0
B_n130_020_a50_059,B,130,0.5,1,0,4306.0,4306,0.0,3,300.4164621999953,300.4165140999248,UB_TIGHT→GAP<0.3%
D_n060_024_a50_071,D,60,0.5,1,1,2249.0,2261,0.5307386112339673,1,302.05093330005184,302.0509671999607,STALL→tier0→1 d_max=11
D_n060_024_a50_071,D,60,0.5,2,1,2249.0,2249,0.0,1,302.2230937000131,604.5436571999453,UB_TIGHT→GAP<0.3%
EB_n140_025_a75_075,EB,140,0.75,1,0,4940.0,4940,0.0,3,300.045612399932,300.04566069995053,UB_TIGHT→GAP<0.3%
C_n075_029_a75_087,C,75,0.75,1,0,3223.0,3223,0.0,0,0.0,0.0,UB_PROVEN_INIT
D_n075_039_a25_115,D,75,0.25,1,1,2266.0,2280,0.6140350877192983,2,300.5509006000357,300.5509330999339,STALL→tier0→1 d_max=8
D_n075_039_a25_115,D,75,0.25,2,1,2266.0,2268,0.08818342151675485,2,300.1164711000165,601.1848316999385,UB_TIGHT→GAP<0.3%
B_n150_030_a50_089,B,150,0.5,1,1,4973.0,4995,0.44044044044044045,2,300.68748279998545,300.68764189991634,STALL→tier0→1 d_max=26
B_n150_030_a50_089,B,150,0.5,2,1,4973.0,4980,0.14056224899598393,2,300.10736069991253,601.5842145999195,UB_TIGHT→GAP<0.3%
ED_n080_042_a75_126,ED,80,0.75,1,0,2448.0,2466,0.7299270072992701,1,307.74202340003103,307.74207350006327,OBJ+4 tier->0
ED_n080_042_a75_126,ED,80,0.75,2,0,2457.0,2466,0.36496350364963503,1,307.01696770009585,614.7590915000765,OBJ+9 tier->0
ED_n080_042_a75_126,ED,80,0.75,3,0,2457.0,2458,0.04068348250610252,1,311.11672239995096,925.8759502000175,UB_TIGHT→GAP<0.3%
ED_n060_025_a50_074,ED,60,0.5,1,0,2014.0,2042,1.3712047012732616,1,301.6742296998855,301.6742544999579,OBJ+1 tier->0
ED_n060_025_a50_074,ED,60,0.5,2,1,2014.0,2057,2.0904229460379193,2,300.1882631999906,601.8625664999709,STALL→tier0→1 d_max=10
ED_n060_025_a50_074,ED,60,0.5,3,2,2014.0,2042,1.3712047012732616,1,300.84015559998807,902.9845695999684,STALL→tier1→2 d_max=14
ED_n060_025_a50_074,ED,60,0.5,4,3,2014.0,2034,0.983284169124877,1,301.92814540001564,1205.1978023999836,TIERS_EXHAUSTED
D_n080_043_a25_127,D,80,0.25,1,1,2006.0,2028,1.0848126232741617,2,300.4274362999713,300.42746470007114,STALL→tier0→1 d_max=8
D_n080_043_a25_127,D,80,0.25,2,2,2006.0,2014,0.3972194637537239,2,301.47030479996465,602.7010626000119,STALL→tier1→2 d_max=11
D_n080_043_a25_127,D,80,0.25,3,2,2006.0,2008,0.099601593625498,2,301.2195477000205,904.7737566999858,UB_TIGHT→GAP<0.3%
B_n150_030_a75_090,B,150,0.75,1,0,5281.0,5286,0.09458948164964057,2,301.3959094999591,301.39593599992804,OBJ+1 tier->0
B_n140_021_a50_062,B,140,0.5,1,1,4654.0,4677,0.49176822749625826,2,300.68443240004126,300.68446779996157,STALL→tier0→1 d_max=25
B_n140_021_a50_062,B,140,0.5,2,1,4654.0,4660,0.12875536480686695,2,300.01980440004263,602.407102099969,UB_TIGHT→GAP<0.3%
ED_n080_041_a75_123,ED,80,0.75,1,0,2261.0,2280,0.8333333333333334,1,300.54425220005214,300.54429230000824,OBJ+4 tier->0
ED_n080_041_a75_123,ED,80,0.75,2,0,2267.0,2280,0.5701754385964912,1,303.77814160007983,604.3224788999651,OBJ+6 tier->0
ED_n080_041_a75_123,ED,80,0.75,3,0,2268.0,2280,0.5263157894736842,1,301.08715799998026,905.4097558000358,OBJ+1 tier->0
ED_n080_041_a75_123,ED,80,0.75,4,0,2268.0,2271,0.13210039630118892,1,306.72195619996637,1212.1317629000405,UB_TIGHT→GAP<0.3%
ED_n075_037_a75_111,ED,75,0.75,1,0,2326.0,2335,0.3854389721627409,1,306.704474600032,306.70450730004814,OBJ+31 tier->0
ED_n075_037_a75_111,ED,75,0.75,2,0,2326.0,2327,0.04297378599054577,1,306.2902226001024,612.9947776000481,UB_TIGHT→GAP<0.3%
D_n075_038_a25_112,D,75,0.25,1,1,1815.0,1840,1.358695652173913,2,300.7635715000797,300.7636101000244,STALL→tier0→1 d_max=8
D_n075_038_a25_112,D,75,0.25,2,2,1815.0,1825,0.547945205479452,2,300.1719884000486,601.6595284000505,STALL→tier1→2 d_max=11
D_n075_038_a25_112,D,75,0.25,3,2,1815.0,1818,0.16501650165016502,2,300.00242389994673,902.4809813000029,UB_TIGHT→GAP<0.3%
EB_n140_025_a50_074,EB,140,0.5,1,0,4596.0,4640,0.9482758620689655,3,300.8729497999884,300.87298570002895,OBJ+54 tier->0
EB_n140_025_a50_074,EB,140,0.5,2,1,4596.0,4612,0.3469210754553339,2,300.04839100001846,600.9214423000813,STALL→tier0→1 d_max=24
EB_n140_025_a50_074,EB,140,0.5,3,1,4596.0,4606,0.21710811984368217,2,300.0309907000046,901.5802037999965,UB_TIGHT→GAP<0.3%
EB_n130_019_a75_057,EB,130,0.75,1,0,5291.0,5300,0.16981132075471697,3,301.9386986999307,301.9387280999217,OBJ+3 tier->0
EC_n080_035_a50_104,EC,80,0.5,1,0,2667.0,2678,0.4107542942494399,3,300.0521930999821,300.0522375999717,OBJ+2 tier->0
EC_n080_035_a50_104,EC,80,0.5,2,1,2667.0,2695,1.0389610389610389,2,300.4616415000055,600.5139292000094,STALL→tier0→1 d_max=14
EC_n080_035_a50_104,EC,80,0.5,3,2,2667.0,2680,0.4850746268656716,2,300.5713669999968,901.385451399954,STALL→tier1→2 d_max=19
EC_n080_035_a50_104,EC,80,0.5,4,3,2667.0,2678,0.4107542942494399,2,301.5032057999633,1203.196617199923,TIERS_EXHAUSTED
B_n130_016_a50_047,B,130,0.5,1,1,4156.0,4182,0.6217120994739359,3,300.9187179999426,300.91875750001054,STALL→tier0→1 d_max=24
B_n130_016_a50_047,B,130,0.5,2,1,4156.0,4163,0.16814797021378813,2,300.03785229998175,602.5038441000506,UB_TIGHT→GAP<0.3%
EB_n130_016_a75_048,EB,130,0.75,1,0,4329.0,4339,0.23046784973496198,3,300.1962004000088,300.1962254999671,OBJ+5 tier->0
D_n070_032_a75_096,D,70,0.75,1,1,2098.0,2106,0.3798670465337132,1,300.17414290003944,300.17417890008073,STALL→tier0→1 d_max=16
D_n070_032_a75_096,D,70,0.75,2,2,2098.0,2106,0.3798670465337132,1,302.68017900001723,603.3896249000682,STALL→tier1→2 d_max=21
D_n070_032_a75_096,D,70,0.75,3,3,2098.0,2106,0.3798670465337132,1,306.04592790000606,909.9770759000676,TIERS_EXHAUSTED
D_n075_038_a75_114,D,75,0.75,1,0,2579.0,2579,0.0,1,300.501170399948,300.5011972000357,UB_TIGHT→GAP<0.3%
D_n080_041_a25_121,D,80,0.25,1,1,1725.0,1749,1.3722126929674099,1,301.7871769000776,301.78720370004885,STALL→tier0→1 d_max=8
D_n080_041_a25_121,D,80,0.25,2,1,1725.0,1727,0.11580775911986102,1,300.2091473999899,604.1790871999692,UB_TIGHT→GAP<0.3%
B_n130_019_a75_057,B,130,0.75,1,0,5307.0,5307,0.0,3,300.2702746000141,300.2703288999619,UB_TIGHT→GAP<0.3%
EB_n150_030_a75_090,EB,150,0.75,1,0,5278.0,5285,0.13245033112582782,2,301.87874700000975,301.87880159995984,OBJ+23 tier->0
D_n075_037_a25_109,D,75,0.25,1,1,1515.0,1548,2.131782945736434,2,300.84596509998664,300.8459996000165,STALL→tier0→1 d_max=7
D_n075_037_a25_109,D,75,0.25,2,2,1515.0,1520,0.3289473684210526,2,300.56301959999837,602.3290014000377,STALL→tier1→2 d_max=10
D_n075_037_a25_109,D,75,0.25,3,2,1515.0,1516,0.06596306068601583,2,300.11252019996755,903.3209586000303,UB_TIGHT→GAP<0.3%
D_n080_042_a25_124,D,80,0.25,1,1,1537.0,1590,3.3333333333333335,2,300.03851470001973,300.03854149999097,STALL→tier0→1 d_max=8
D_n080_042_a25_124,D,80,0.25,2,2,1537.0,1556,1.2210796915167095,2,301.1886570000788,602.6088921000483,STALL→tier1→2 d_max=11
D_n080_042_a25_124,D,80,0.25,3,3,1537.0,1547,0.6464124111182934,2,301.2015752000734,905.3652533000568,TIERS_EXHAUSTED
D_n055_020_a75_060,D,55,0.75,1,0,1958.0,1958,0.0,0,0.0,0.0,UB_PROVEN_INIT
B_n150_030_a25_088,B,150,0.25,1,1,3550.0,3561,0.3089019938219601,5,300.3545844000764,300.3546204000013,STALL→tier0→1 d_max=14
B_n150_030_a25_088,B,150,0.25,2,1,3550.0,3553,0.08443568815085843,6,300.37929419998545,601.4932485999307,UB_TIGHT→GAP<0.3%
D_n080_044_a25_130,D,80,0.25,1,1,2265.0,2288,1.0052447552447552,2,300.0184127999237,300.01844240003265,STALL→tier0→1 d_max=8
D_n080_044_a25_130,D,80,0.25,2,2,2265.0,2272,0.30809859154929575,2,300.26387269992847,601.2089810000034,STALL→tier1→2 d_max=11
D_n080_044_a25_130,D,80,0.25,3,2,2265.0,2268,0.13227513227513227,2,300.8221494000172,902.8295042000245,UB_TIGHT→GAP<0.3%
ED_n070_034_a75_102,ED,70,0.75,1,0,2904.0,2909,0.1718803712616019,1,301.2531459000893,301.25316820002627,OBJ+22 tier->0
D_n075_040_a25_118,D,75,0.25,1,1,1820.0,1861,2.203116603976357,1,300.06129260000307,300.0613209999865,STALL→tier0→1 d_max=9
D_n075_040_a25_118,D,75,0.25,2,2,1820.0,1835,0.8174386920980926,2,300.03812069993,600.8114967999281,STALL→tier1→2 d_max=12
D_n075_040_a25_118,D,75,0.25,3,3,1820.0,1828,0.437636761487965,2,300.9958875000011,903.0335236999672,TIERS_EXHAUSTED
D_n055_019_a75_057,D,55,0.75,1,0,2173.0,2173,0.0,0,0.0,0.0,UB_PROVEN_INIT
ED_n075_036_a75_108,ED,75,0.75,1,0,2141.0,2151,0.46490004649000466,1,300.09628749999683,300.0963097999338,OBJ+14 tier->0
ED_n075_036_a75_108,ED,75,0.75,2,0,2141.0,2144,0.13992537313432835,1,302.109720599954,602.2060698999558,UB_TIGHT→GAP<0.3%
C_n075_030_a75_090,C,75,0.75,1,0,2722.0,2722,0.0,2,301.1266091000289,301.1266348999925,UB_TIGHT→GAP<0.3%
D_n070_031_a25_091,D,70,0.25,1,0,1276.0,1276,0.0,0,0.0,0.0,UB_PROVEN_INIT
B_n150_026_a25_076,B,150,0.25,1,1,3246.0,3342,2.872531418312388,6,300.4328914000653,300.4329185000388,STALL→tier0→1 d_max=15
B_n150_026_a25_076,B,150,0.25,2,2,3246.0,3308,1.8742442563482467,6,300.1067692000652,602.0071428000228,STALL→tier1→2 d_max=20
B_n150_026_a25_076,B,150,0.25,3,3,3246.0,3307,1.8445721197459932,5,300.016776299919,903.6215562999714,TIERS_EXHAUSTED
EB_n150_030_a25_088,EB,150,0.25,1,0,2970.0,2971,0.03365870077415012,7,300.38888099999167,300.38890410005115,OBJ+223 tier->0
B_n120_012_a50_035,B,120,0.5,1,0,4182.0,4182,0.0,0,0.0,0.0,UB_PROVEN_INIT
D_n055_018_a75_054,D,55,0.75,1,0,1614.0,1614,0.0,0,0.0,0.0,UB_PROVEN_INIT
EB_n140_025_a25_073,EB,140,0.25,1,0,2753.0,2753,0.0,1,30.12792219989933,30.127951300004497,UB_STOP
D_n075_037_a75_111,D,75,0.75,1,0,2337.0,2338,0.0427715996578272,1,300.6334693999961,300.63349899998866,UB_TIGHT→GAP<0.3%
ED_n055_016_a75_048,ED,55,0.75,1,0,1488.0,1488,0.0,1,301.93299829994794,301.9330330999801,UB_TIGHT→GAP<0.3%
ED_n065_029_a75_087,ED,65,0.75,1,0,2595.0,2599,0.15390534821085033,1,309.1793653999921,309.1793945999816,OBJ+4 tier->0
D_n080_045_a25_133,D,80,0.25,1,0,1910.0,1933,1.189860320744956,2,300.06288540002424,300.06290270003956,OBJ+9 tier->0
D_n080_045_a25_133,D,80,0.25,2,1,1910.0,1956,2.3517382413087935,1,301.56733059999533,601.6302706999704,STALL→tier0→1 d_max=9
D_n080_045_a25_133,D,80,0.25,3,2,1910.0,1932,1.1387163561076603,1,300.3370466999477,903.4171847000252,STALL→tier1→2 d_max=12
D_n080_045_a25_133,D,80,0.25,4,3,1910.0,1923,0.6760270410816432,1,300.20799739996437,1205.169458199991,TIERS_EXHAUSTED
D_n075_036_a75_108,D,75,0.75,1,0,2145.0,2154,0.4178272980501393,1,309.5222270999802,309.52227650000714,OBJ+1 tier->0
D_n075_036_a75_108,D,75,0.75,2,0,2145.0,2147,0.09315323707498836,1,300.74220630002674,610.2645262000151,UB_TIGHT→GAP<0.3%
D_n055_016_a50_047,D,55,0.5,1,0,1449.0,1449,0.0,2,300.8263471000828,300.8263913000701,UB_TIGHT→GAP<0.3%
B_n140_025_a75_075,B,140,0.75,1,0,4941.0,4941,0.0,2,303.27912600000855,303.2791566000087,UB_TIGHT→GAP<0.3%
D_n070_032_a25_094,D,70,0.25,1,1,1196.0,1239,3.470540758676352,3,300.0637251000153,300.06375440000556,STALL→tier0→1 d_max=6
D_n070_032_a25_094,D,70,0.25,2,2,1196.0,1212,1.3201320132013201,2,300.0779368999647,600.724146499997,STALL→tier1→2 d_max=8
D_n070_032_a25_094,D,70,0.25,3,3,1196.0,1202,0.49916805324459235,3,300.5947203000542,902.4561699000187,TIERS_EXHAUSTED
D_n055_020_a50_059,D,55,0.5,1,0,1891.0,1891,0.0,2,300.02349449996836,300.02352269995026,UB_TIGHT→GAP<0.3%
ED_n080_045_a25_133,ED,80,0.25,1,0,1680.0,1689,0.5328596802841918,2,300.1353838999057,300.1354279998923,OBJ+323 tier->0
ED_n080_045_a25_133,ED,80,0.25,2,0,1681.0,1689,0.4736530491415038,2,300.29269979998935,600.4281907998957,OBJ+1 tier->0
ED_n080_045_a25_133,ED,80,0.25,3,1,1681.0,1710,1.6959064327485378,1,300.0554740000516,900.483712599962,STALL→tier0→1 d_max=8
ED_n080_045_a25_133,ED,80,0.25,4,2,1681.0,1692,0.6501182033096926,1,299.38727509998716,1201.4287589999149,STALL→tier1→2 d_max=11
ED_n080_045_a25_133,ED,80,0.25,5,3,1681.0,1687,0.35566093657379966,2,300.6056986999465,1503.5596120998962,TIERS_EXHAUSTED
EB_n140_023_a25_067,EB,140,0.25,1,0,3339.0,3374,1.0373443983402488,6,300.0031000999734,300.0031277000671,OBJ+109 tier->0
EB_n140_023_a25_067,EB,140,0.25,2,0,3339.0,3343,0.11965300628178283,6,300.9676012999844,600.970788900042,UB_TIGHT→GAP<0.3%
ED_n070_031_a50_092,ED,70,0.5,1,0,1858.0,1886,1.4846235418875928,1,300.1125164999394,300.1125402000034,OBJ+22 tier->0
ED_n070_031_a50_092,ED,70,0.5,2,0,1858.0,1859,0.05379236148466917,1,302.11052210000344,602.2231061999919,UB_TIGHT→GAP<0.3%
D_n065_027_a75_081,D,65,0.75,1,0,1984.0,1985,0.05037783375314861,1,300.2777106000576,300.2777339000022,UB_TIGHT→GAP<0.3%
D_n065_030_a50_089,D,65,0.5,1,1,2337.0,2387,2.094679514034353,1,300.3656255999813,300.36566339991987,STALL→tier0→1 d_max=12
D_n065_030_a50_089,D,65,0.5,2,2,2337.0,2366,1.2256973795435333,1,305.60899089998566,606.4833807999967,STALL→tier1→2 d_max=17
D_n065_030_a50_089,D,65,0.5,3,3,2337.0,2350,0.5531914893617021,1,308.2056497000158,915.1879812999396,TIERS_EXHAUSTED
EC_n080_031_a75_093,EC,80,0.75,1,0,2363.0,2370,0.29535864978902954,3,300.07192889996804,300.0719645000063,OBJ+12 tier->0
ED_n055_019_a75_057,ED,55,0.75,1,0,2169.0,2170,0.04608294930875576,2,300.20548989996314,300.20552399998996,OBJ+18 tier->0
ED_n075_038_a75_114,ED,75,0.75,1,0,2570.0,2582,0.46475600309837334,1,300.32841850002296,300.328454600065,OBJ+13 tier->0
ED_n075_038_a75_114,ED,75,0.75,2,0,2576.0,2582,0.23237800154918667,1,300.6690216999268,600.9975076999981,OBJ+6 tier->0
EB_n120_013_a50_038,EB,120,0.5,1,0,4040.0,4041,0.024746349913387776,4,300.3363543000305,300.3363836000208,UB_TIGHT→GAP<0.3%
D_n055_019_a50_056,D,55,0.5,1,1,1920.0,1947,1.386748844375963,2,300.08905790001154,300.08908419997897,STALL→tier0→1 d_max=9
D_n055_019_a50_056,D,55,0.5,2,1,1920.0,1925,0.2597402597402597,2,300.1430257000029,600.3843148999149,UB_TIGHT→GAP<0.3%
EC_n080_032_a75_096,EC,80,0.75,1,0,2450.0,2458,0.32546786004882017,3,300.1075928999344,300.1076158999931,OBJ+1 tier->0
EC_n080_032_a75_096,EC,80,0.75,2,0,2450.0,2450,0.0,2,300.0215433000121,600.1292051000055,UB_TIGHT→GAP<0.3%
ED_n080_044_a25_130,ED,80,0.25,1,0,1965.0,1971,0.30441400304414,3,300.2702822999563,300.2703086999245,OBJ+228 tier->0
ED_n080_044_a25_130,ED,80,0.25,2,1,1965.0,1985,1.0075566750629723,3,300.3042235999601,600.5745696999365,STALL→tier0→1 d_max=7
ED_n080_044_a25_130,ED,80,0.25,3,2,1965.0,1972,0.35496957403651114,3,300.37585160008166,901.7383790999884,STALL→tier1→2 d_max=10
ED_n080_044_a25_130,ED,80,0.25,4,2,1965.0,1969,0.20314880650076178,3,300.17468509997707,1202.6618567999685,UB_TIGHT→GAP<0.3%
ED_n065_028_a50_083,ED,65,0.5,1,0,1948.0,1950,0.10256410256410256,2,300.06800059997477,300.06803189998027,OBJ+109 tier->0
D_n065_028_a75_084,D,65,0.75,1,0,2146.0,2146,0.0,1,302.8327050000662,302.8327283000108,UB_TIGHT→GAP<0.3%
ED_n060_024_a75_072,ED,60,0.75,1,0,2383.0,2387,0.1675743611227482,1,303.88135520007927,303.88138060003985,OBJ+2 tier->0
C_n075_030_a50_089,C,75,0.5,1,1,2568.0,2597,1.1166730843280708,3,300.0536124999635,300.05363590002526,STALL→tier0→1 d_max=14
C_n075_030_a50_089,C,75,0.5,2,1,2568.0,2572,0.15552099533437014,2,300.56853849999607,600.9238822000334,UB_TIGHT→GAP<0.3%
D_n060_024_a75_072,D,60,0.75,1,0,2387.0,2387,0.0,0,0.0,0.0,UB_PROVEN_INIT
B_n140_025_a25_073,B,140,0.25,1,1,3331.0,3344,0.388755980861244,6,300.03321829997003,300.033247299958,STALL→tier0→1 d_max=13
B_n140_025_a25_073,B,140,0.25,2,1,3331.0,3335,0.11994002998500748,6,300.02529500005767,600.6205201999983,UB_TIGHT→GAP<0.3%
B_n110_010_a75_030,B,110,0.75,1,0,3853.0,3853,0.0,0,0.0,0.0,UB_PROVEN_INIT
D_n070_034_a25_100,D,70,0.25,1,0,1845.0,1845,0.0,3,300.0062033000868,300.00624110002536,UB_TIGHT→GAP<0.3%
D_n065_029_a75_087,D,65,0.75,1,0,2598.0,2598,0.0,1,303.86371730000246,303.86374940001406,UB_TIGHT→GAP<0.3%
EB_n110_007_a75_021,EB,110,0.75,1,0,3778.0,3778,0.0,0,0.0,0.0,UB_PROVEN_INIT
ED_n080_043_a25_127,ED,80,0.25,1,0,1785.0,1789,0.22358859698155395,2,300.7501189999748,300.7501431000419,OBJ+133 tier->0
ED_n080_041_a25_121,ED,80,0.25,1,0,1503.0,1506,0.199203187250996,2,301.0209489999106,301.02100429998245,OBJ+40 tier->0
ED_n050_011_a75_033,ED,50,0.75,1,0,1464.0,1464,0.0,0,0.0,0.0,UB_PROVEN_INIT
ED_n055_018_a75_054,ED,55,0.75,1,0,1601.0,1602,0.062421972534332085,2,300.2387639998924,300.2387978999177,OBJ+11 tier->0
ED_n055_020_a50_059,ED,55,0.5,1,1,1789.0,1807,0.996126175982291,2,300.122521399986,300.1225554998964,STALL→tier0→1 d_max=8
ED_n055_020_a50_059,ED,55,0.5,2,0,1790.0,1807,0.9407858328721639,2,300.06115009996574,600.3598805998918,OBJ+1 tier->0
ED_n055_020_a50_059,ED,55,0.5,3,0,1790.0,1790,0.0,2,300.2114448999055,900.571370099904,UB_TIGHT→GAP<0.3%
D_n065_026_a75_078,D,65,0.75,1,0,1902.0,1902,0.0,1,305.66333529993426,305.6633889999939,UB_TIGHT→GAP<0.3%
B_n140_021_a25_061,B,140,0.25,1,1,3142.0,3226,2.603843769373838,6,300.24691919994075,300.24694330000784,STALL→tier0→1 d_max=13
B_n140_021_a25_061,B,140,0.25,2,2,3142.0,3197,1.7203628401626525,5,300.318910800037,602.3195252000587,STALL→tier1→2 d_max=18
B_n140_021_a25_061,B,140,0.25,3,3,3142.0,3195,1.6588419405320816,6,300.6352939000353,904.9548296000576,TIERS_EXHAUSTED
B_n110_009_a75_027,B,110,0.75,1,0,4696.0,4696,0.0,0,0.0,0.0,UB_PROVEN_INIT
ED_n060_024_a50_071,ED,60,0.5,1,0,2138.0,2157,0.880853036624942,2,300.2274231000338,300.22745370003395,OBJ+101 tier->0
ED_n060_024_a50_071,ED,60,0.5,2,0,2138.0,2144,0.2798507462686567,2,301.79431039991323,602.0218075999292,UB_TIGHT→GAP<0.3%
B_n110_007_a75_021,B,110,0.75,1,0,3780.0,3780,0.0,0,0.0,0.0,UB_PROVEN_INIT
B_n140_022_a25_064,B,140,0.25,1,1,3392.0,3408,0.4694835680751174,5,300.05532229994424,300.05535099992994,STALL→tier0→1 d_max=15
B_n140_022_a25_064,B,140,0.25,2,1,3392.0,3395,0.08836524300441827,4,300.6277895999374,602.7661332999123,UB_TIGHT→GAP<0.3%
D_n055_017_a75_051,D,55,0.75,1,0,1609.0,1609,0.0,2,302.64586589997634,302.64590470003895,UB_TIGHT→GAP<0.3%
ED_n070_035_a50_104,ED,70,0.5,1,0,2345.0,2352,0.2976190476190476,1,300.01322389999405,300.0132561000064,OBJ+10 tier->0
D_n050_015_a75_045,D,50,0.75,1,0,1635.0,1635,0.0,0,0.0,0.0,UB_PROVEN_INIT
ED_n075_038_a25_112,ED,75,0.25,1,0,1684.0,1690,0.35502958579881655,3,300.0101524000056,300.01018620003015,OBJ+123 tier->0
ED_n075_038_a25_112,ED,75,0.25,2,0,1685.0,1690,0.2958579881656805,3,300.60901909996755,600.6192517000018,OBJ+1 tier->0
EB_n150_028_a25_082,EB,150,0.25,1,0,3448.0,3480,0.9195402298850575,5,300.0804845999228,300.08051809994504,OBJ+117 tier->0
EB_n150_028_a25_082,EB,150,0.25,2,0,3448.0,3451,0.08693132425383947,5,300.60736740007997,600.6879334000405,UB_TIGHT→GAP<0.3%
ED_n075_039_a25_115,ED,75,0.25,1,0,1964.0,1965,0.05089058524173028,3,300.0140080000274,300.01404069992714,OBJ+227 tier->0
ED_n070_033_a25_097,ED,70,0.25,1,0,1483.0,1483,0.0,1,63.300265199970454,63.30028849991504,UB_STOP
EC_n080_031_a50_092,EC,80,0.5,1,0,2180.0,2218,1.7132551848512172,4,300.6289171000244,300.6289476000238,OBJ+12 tier->0
EC_n080_031_a50_092,EC,80,0.5,2,0,2180.0,2181,0.04585052728106373,4,300.27477160003036,600.9037789000431,UB_TIGHT→GAP<0.3%
D_n070_033_a50_098,D,70,0.5,1,0,2301.0,2301,0.0,1,300.274759599939,300.27479930000845,UB_TIGHT→GAP<0.3%
D_n070_034_a75_102,D,70,0.75,1,0,2907.0,2909,0.06875214850464077,1,305.46696049999446,305.46698589995503,UB_TIGHT→GAP<0.3%
D_n060_025_a75_075,D,60,0.75,1,0,2269.0,2269,0.0,0,0.0,0.0,UB_PROVEN_INIT
ED_n075_040_a25_118,ED,75,0.25,1,0,1588.0,1602,0.8739076154806492,2,300.5408706999151,300.5408965999959,OBJ+233 tier->0
ED_n075_040_a25_118,ED,75,0.25,2,1,1588.0,1620,1.9753086419753085,2,300.1167091000825,600.6576512000756,STALL→tier0→1 d_max=7
ED_n075_040_a25_118,ED,75,0.25,3,2,1588.0,1600,0.75,2,301.4197567999363,903.0538177000126,STALL→tier1→2 d_max=10
ED_n075_040_a25_118,ED,75,0.25,4,3,1588.0,1595,0.438871473354232,2,300.91379609995056,1205.0621650000103,TIERS_EXHAUSTED
ED_n055_017_a75_051,ED,55,0.75,1,0,1489.0,1497,0.5344021376085505,2,300.5481621000217,300.54818689997774,OBJ+1 tier->0
ED_n055_017_a75_051,ED,55,0.75,2,1,1489.0,1520,2.0394736842105265,2,300.0347046999959,600.5829393999884,STALL→tier0→1 d_max=10
ED_n055_017_a75_051,ED,55,0.75,3,2,1489.0,1497,0.5344021376085505,2,301.9104539999971,902.6326213999419,STALL→tier1→2 d_max=13
ED_n055_017_a75_051,ED,55,0.75,4,2,1489.0,1490,0.06711409395973154,2,300.1880509000039,1202.9638846999733,UB_TIGHT→GAP<0.3%
EB_n110_010_a75_030,EB,110,0.75,1,0,3842.0,3842,0.0,0,0.0,0.0,UB_PROVEN_INIT
D_n055_017_a50_050,D,55,0.5,1,1,1337.0,1365,2.051282051282051,3,300.01901779999025,300.01905510004144,STALL→tier0→1 d_max=8
D_n055_017_a50_050,D,55,0.5,2,2,1337.0,1346,0.6686478454680534,3,300.41226400004234,600.5722790000727,STALL→tier1→2 d_max=10
D_n055_017_a50_050,D,55,0.5,3,2,1337.0,1337,0.0,3,300.0108785999473,900.7792159999954,UB_TIGHT→GAP<0.3%
ED_n055_020_a75_060,ED,55,0.75,1,0,1954.0,1956,0.10224948875255625,2,300.1038495999528,300.10387539991643,OBJ+10 tier->0
D_n070_031_a50_092,D,70,0.5,1,0,1870.0,1872,0.10683760683760685,1,302.12668059999123,302.12670020002406,UB_TIGHT→GAP<0.3%
B_n110_008_a75_024,B,110,0.75,1,0,3808.0,3808,0.0,0,0.0,0.0,UB_PROVEN_INIT
C_n080_032_a25_094,C,80,0.25,1,0,1747.0,1747,0.0,0,0.0,0.0,UB_PROVEN_INIT
ED_n070_035_a75_105,ED,70,0.75,1,0,2509.0,2530,0.8300395256916997,1,300.1522055999376,300.1522303998936,OBJ+10 tier->0
ED_n070_035_a75_105,ED,70,0.75,2,1,2509.0,2519,0.39698292973402144,1,302.1439242999768,602.2967739999294,STALL→tier0→1 d_max=15
ED_n070_035_a75_105,ED,70,0.75,3,0,2518.0,2519,0.03969829297340214,1,300.9027376000304,903.8914863999235,OBJ+9 tier->0
ED_n070_033_a50_098,ED,70,0.5,1,0,2197.0,2202,0.2270663033605813,1,300.3137377999956,300.3137571000261,OBJ+20 tier->0
D_n070_032_a50_095,D,70,0.5,1,0,1908.0,1920,0.625,1,300.71638120000716,300.716416799929,OBJ+1 tier->0
D_n070_032_a50_095,D,70,0.5,2,1,1908.0,1940,1.6494845360824744,1,300.0494679999538,600.7670373999281,STALL→tier0→1 d_max=11
D_n070_032_a50_095,D,70,0.5,3,2,1908.0,1920,0.625,1,300.4354886999354,901.6345793999499,STALL→tier1→2 d_max=15
D_n070_032_a50_095,D,70,0.5,4,3,1908.0,1919,0.5732152162584679,1,302.2319225000683,1204.5818867000053,TIERS_EXHAUSTED
D_n050_014_a75_042,D,50,0.75,1,0,2061.0,2061,0.0,0,0.0,0.0,UB_PROVEN_INIT
ED_n055_016_a50_047,ED,55,0.5,1,0,1447.0,1447,0.0,1,36.88135759998113,36.88139770005364,UB_STOP
C_n080_033_a25_097,C,80,0.25,1,1,2029.0,2049,0.9760858955588092,5,300.0424450999126,300.04248919989914,STALL→tier0→1 d_max=10
C_n080_033_a25_097,C,80,0.25,2,2,2029.0,2036,0.343811394891945,4,300.0534457999747,600.5393896999303,STALL→tier1→2 d_max=13
C_n080_033_a25_097,C,80,0.25,3,2,2029.0,2035,0.29484029484029484,5,300.3653331999667,901.3485771999694,UB_TIGHT→GAP<0.3%
ED_n055_019_a50_056,ED,55,0.5,1,0,1897.0,1913,0.836382645060115,2,300.13565519999247,300.13568139995914,OBJ+111 tier->0
ED_n055_019_a50_056,ED,55,0.5,2,1,1897.0,1908,0.5765199161425576,2,300.09983900003135,600.2355452999473,STALL→tier0→1 d_max=8
ED_n055_019_a50_056,ED,55,0.5,3,2,1897.0,1907,0.5243838489774515,2,300.1595156999538,900.612671699957,STALL→tier1→2 d_max=11
ED_n055_019_a50_056,ED,55,0.5,4,3,1897.0,1907,0.5243838489774515,2,300.0305120999692,1200.8217628999846,TIERS_EXHAUSTED
ED_n070_034_a50_101,ED,70,0.5,1,0,2539.0,2549,0.3923107100823852,1,302.24832459993195,302.24835769995116,OBJ+122 tier->0
ED_n070_034_a50_101,ED,70,0.5,2,1,2539.0,2577,1.474582848273186,1,301.9502689000219,604.1986570999725,STALL→tier0→1 d_max=11
ED_n070_034_a50_101,ED,70,0.5,3,0,2540.0,2577,1.4357780364765231,1,303.3538811999606,907.8831451999722,OBJ+1 tier->0
ED_n070_034_a50_101,ED,70,0.5,4,1,2540.0,2553,0.509204857030944,1,302.6955958000617,1210.5787702000234,STALL→tier0→1 d_max=11
ED_n070_034_a50_101,ED,70,0.5,5,1,2540.0,2546,0.2356637863315004,1,300.132752000005,1511.3332444999833,UB_TIGHT→GAP<0.3%
ED_n050_014_a75_042,ED,50,0.75,1,0,2058.0,2058,0.0,0,0.0,0.0,UB_PROVEN_INIT
EB_n110_010_a50_029,EB,110,0.5,1,0,3639.0,3639,0.0,1,1.3001979000400752,1.300221500103362,UB_STOP
EB_n110_009_a75_027,EB,110,0.75,1,0,4693.0,4693,0.0,0,0.0,0.0,UB_PROVEN_INIT
EB_n110_008_a75_024,EB,110,0.75,1,0,3808.0,3808,0.0,0,0.0,0.0,UB_PROVEN_INIT
D_n075_036_a25_106,D,75,0.25,1,1,1378.0,1421,3.0260380014074597,2,300.02763829997275,300.0276664000703,STALL→tier0→1 d_max=7
D_n075_036_a25_106,D,75,0.25,2,2,1378.0,1393,1.0768126346015794,2,300.1160219999729,600.9194688000716,STALL→tier1→2 d_max=9
D_n075_036_a25_106,D,75,0.25,3,3,1378.0,1383,0.3615328994938539,3,300.2698642000323,901.736237800098,TIERS_EXHAUSTED
D_n055_016_a75_048,D,55,0.75,1,0,1491.0,1491,0.0,0,0.0,0.0,UB_PROVEN_INIT
D_n055_018_a50_053,D,55,0.5,1,1,1368.0,1383,1.0845986984815619,2,300.0589336999692,300.0589939999627,STALL→tier0→1 d_max=9
D_n055_018_a50_053,D,55,0.5,2,1,1368.0,1370,0.145985401459854,2,300.09519000002183,600.3034019999905,UB_TIGHT→GAP<0.3%
C_n075_026_a75_078,C,75,0.75,1,0,2055.0,2055,0.0,3,300.07075690000784,300.0707762999227,UB_TIGHT→GAP<0.3%
B_n100_005_a50_014,B,100,0.5,1,0,3344.0,3352,0.23866348448687352,6,300.99053279997315,300.9905529000098,UB_TIGHT→GAP<0.3%
ED_n075_036_a25_106,ED,75,0.25,1,0,1076.0,1077,0.09285051067780872,4,300.07641719991807,300.07644630002324,OBJ+23 tier->0
D_n060_025_a25_073,D,60,0.25,1,1,1559.0,1577,1.14140773620799,3,300.76488959998824,300.7649115000386,STALL→tier0→1 d_max=7
D_n060_025_a25_073,D,60,0.25,2,1,1559.0,1563,0.2559181062060141,3,300.17682040005457,601.3704626000253,UB_TIGHT→GAP<0.3%
EB_n120_012_a75_036,EB,120,0.75,1,0,4220.0,4220,0.0,0,0.0,0.0,UB_PROVEN_INIT
B_n120_014_a50_041,B,120,0.5,1,0,4855.0,4855,0.0,0,0.0,0.0,UB_PROVEN_INIT
B_n150_027_a25_079,B,150,0.25,1,1,3500.0,3535,0.9900990099009901,5,300.0082590999082,300.00830029998906,STALL→tier0→1 d_max=15
B_n150_027_a25_079,B,150,0.25,2,2,3500.0,3517,0.48336650554449817,3,300.3003331000218,602.28440340003,STALL→tier1→2 d_max=20
B_n150_027_a25_079,B,150,0.25,3,2,3500.0,3510,0.2849002849002849,4,300.36533509998117,903.6822027000599,UB_TIGHT→GAP<0.3%
ED_n050_015_a75_045,ED,50,0.75,1,0,1626.0,1626,0.0,0,0.0,0.0,UB_PROVEN_INIT
B_n110_007_a50_020,B,110,0.5,1,1,3603.0,3624,0.5794701986754967,4,300.34267929999623,300.342718699947,STALL→tier0→1 d_max=23
B_n110_007_a50_020,B,110,0.5,2,1,3603.0,3605,0.055478502080443824,4,300.00776419998147,600.6598684999626,UB_TIGHT→GAP<0.3%
B_n100_002_a75_006,B,100,0.75,1,0,3329.0,3329,0.0,0,0.0,0.0,UB_PROVEN_INIT
EB_n110_008_a50_023,EB,110,0.5,1,0,3537.0,3538,0.02826455624646693,5,300.20152780006174,300.2015590999508,OBJ+22 tier->0
EB_n140_022_a25_064,EB,140,0.25,1,1,2767.0,2800,1.1785714285714286,6,300.08223940001335,300.0822781000752,STALL→tier0→1 d_max=12
EB_n140_022_a25_064,EB,140,0.25,2,2,2767.0,2788,0.7532281205164992,7,300.02492270001676,602.1643638000824,STALL→tier1→2 d_max=16
EB_n140_022_a25_064,EB,140,0.25,3,3,2767.0,2779,0.4318100035984167,6,300.08448260009754,904.0789787000977,TIERS_EXHAUSTED
ED_n050_013_a75_039,ED,50,0.75,1,0,1582.0,1582,0.0,0,0.0,0.0,UB_PROVEN_INIT
D_n070_035_a75_105,D,70,0.75,1,0,2529.0,2529,0.0,1,306.40249729994684,306.4025221999036,UB_TIGHT→GAP<0.3%
ED_n070_034_a25_100,ED,70,0.25,1,0,1445.0,1445,0.0,0,0.0,0.0,UB_PROVEN_INIT
ED_n065_030_a25_088,ED,65,0.25,1,0,1478.0,1494,1.07095046854083,3,300.0200406999793,300.02007929992396,OBJ+124 tier->0
ED_n065_030_a25_088,ED,65,0.25,2,1,1478.0,1506,1.859229747675963,3,300.0485734998947,600.0686964999186,STALL→tier0→1 d_max=7
ED_n065_030_a25_088,ED,65,0.25,3,2,1478.0,1493,1.0046885465505693,3,300.5055925999768,901.1796091999859,STALL→tier1→2 d_max=9
ED_n065_030_a25_088,ED,65,0.25,4,3,1478.0,1488,0.6720430107526881,3,300.49682530004065,1202.2901734999614,TIERS_EXHAUSTED
EB_n110_009_a50_026,EB,110,0.5,1,0,4219.0,4283,1.494279710483306,4,300.06483020004816,300.06485820002854,OBJ+31 tier->0
EB_n110_009_a50_026,EB,110,0.5,2,1,4219.0,4237,0.4248288883644088,5,300.0841429999564,600.1490299999714,STALL→tier0→1 d_max=19
EB_n110_009_a50_026,EB,110,0.5,3,1,4219.0,4221,0.04738213693437574,4,300.1155876000412,900.5237324000336,UB_TIGHT→GAP<0.3%
B_n100_001_a50_002,B,100,0.5,1,1,3025.0,3026,0.033046926635822864,6,300.01341789995786,300.0134511999786,STALL→tier0→1 d_max=18
EB_n100_003_a75_009,EB,100,0.75,1,0,3277.0,3277,0.0,0,0.0,0.0,UB_PROVEN_INIT
D_n060_023_a75_069,D,60,0.75,1,0,2015.0,2018,0.14866204162537167,1,305.2595650999574,305.2596163999988,OBJ+1 tier->0
ED_n065_028_a75_084,ED,65,0.75,1,0,2143.0,2147,0.18630647414997673,1,306.33410050009843,306.33413510001265,OBJ+12 tier->0
EB_n120_012_a50_035,EB,120,0.5,1,0,4032.0,4083,1.2490815576781777,4,300.4239530999912,300.42398369999137,OBJ+42 tier->0
EB_n120_012_a50_035,EB,120,0.5,2,1,4032.0,4049,0.4198567547542604,3,301.386069900007,601.8100903999293,STALL→tier0→1 d_max=24
EB_n120_012_a50_035,EB,120,0.5,3,2,4032.0,4045,0.32138442521631644,3,300.88400429999456,903.5546345999464,STALL→tier1→2 d_max=33
EB_n120_012_a50_035,EB,120,0.5,4,2,4032.0,4044,0.2967359050445104,3,301.25465199991595,1205.6554437999148,UB_TIGHT→GAP<0.3%
B_n110_010_a50_029,B,110,0.5,1,0,3674.0,3684,0.2714440825190011,4,300.8669291000115,300.86698300007265,UB_TIGHT→GAP<0.3%
EB_n150_027_a25_079,EB,150,0.25,1,0,2771.0,2799,1.0003572704537336,6,300.36081910005305,300.3608513000654,OBJ+156 tier->0
EB_n150_027_a25_079,EB,150,0.25,2,1,2771.0,2817,1.632942847000355,6,300.2248851999175,600.5857682999922,STALL→tier0→1 d_max=13
EB_n150_027_a25_079,EB,150,0.25,3,2,2771.0,2802,1.1063526052819415,6,300.03266200004146,902.4899746000301,STALL→tier1→2 d_max=17
EB_n150_027_a25_079,EB,150,0.25,4,3,2771.0,2792,0.7521489971346704,5,300.3272145000519,1204.792431900045,TIERS_EXHAUSTED
ED_n065_026_a50_077,ED,65,0.5,1,0,1838.0,1839,0.0543773790103317,1,300.03112749999855,300.03116189991124,OBJ+12 tier->0
EB_n110_006_a75_018,EB,110,0.75,1,0,3611.0,3611,0.0,4,300.0158986999886,300.0159271999728,UB_TIGHT→GAP<0.3%
D_n050_011_a75_033,D,50,0.75,1,0,1464.0,1464,0.0,0,0.0,0.0,UB_PROVEN_INIT
ED_n080_042_a25_124,ED,80,0.25,1,0,1305.0,1319,1.061410159211524,3,300.02406169997994,300.024086899939,OBJ+41 tier->0
ED_n080_042_a25_124,ED,80,0.25,2,1,1305.0,1353,3.5476718403547673,2,300.3307858000044,600.3549038999481,STALL→tier0→1 d_max=6
ED_n080_042_a25_124,ED,80,0.25,3,2,1305.0,1321,1.2112036336109009,3,300.0153205000097,902.19735329994,STALL→tier1→2 d_max=9
ED_n080_042_a25_124,ED,80,0.25,4,3,1305.0,1311,0.4576659038901602,3,300.0369059999939,1204.0229734999593,TIERS_EXHAUSTED
D_n050_012_a75_036,D,50,0.75,1,0,1478.0,1478,0.0,2,300.05297750001773,300.05301100004,UB_TIGHT→GAP<0.3%
D_n060_021_a50_062,D,60,0.5,1,0,1646.0,1646,0.0,2,300.1299702000106,300.13000110001303,UB_TIGHT→GAP<0.3%
ED_n065_030_a75_090,ED,65,0.75,1,0,2496.0,2507,0.4387714399680893,1,300.06717479997315,300.0672133000335,OBJ+19 tier->0
ED_n065_030_a75_090,ED,65,0.75,2,0,2496.0,2497,0.040048057669203045,1,300.07471479999367,600.1419762000442,UB_TIGHT→GAP<0.3%
D_n050_014_a50_041,D,50,0.5,1,1,1809.0,1833,1.309328968903437,2,300.058759400039,300.0587975999806,STALL→tier0→1 d_max=9
D_n050_014_a50_041,D,50,0.5,2,1,1809.0,1813,0.2206287920573635,2,300.01447050005663,600.2079117000103,UB_TIGHT→GAP<0.3%
B_n120_013_a50_038,B,120,0.5,1,0,4064.0,4064,0.0,3,300.01691669994034,300.01694379991386,UB_TIGHT→GAP<0.3%
D_n060_023_a50_068,D,60,0.5,1,1,1767.0,1786,1.0638297872340425,2,301.2800425000023,301.28009830007795,STALL→tier0→1 d_max=9
D_n060_023_a50_068,D,60,0.5,2,1,1767.0,1771,0.2258610954263128,2,300.06499189999886,601.5859731000382,UB_TIGHT→GAP<0.3%
D_n060_022_a50_065,D,60,0.5,1,1,1777.0,1813,1.9856591285162712,2,300.44449869997334,300.4445368000306,STALL→tier0→1 d_max=10
D_n060_022_a50_065,D,60,0.5,2,2,1777.0,1792,0.8370535714285714,2,300.7774913000176,601.4676224000286,STALL→tier1→2 d_max=13
D_n060_022_a50_065,D,60,0.5,3,3,1777.0,1790,0.7262569832402235,2,300.21869010000955,901.9750222000293,TIERS_EXHAUSTED
B_n120_012_a75_036,B,120,0.75,1,0,4222.0,4222,0.0,0,0.0,0.0,UB_PROVEN_INIT
D_n070_035_a25_103,D,70,0.25,1,1,1701.0,1737,2.072538860103627,2,300.2262797000585,300.22630930005107,STALL→tier0→1 d_max=9
D_n070_035_a25_103,D,70,0.25,2,2,1701.0,1720,1.1046511627906976,1,300.08825299993623,601.0596152000362,STALL→tier1→2 d_max=12
D_n070_035_a25_103,D,70,0.25,3,3,1701.0,1708,0.4098360655737705,2,300.15567879995797,902.1757723999908,TIERS_EXHAUSTED
EB_n100_002_a75_006,EB,100,0.75,1,0,3327.0,3327,0.0,0,0.0,0.0,UB_PROVEN_INIT
D_n060_024_a25_070,D,60,0.25,1,0,1583.0,1584,0.06313131313131314,6,300.0006593000144,300.00068209995516,UB_TIGHT→GAP<0.3%
ED_n070_032_a50_095,ED,70,0.5,1,0,1866.0,1877,0.5860415556739478,2,300.13190919999033,300.1319333000574,OBJ+21 tier->0
ED_n070_032_a50_095,ED,70,0.5,2,0,1867.0,1877,0.5327650506126799,2,300.2147082000738,600.3466939000646,OBJ+1 tier->0
ED_n070_032_a50_095,ED,70,0.5,3,1,1867.0,1885,0.9549071618037135,2,300.66916029993445,901.0159191000275,STALL→tier0→1 d_max=10
ED_n070_032_a50_095,ED,70,0.5,4,2,1867.0,1878,0.5857294994675186,2,300.0181607999839,1201.4834631000413,STALL→tier1→2 d_max=13
ED_n070_032_a50_095,ED,70,0.5,5,3,1867.0,1877,0.5327650506126799,2,301.18490490003023,1503.0186555000255,TIERS_EXHAUSTED
B_n120_011_a50_032,B,120,0.5,1,1,3899.0,3933,0.8644800406814137,5,300.40544710005634,300.40546849998645,STALL→tier0→1 d_max=23
B_n120_011_a50_032,B,120,0.5,2,1,3899.0,3909,0.25581990278843697,6,300.1863806999754,601.4176351999631,UB_TIGHT→GAP<0.3%
EB_n110_006_a50_017,EB,110,0.5,1,1,3252.0,3292,1.2150668286755772,9,300.01504089997616,300.01506030000746,STALL→tier0→1 d_max=18
EB_n110_006_a50_017,EB,110,0.5,2,1,3252.0,3259,0.21478981282602025,7,300.00302279996686,600.4302964999806,UB_TIGHT→GAP<0.3%
B_n100_002_a50_005,B,100,0.5,1,1,3173.0,3185,0.3767660910518053,9,300.0046490000095,300.0046656000195,STALL→tier0→1 d_max=21
B_n100_002_a50_005,B,100,0.5,2,1,3173.0,3173,0.0,9,300.53891620005015,600.6976856000256,UB_TIGHT→GAP<0.3%
EB_n100_001_a50_002,EB,100,0.5,1,1,2822.0,2862,1.397624039133473,11,300.1408724000212,300.1408963999711,STALL→tier0→1 d_max=17
EB_n100_001_a50_002,EB,100,0.5,2,2,2822.0,2834,0.4234297812279464,10,300.06066780001856,600.4633633000776,STALL→tier1→2 d_max=22
EB_n100_001_a50_002,EB,100,0.5,3,2,2822.0,2824,0.0708215297450425,10,300.1052590999752,900.8402815000154,UB_TIGHT→GAP<0.3%
B_n100_004_a75_012,B,100,0.75,1,0,4174.0,4174,0.0,0,0.0,0.0,UB_PROVEN_INIT
EB_n100_005_a50_014,EB,100,0.5,1,0,3310.0,3310,0.0,0,0.0,0.0,UB_PROVEN_INIT
EC_n070_025_a50_074,EC,70,0.5,1,0,2346.0,2349,0.1277139208173691,5,300.05774269998074,300.05775609996635,OBJ+2 tier->0
EB_n140_021_a25_061,EB,140,0.25,1,0,2538.0,2548,0.39246467817896385,12,300.0005051000044,300.00053860002663,OBJ+214 tier->0
EB_n140_021_a25_061,EB,140,0.25,2,1,2538.0,2568,1.1682242990654206,12,300.00314939999953,600.0037367000477,STALL→tier0→1 d_max=11
EB_n140_021_a25_061,EB,140,0.25,3,2,2538.0,2547,0.35335689045936397,15,300.0488343000179,901.1934376000427,STALL→tier1→2 d_max=15
EB_n140_021_a25_061,EB,140,0.25,4,2,2538.0,2544,0.2358490566037736,13,300.24266580003314,1202.680355800083,UB_TIGHT→GAP<0.3%
EB_n100_005_a75_015,EB,100,0.75,1,0,3501.0,3501,0.0,0,0.0,0.0,UB_PROVEN_INIT
EB_n110_007_a50_020,EB,110,0.5,1,0,3461.0,3474,0.37420840529648824,8,300.64034500007983,300.64035810006317,OBJ+32 tier->0
EB_n110_007_a50_020,EB,110,0.5,2,1,3461.0,3493,0.9161179501860863,7,300.0297350999899,600.6701350000221,STALL→tier0→1 d_max=21
EB_n110_007_a50_020,EB,110,0.5,3,2,3461.0,3474,0.37420840529648824,6,300.49324139999226,901.3351579000009,STALL→tier1→2 d_max=28
EB_n110_007_a50_020,EB,110,0.5,4,0,3468.0,3474,0.17271157167530224,7,300.0530847000191,1201.5680604000809,OBJ+7 tier->0
ED_n050_015_a50_044,ED,50,0.5,1,1,1482.0,1505,1.5282392026578073,4,300.3861756999977,300.3862012999598,STALL→tier0→1 d_max=8
ED_n050_015_a50_044,ED,50,0.5,2,1,1482.0,1484,0.13477088948787064,4,300.0374817000702,600.5248303000117,UB_TIGHT→GAP<0.3%
ED_n065_026_a75_078,ED,65,0.75,1,0,1900.0,1909,0.47145102147721324,2,300.4029125000816,300.4029417000711,OBJ+8 tier->0
ED_n065_026_a75_078,ED,65,0.75,2,0,1900.0,1901,0.052603892688058915,1,300.289810199989,600.6928580000531,UB_TIGHT→GAP<0.3%
B_n120_015_a50_044,B,120,0.5,1,0,4004.0,4004,0.0,0,0.0,0.0,UB_PROVEN_INIT
EC_n065_017_a50_050,EC,65,0.5,1,0,1900.0,1911,0.5756148613291471,9,299.99993960000575,299.9999635000713,OBJ+12 tier->0
EC_n065_017_a50_050,EC,65,0.5,2,1,1900.0,1909,0.47145102147721324,8,300.02179749996867,600.0217833999777,STALL→tier0→1 d_max=11
EC_n065_017_a50_050,EC,65,0.5,3,2,1900.0,1909,0.47145102147721324,8,300.0864355000667,900.2150465000886,STALL→tier1→2 d_max=15
EC_n065_017_a50_050,EC,65,0.5,4,3,1900.0,1909,0.47145102147721324,7,300.0150234999601,1200.3473410999868,TIERS_EXHAUSTED
ED_n045_006_a75_018,ED,45,0.75,1,0,1244.0,1244,0.0,0,0.0,0.0,UB_PROVEN_INIT
ED_n050_012_a75_036,ED,50,0.75,1,0,1378.0,1381,0.2172338884866039,3,301.01397239998914,301.0139985999558,OBJ+2 tier->0
C_n060_014_a75_042,C,60,0.75,1,0,2476.0,2476,0.0,0,0.0,0.0,UB_PROVEN_INIT
B_n110_006_a75_018,B,110,0.75,1,0,3614.0,3614,0.0,0,0.0,0.0,UB_PROVEN_INIT
B_n100_005_a75_015,B,100,0.75,1,0,3512.0,3512,0.0,0,0.0,0.0,UB_PROVEN_INIT
B_n100_003_a75_009,B,100,0.75,1,0,3277.0,3277,0.0,0,0.0,0.0,UB_PROVEN_INIT
D_n050_013_a75_039,D,50,0.75,1,0,1593.0,1593,0.0,0,0.0,0.0,UB_PROVEN_INIT
ED_n060_025_a75_075,ED,60,0.75,1,0,2268.0,2269,0.044072278536800354,1,300.7080596999731,300.7081070999848,OBJ+20 tier->0
ED_n065_027_a50_080,ED,65,0.5,1,0,1747.0,1767,1.1318619128466327,3,300.0230601000367,300.023077400052,OBJ+22 tier->0
ED_n065_027_a50_080,ED,65,0.5,2,1,1747.0,1770,1.2994350282485876,3,300.0610719999531,600.0842056999682,STALL→tier0→1 d_max=9
ED_n065_027_a50_080,ED,65,0.5,3,2,1747.0,1767,1.1318619128466327,3,300.73735310009215,900.9828227000544,STALL→tier1→2 d_max=12
ED_n065_027_a50_080,ED,65,0.5,4,3,1747.0,1766,1.0758776896942241,2,300.0137358000502,1201.228432700038,TIERS_EXHAUSTED
B_n110_008_a50_023,B,110,0.5,1,0,3700.0,3700,0.0,0,0.0,0.0,UB_PROVEN_INIT
EB_n120_011_a50_032,EB,120,0.5,1,0,3865.0,3874,0.23231801755291687,4,300.3421240999596,300.34215429995675,OBJ+6 tier->0
ED_n055_018_a50_053,ED,55,0.5,1,0,1348.0,1351,0.22205773501110287,3,301.12187859998085,301.1219070000807,UB_TIGHT→GAP<0.3%
EC_n065_018_a75_054,EC,65,0.75,1,0,2146.0,2146,0.0,0,0.0,0.0,UB_PROVEN_INIT
EB_n150_026_a25_076,EB,150,0.25,1,0,2550.0,2569,0.7395873880887505,13,300.1299600000493,300.1299803000875,OBJ+226 tier->0
EB_n150_026_a25_076,EB,150,0.25,2,1,2550.0,2590,1.5444015444015444,11,300.0172883999767,600.147294400027,STALL→tier0→1 d_max=12
EB_n150_026_a25_076,EB,150,0.25,3,2,2550.0,2570,0.7782101167315175,7,300.3081655999413,902.1037820000201,STALL→tier1→2 d_max=16
EB_n150_026_a25_076,EB,150,0.25,4,3,2550.0,2560,0.390625,7,300.0483205000637,1204.3876225000713,TIERS_EXHAUSTED
EB_n130_020_a50_059,EB,130,0.5,1,0,4058.0,4116,1.4091350826044704,6,300.37188380002044,300.37190160003956,OBJ+29 tier->0
EB_n130_020_a50_059,EB,130,0.5,2,1,4058.0,4088,0.7338551859099804,4,300.0762862000847,600.4482227000408,STALL→tier0→1 d_max=20
EB_n130_020_a50_059,EB,130,0.5,3,1,4058.0,4067,0.22129333661175316,3,300.17157480004244,900.9506833000341,UB_TIGHT→GAP<0.3%
C_n065_019_a50_056,C,65,0.5,1,0,2464.0,2465,0.04056795131845842,5,300.3425108999945,300.3425403999863,UB_TIGHT→GAP<0.3%
EB_n100_001_a75_003,EB,100,0.75,1,0,3115.0,3115,0.0,0,0.0,0.0,UB_PROVEN_INIT
ED_n060_023_a50_068,ED,60,0.5,1,0,1736.0,1752,0.91324200913242,3,300.5594049000647,300.5594356000656,OBJ+11 tier->0
ED_n060_023_a50_068,ED,60,0.5,2,0,1736.0,1739,0.17251293847038526,3,300.26924890000373,600.8287217000034,UB_TIGHT→GAP<0.3%
EB_n100_003_a50_008,EB,100,0.5,1,1,2947.0,2960,0.4391891891891892,8,300.0094430000754,300.0094676000299,STALL→tier0→1 d_max=16
EB_n100_003_a50_008,EB,100,0.5,2,1,2947.0,2949,0.0678195998643608,8,300.172291600029,600.3860559000168,UB_TIGHT→GAP<0.3%
B_n130_020_a25_058,B,130,0.25,1,1,2680.0,2714,1.2527634487840826,7,300.0281673000427,300.02821580006275,STALL→tier0→1 d_max=13
B_n130_020_a25_058,B,130,0.25,2,2,2680.0,2690,0.37174721189591076,7,300.32691709999926,600.7567864999874,STALL→tier1→2 d_max=17
B_n130_020_a25_058,B,130,0.25,3,2,2680.0,2684,0.14903129657228018,8,300.0157010999974,901.2309667000081,UB_TIGHT→GAP<0.3%
ED_n055_017_a50_050,ED,55,0.5,1,0,1135.0,1140,0.43859649122807015,5,300.12343709997367,300.12346479995176,OBJ+111 tier->0
ED_n055_017_a50_050,ED,55,0.5,2,0,1135.0,1136,0.08802816901408451,4,300.61173130001407,600.7352473000064,UB_TIGHT→GAP<0.3%
EC_n070_021_a75_063,EC,70,0.75,1,0,2031.0,2033,0.0983767830791933,4,300.01142370002344,300.0114453000715,OBJ+4 tier->0
B_n110_006_a50_017,B,110,0.5,1,1,3465.0,3486,0.6024096385542169,5,300.6935612000525,300.69358409999404,STALL→tier0→1 d_max=20
B_n110_006_a50_017,B,110,0.5,2,1,3465.0,3475,0.28776978417266186,5,300.02367979998235,601.4422137999209,UB_TIGHT→GAP<0.3%
B_n110_009_a50_026,B,110,0.5,1,1,4524.0,4543,0.4182258419546555,5,300.0234590000473,300.0234866000246,STALL→tier0→1 d_max=21
B_n110_009_a50_026,B,110,0.5,2,1,4524.0,4526,0.04418912947414936,5,300.54985830001533,600.7406450000126,UB_TIGHT→GAP<0.3%
ED_n075_037_a25_109,ED,75,0.25,1,0,1273.0,1285,0.933852140077821,5,300.0223979000002,300.0224189000437,OBJ+131 tier->0
ED_n075_037_a25_109,ED,75,0.25,2,1,1273.0,1309,2.750190985485103,5,300.49140319996513,600.5138545000227,STALL→tier0→1 d_max=5
ED_n075_037_a25_109,ED,75,0.25,3,2,1273.0,1285,0.933852140077821,6,300.02830029989127,901.4583060999867,STALL→tier1→2 d_max=7
ED_n075_037_a25_109,ED,75,0.25,4,3,1273.0,1282,0.702028081123245,6,300.0475928999949,1202.2981205000542,TIERS_EXHAUSTED
C_n070_021_a50_062,C,70,0.5,1,0,1964.0,1965,0.05089058524173028,5,300.4766311000567,300.47665239998605,UB_TIGHT→GAP<0.3%
ED_n060_022_a50_065,ED,60,0.5,1,0,1737.0,1768,1.753393665158371,2,301.5726205999963,301.5726463999599,OBJ+12 tier->0
ED_n060_022_a50_065,ED,60,0.5,2,1,1737.0,1770,1.864406779661017,3,300.77293420000933,602.3456032000249,STALL→tier0→1 d_max=9
ED_n060_022_a50_065,ED,60,0.5,3,2,1737.0,1768,1.753393665158371,3,300.03745589999016,902.607742000022,STALL→tier1→2 d_max=12
ED_n060_022_a50_065,ED,60,0.5,4,3,1737.0,1766,1.6421291053227631,3,300.1150196000235,1202.945491899969,TIERS_EXHAUSTED
ED_n060_023_a75_069,ED,60,0.75,1,0,2002.0,2002,0.0,1,57.747840099968016,57.74786459992174,UB_STOP
C_n080_031_a25_091,C,80,0.25,1,1,1515.0,1533,1.1741682974559686,9,300.2324125999585,300.23243259999435,STALL→tier0→1 d_max=7
C_n080_031_a25_091,C,80,0.25,2,2,1515.0,1520,0.3289473684210526,9,300.15719890000764,600.5564331000205,STALL→tier1→2 d_max=10
C_n080_031_a25_091,C,80,0.25,3,2,1515.0,1516,0.06596306068601583,9,300.0187341000419,900.8386485000374,UB_TIGHT→GAP<0.3%
B_n120_011_a75_033,B,120,0.75,1,0,4074.0,4074,0.0,0,0.0,0.0,UB_PROVEN_INIT
EB_n120_015_a75_045,EB,120,0.75,1,0,4268.0,4268,0.0,0,0.0,0.0,UB_PROVEN_INIT
C_n065_018_a50_053,C,65,0.5,1,1,1905.0,1928,1.1929460580912863,5,300.1871394000482,300.1871654000133,STALL→tier0→1 d_max=12
C_n065_018_a50_053,C,65,0.5,2,1,1905.0,1908,0.15723270440251574,4,300.1113591999747,600.4750160999829,UB_TIGHT→GAP<0.3%
ED_n060_021_a75_063,ED,60,0.75,1,0,1698.0,1705,0.41055718475073316,1,300.08835279999766,300.0883840000024,OBJ+7 tier->0
ED_n060_021_a75_063,ED,60,0.75,2,0,1698.0,1699,0.05885815185403178,1,300.14727650000714,600.2357328999788,UB_TIGHT→GAP<0.3%
EC_n080_033_a25_097,EC,80,0.25,1,0,1806.0,1813,0.3861003861003861,9,300.25306480005383,300.25308589998167,OBJ+139 tier->0
EC_n080_033_a25_097,EC,80,0.25,2,1,1806.0,1823,0.9325287986834888,9,300.0282450999366,600.2813644999405,STALL→tier0→1 d_max=8
EC_n080_033_a25_097,EC,80,0.25,3,2,1806.0,1814,0.4410143329658214,8,300.00329040002543,900.7023154000053,STALL→tier1→2 d_max=11
EC_n080_033_a25_097,EC,80,0.25,4,3,1806.0,1812,0.33112582781456956,8,300.0163010000251,1201.1330541999778,TIERS_EXHAUSTED
EC_n065_019_a75_057,EC,65,0.75,1,0,2599.0,2599,0.0,0,0.0,0.0,UB_PROVEN_INIT
B_n100_001_a75_003,B,100,0.75,1,0,3119.0,3119,0.0,0,0.0,0.0,UB_PROVEN_INIT
EB_n100_004_a75_012,EB,100,0.75,1,0,4170.0,4170,0.0,0,0.0,0.0,UB_PROVEN_INIT
EC_n065_017_a75_051,EC,65,0.75,1,0,1967.0,1968,0.05081300813008131,5,300.0319223999977,300.03194609994534,OBJ+1 tier->0
EC_n065_016_a50_047,EC,65,0.5,1,0,1853.0,1854,0.05393743257820927,8,300.49575680005364,300.49578570004087,OBJ+14 tier->0
ED_n060_021_a50_062,ED,60,0.5,1,0,1637.0,1638,0.06105006105006105,2,300.099969199975,300.09998980001546,OBJ+13 tier->0
ED_n050_014_a50_041,ED,50,0.5,1,0,1787.0,1807,1.1068068622025455,4,300.0572594999103,300.05728079995606,OBJ+101 tier->0
ED_n050_014_a50_041,ED,50,0.5,2,1,1787.0,1799,0.6670372429127293,4,300.01045890001114,600.0677650000434,STALL→tier0→1 d_max=8
ED_n050_014_a50_041,ED,50,0.5,3,2,1787.0,1797,0.5564830272676683,3,300.3545724999858,900.5461472000461,STALL→tier1→2 d_max=10
ED_n050_014_a50_041,ED,50,0.5,4,3,1787.0,1797,0.5564830272676683,3,300.0064275000477,1200.6533635000233,TIERS_EXHAUSTED
EB_n120_014_a50_041,EB,120,0.5,1,1,4549.0,4564,0.3286590709903593,5,300.6507828999311,300.6508321999572,STALL→tier0→1 d_max=21
EB_n120_014_a50_041,EB,120,0.5,2,1,4549.0,4549,0.0,5,300.1272704999428,601.1086992999772,UB_TIGHT→GAP<0.3%
EC_n070_024_a75_072,EC,70,0.75,1,1,3007.0,3008,0.03324468085106383,4,300.3865799000487,300.3866085000336,STALL→tier0→1 d_max=16
ED_n045_008_a75_024,ED,45,0.75,1,0,1471.0,1471,0.0,3,300.06407289998606,300.06409470003564,UB_TIGHT→GAP<0.3%
C_n065_020_a50_059,C,65,0.5,1,1,2323.0,2340,0.7264957264957265,6,300.0303406000603,300.03036630002316,STALL→tier0→1 d_max=11
C_n065_020_a50_059,C,65,0.5,2,1,2323.0,2325,0.08602150537634409,6,300.03153759997804,600.1550239999779,UB_TIGHT→GAP<0.3%
ED_n070_032_a25_094,ED,70,0.25,1,0,974.0,974,0.0,0,0.0,0.0,UB_PROVEN_INIT
C_n070_025_a50_074,C,70,0.5,1,1,2449.0,2477,1.1303996770286637,4,300.17274079995696,300.17277289996855,STALL→tier0→1 d_max=13
C_n070_025_a50_074,C,70,0.5,2,1,2449.0,2451,0.08159934720522236,4,300.0887332999846,600.4006148999324,UB_TIGHT→GAP<0.3%
EC_n065_019_a50_056,EC,65,0.5,1,0,2352.0,2376,1.0101010101010102,7,300.21998289995827,300.22002489992883,OBJ+1 tier->0
EC_n065_019_a50_056,EC,65,0.5,2,1,2352.0,2360,0.3389830508474576,7,300.1589715000009,600.3790317999665,STALL→tier0→1 d_max=12
EC_n065_019_a50_056,EC,65,0.5,3,1,2352.0,2352,0.0,6,300.66427269997075,901.1511217999505,UB_TIGHT→GAP<0.3%
D_n050_015_a50_044,D,50,0.5,1,0,1591.0,1591,0.0,0,0.0,0.0,UB_PROVEN_INIT
ED_n050_011_a50_032,ED,50,0.5,1,0,1306.0,1307,0.07651109410864575,4,300.04661740001757,300.0466618000064,OBJ+11 tier->0
C_n065_017_a50_050,C,65,0.5,1,0,1930.0,1930,0.0,5,300.50359869992826,300.50362380000297,UB_TIGHT→GAP<0.3%
D_n050_011_a50_032,D,50,0.5,1,0,1418.0,1418,0.0,0,0.0,0.0,UB_PROVEN_INIT
D_n060_022_a75_066,D,60,0.75,1,0,1956.0,1956,0.0,0,0.0,0.0,UB_PROVEN_INIT
EC_n080_033_a75_099,EC,80,0.75,1,0,2802.0,2804,0.07132667617689016,3,300.60942140000407,300.60945300001185,OBJ+1 tier->0
C_n065_019_a75_057,C,65,0.75,1,0,2600.0,2600,0.0,0,0.0,0.0,UB_PROVEN_INIT
C_n070_022_a75_066,C,70,0.75,1,0,2102.0,2102,0.0,0,0.0,0.0,UB_PROVEN_INIT
D_n050_013_a50_038,D,50,0.5,1,1,1349.0,1367,1.3167520117044622,3,301.12176010000985,301.1217921000207,STALL→tier0→1 d_max=8
D_n050_013_a50_038,D,50,0.5,2,1,1349.0,1352,0.22189349112426035,3,300.99771850008983,602.246748900041,UB_TIGHT→GAP<0.3%
EC_n070_024_a50_071,EC,70,0.5,1,0,2752.0,2771,0.6856730422230242,5,300.1021231999621,300.1021406999789,OBJ+2 tier->0
EC_n070_024_a50_071,EC,70,0.5,2,0,2752.0,2754,0.07262164124909223,4,300.0167835999746,600.1189514000434,UB_TIGHT→GAP<0.3%
C_n070_022_a50_065,C,70,0.5,1,1,2052.0,2062,0.4849660523763337,4,300.42833530006465,300.428355100099,STALL→tier0→1 d_max=13
C_n070_022_a50_065,C,70,0.5,2,2,2052.0,2061,0.43668122270742354,3,300.84945059998427,601.5308124000439,STALL→tier1→2 d_max=18
C_n070_022_a50_065,C,70,0.5,3,3,2052.0,2060,0.3883495145631068,3,300.0278927999316,901.8186924000038,TIERS_EXHAUSTED
C_n065_016_a75_048,C,65,0.75,1,0,1924.0,1924,0.0,0,0.0,0.0,UB_PROVEN_INIT
EB_n130_017_a50_050,EB,130,0.5,1,0,4421.0,4481,1.3389868332961392,4,300.46920679998584,300.4692320000613,OBJ+31 tier->0
EB_n130_017_a50_050,EB,130,0.5,2,1,4421.0,4457,0.8077181960960288,3,300.01789630006533,600.4871635000454,STALL→tier0→1 d_max=25
EB_n130_017_a50_050,EB,130,0.5,3,2,4421.0,4448,0.6070143884892086,3,301.5727236000821,903.5360274000559,STALL→tier1→2 d_max=33
EB_n130_017_a50_050,EB,130,0.5,4,3,4421.0,4446,0.5623031938821412,3,301.6187073000474,1206.6134015000425,TIERS_EXHAUSTED
B_n120_013_a25_037,B,120,0.25,1,1,2942.0,2966,0.8091706001348618,7,300.41349059995264,300.41351149999537,STALL→tier0→1 d_max=13
B_n120_013_a25_037,B,120,0.25,2,1,2942.0,2949,0.23736859952526282,7,300.00068449997343,600.8409253000282,UB_TIGHT→GAP<0.3%
EB_n120_015_a50_044,EB,120,0.5,1,0,3857.0,3897,1.0264305876315114,5,300.0637003000593,300.06372730003204,OBJ+28 tier->0
EB_n120_015_a50_044,EB,120,0.5,2,1,3857.0,3874,0.43882292204439854,4,300.0181089999387,600.0818718000082,STALL→tier0→1 d_max=19
EB_n120_015_a50_044,EB,120,0.5,3,1,3857.0,3858,0.02592016588906169,4,300.1592095999513,900.5741331999889,UB_TIGHT→GAP<0.3%
C_n060_012_a75_036,C,60,0.75,1,0,1759.0,1759,0.0,0,0.0,0.0,UB_PROVEN_INIT
EC_n060_015_a50_044,EC,60,0.5,1,0,2102.0,2102,0.0,0,0.0,0.0,UB_PROVEN_INIT
ED_n065_027_a75_081,ED,65,0.75,1,0,1963.0,1986,1.1581067472306144,1,302.32151389995124,302.3215410000412,OBJ+32 tier->0
ED_n065_027_a75_081,ED,65,0.75,2,0,1971.0,1986,0.7552870090634441,1,300.0929848999949,602.4145570000401,OBJ+8 tier->0
ED_n065_027_a75_081,ED,65,0.75,3,0,1972.0,1986,0.7049345417925479,1,302.569586000056,904.9842191000935,OBJ+1 tier->0
ED_n065_027_a75_081,ED,65,0.75,4,1,1972.0,1983,0.5547150781643975,1,301.8195553999394,1206.8038024000125,STALL→tier0→1 d_max=13
ED_n065_027_a75_081,ED,65,0.75,5,2,1972.0,1982,0.5045408678102926,1,304.99474930006545,1512.0836086000782,STALL→tier1→2 d_max=18
ED_n065_027_a75_081,ED,65,0.75,6,3,1972.0,1982,0.5045408678102926,1,303.4707292999374,1815.8561257000547,TIERS_EXHAUSTED
ED_n045_010_a75_030,ED,45,0.75,1,0,1596.0,1596,0.0,0,0.0,0.0,UB_PROVEN_INIT
C_n060_012_a50_035,C,60,0.5,1,0,1731.0,1731,0.0,0,0.0,0.0,UB_PROVEN_INIT
EB_n120_011_a75_033,EB,120,0.75,1,1,4071.0,4072,0.02455795677799607,4,300.6608788999729,300.66090249991976,STALL→tier0→1 d_max=27
ED_n045_009_a75_027,ED,45,0.75,1,0,1650.0,1650,0.0,0,0.0,0.0,UB_PROVEN_INIT
B_n110_008_a25_022,B,110,0.25,1,1,2531.0,2546,0.589159465828751,12,300.01417209999636,300.01420239999425,STALL→tier0→1 d_max=11
B_n110_008_a25_022,B,110,0.25,2,1,2531.0,2535,0.15779092702169625,10,300.2952892999165,600.5843675999204,UB_TIGHT→GAP<0.3%
C_n080_034_a25_100,C,80,0.25,1,1,2268.0,2289,0.9174311926605505,6,300.04141449998133,300.04144449997693,STALL→tier0→1 d_max=9
C_n080_034_a25_100,C,80,0.25,2,1,2268.0,2272,0.17605633802816903,6,300.02599180000834,600.3419551000698,UB_TIGHT→GAP<0.3%
EC_n070_025_a75_075,EC,70,0.75,1,0,2599.0,2599,0.0,0,0.0,0.0,UB_PROVEN_INIT
C_n070_021_a75_063,C,70,0.75,1,0,2035.0,2035,0.0,0,0.0,0.0,UB_PROVEN_INIT
B_n120_015_a75_045,B,120,0.75,1,0,4282.0,4282,0.0,0,0.0,0.0,UB_PROVEN_INIT
C_n070_023_a50_068,C,70,0.5,1,0,2305.0,2305,0.0,3,300.80651919997763,300.8065510999877,UB_TIGHT→GAP<0.3%
B_n120_013_a75_039,B,120,0.75,1,0,4147.0,4147,0.0,0,0.0,0.0,UB_PROVEN_INIT
B_n100_003_a50_008,B,100,0.5,1,0,3179.0,3179,0.0,0,0.0,0.0,UB_PROVEN_INIT
B_n120_014_a75_042,B,120,0.75,1,0,5038.0,5038,0.0,0,0.0,0.0,UB_PROVEN_INIT
C_n070_024_a50_071,C,70,0.5,1,0,2863.0,2863,0.0,4,300.21024339995347,300.210274699959,UB_TIGHT→GAP<0.3%
C_n060_011_a75_033,C,60,0.75,1,0,1713.0,1713,0.0,0,0.0,0.0,UB_PROVEN_INIT
EB_n100_004_a50_011,EB,100,0.5,1,1,3719.0,3734,0.4017139796464917,6,300.5646639999468,300.5646934999386,STALL→tier0→1 d_max=18
EB_n100_004_a50_011,EB,100,0.5,2,1,3719.0,3720,0.026881720430107527,5,300.4701281999005,601.202851299895,UB_TIGHT→GAP<0.3%
EB_n100_002_a50_005,EB,100,0.5,1,1,3052.0,3073,0.683371298405467,6,300.04596099990886,300.0459857999813,STALL→tier0→1 d_max=20
EB_n100_002_a50_005,EB,100,0.5,2,1,3052.0,3053,0.03275466754012447,6,300.5125944999745,600.8126614000648,UB_TIGHT→GAP<0.3%
EC_n065_020_a50_059,EC,65,0.5,1,0,2299.0,2301,0.0869187309865276,6,300.153071800014,300.1531021000119,OBJ+1 tier->0
D_n060_021_a25_061,D,60,0.25,1,1,1084.0,1088,0.3676470588235294,5,300.2621881000232,300.26221800001804,STALL→tier0→1 d_max=5
D_n060_021_a25_061,D,60,0.25,2,1,1084.0,1085,0.09216589861751152,5,300.12242919998243,600.6690370999277,UB_TIGHT→GAP<0.3%
B_n100_004_a50_011,B,100,0.5,1,0,4102.0,4102,0.0,0,0.0,0.0,UB_PROVEN_INIT
EB_n120_013_a75_039,EB,120,0.75,1,0,4147.0,4147,0.0,0,0.0,0.0,UB_PROVEN_INIT
EC_n070_022_a50_065,EC,70,0.5,1,0,2018.0,2019,0.04952947003467063,5,300.03158149996307,300.03160300001036,OBJ+11 tier->0
B_n120_012_a25_034,B,120,0.25,1,1,2871.0,2900,1.0,6,300.16328720003366,300.1633081000764,STALL→tier0→1 d_max=15
B_n120_012_a25_034,B,120,0.25,2,2,2871.0,2883,0.41623309053069724,6,300.3511774999788,601.2814057000214,STALL→tier1→2 d_max=21
B_n120_012_a25_034,B,120,0.25,3,3,2871.0,2883,0.41623309053069724,6,300.809222000069,902.6882758000866,TIERS_EXHAUSTED
EC_n070_023_a75_069,EC,70,0.75,1,0,2359.0,2359,0.0,0,0.0,0.0,UB_PROVEN_INIT
D_n060_023_a25_067,D,60,0.25,1,1,1263.0,1278,1.1737089201877933,7,300.0025228000013,300.0025678999955,STALL→tier0→1 d_max=5
D_n060_023_a25_067,D,60,0.25,2,1,1263.0,1265,0.15810276679841898,7,300.224440400023,600.4322731000138,UB_TIGHT→GAP<0.3%
C_n060_015_a50_044,C,60,0.5,1,0,2123.0,2123,0.0,0,0.0,0.0,UB_PROVEN_INIT
EC_n080_034_a25_100,EC,80,0.25,1,0,1858.0,1858,0.0,0,0.0,0.0,UB_PROVEN_INIT
EC_n060_011_a75_033,EC,60,0.75,1,0,1712.0,1713,0.05837711617046118,5,300.0069351999555,300.0069650999503,OBJ+2 tier->0
EC_n070_022_a75_066,EC,70,0.75,1,0,2099.0,2099,0.0,0,0.0,0.0,UB_PROVEN_INIT
ED_n050_013_a50_038,ED,50,0.5,1,0,1337.0,1340,0.22388059701492538,4,300.0278631000547,300.02789340005256,UB_TIGHT→GAP<0.3%
ED_n060_025_a25_073,ED,60,0.25,1,0,1346.0,1360,1.0294117647058822,5,300.0711465999484,300.07117339991964,OBJ+222 tier->0
ED_n060_025_a25_073,ED,60,0.25,2,0,1346.0,1348,0.1483679525222552,5,300.13299760001246,600.2041985999094,UB_TIGHT→GAP<0.3%
B_n120_015_a25_043,B,120,0.25,1,1,2579.0,2597,0.693107431651906,9,300.01540500007104,300.015427300008,STALL→tier0→1 d_max=12
B_n120_015_a25_043,B,120,0.25,2,1,2579.0,2583,0.15485869144405728,8,300.2567918000277,600.6180887999944,UB_TIGHT→GAP<0.3%
EB_n120_014_a75_042,EB,120,0.75,1,0,5034.0,5034,0.0,0,0.0,0.0,UB_PROVEN_INIT
C_n075_028_a50_083,C,75,0.5,1,0,2538.0,2538,0.0,3,300.4486259999685,300.44865409994964,UB_TIGHT→GAP<0.3%
C_n060_013_a50_038,C,60,0.5,1,1,1784.0,1805,1.1634349030470914,6,300.00575470004696,300.00577669998165,STALL→tier0→1 d_max=11
C_n060_013_a50_038,C,60,0.5,2,1,1784.0,1786,0.11198208286674133,5,300.33336200006306,600.489736800082,UB_TIGHT→GAP<0.3%
D_n045_010_a25_028,D,45,0.25,1,0,957.0,957,0.0,9,300.0147601000499,300.0147938000737,UB_TIGHT→GAP<0.3%
B_n120_014_a25_040,B,120,0.25,1,1,3242.0,3333,2.7302730273027302,7,300.32335209997837,300.32337600004394,STALL→tier0→1 d_max=14
B_n120_014_a25_040,B,120,0.25,2,2,3242.0,3299,1.7277963019096696,7,300.0162936000852,600.7447673000861,STALL→tier1→2 d_max=18
B_n120_014_a25_040,B,120,0.25,3,3,3242.0,3294,1.5786278081360048,7,300.20655740005895,901.3558832000708,TIERS_EXHAUSTED
C_n065_016_a50_047,C,65,0.5,1,0,1863.0,1863,0.0,5,300.17531999992207,300.1753494000295,UB_TIGHT→GAP<0.3%
C_n080_031_a50_092,C,80,0.5,1,0,2287.0,2288,0.043706293706293704,3,301.1239287999924,301.1239522000542,UB_TIGHT→GAP<0.3%
B_n110_009_a25_025,B,110,0.25,1,1,3221.0,3252,0.9532595325953259,10,300.09095300000627,300.09098300000187,STALL→tier0→1 d_max=13
B_n110_009_a25_025,B,110,0.25,2,1,3221.0,3226,0.15499070055796654,9,300.00708689994644,600.3369224999333,UB_TIGHT→GAP<0.3%
ED_n065_029_a25_085,ED,65,0.25,1,0,1343.0,1359,1.177336276674025,7,300.0812681999523,300.08130439999513,OBJ+108 tier->0
ED_n065_029_a25_085,ED,65,0.25,2,1,1343.0,1378,2.539912917271408,7,300.1493072999874,600.2306730999844,STALL→tier0→1 d_max=5
ED_n065_029_a25_085,ED,65,0.25,3,2,1343.0,1360,1.25,7,300.1181159000844,900.6624360000715,STALL→tier1→2 d_max=6
ED_n065_029_a25_085,ED,65,0.25,4,3,1343.0,1351,0.5921539600296076,7,300.028555200086,1201.0553249000804,TIERS_EXHAUSTED
EC_n065_018_a50_053,EC,65,0.5,1,0,1883.0,1915,1.671018276762402,5,300.07163829996716,300.07166829996277,OBJ+21 tier->0
EC_n065_018_a50_053,EC,65,0.5,2,1,1883.0,1895,0.6332453825857519,5,300.1428249999881,600.2145295999944,STALL→tier0→1 d_max=11
EC_n065_018_a50_053,EC,65,0.5,3,2,1883.0,1889,0.31762837480148226,4,300.00675439997576,900.4309658999555,STALL→tier1→2 d_max=15
EC_n065_018_a50_053,EC,65,0.5,4,2,1883.0,1888,0.26483050847457623,4,300.0281742999796,1200.6675148999784,UB_TIGHT→GAP<0.3%
EC_n080_035_a25_103,EC,80,0.25,1,0,1585.0,1589,0.25173064820641916,10,300.0150536999572,300.01509959995747,OBJ+1 tier->0
ED_n065_027_a25_079,ED,65,0.25,1,0,874.0,874,0.0,0,0.0,0.0,UB_PROVEN_INIT
EC_n060_013_a75_039,EC,60,0.75,1,0,2017.0,2017,0.0,0,0.0,0.0,UB_PROVEN_INIT
D_n060_022_a25_064,D,60,0.25,1,1,1083.0,1120,3.303571428571429,6,299.65917320002336,299.6592218000442,STALL→tier0→1 d_max=5
D_n060_022_a25_064,D,60,0.25,2,2,1083.0,1091,0.7332722273143905,6,300.02060280006845,599.9393377000233,STALL→tier1→2 d_max=7
D_n060_022_a25_064,D,60,0.25,3,2,1083.0,1084,0.09225092250922509,6,300.10814559995197,900.298947299947,UB_TIGHT→GAP<0.3%
C_n055_010_a50_029,C,55,0.5,1,1,1894.0,1902,0.4206098843322818,9,300.32474489999004,300.3247729000868,STALL→tier0→1 d_max=10
C_n055_010_a50_029,C,55,0.5,2,1,1894.0,1894,0.0,9,300.03603550000116,600.459896900109,UB_TIGHT→GAP<0.3%
EC_n065_020_a75_060,EC,65,0.75,1,0,2487.0,2487,0.0,0,0.0,0.0,UB_PROVEN_INIT
C_n075_029_a50_086,C,75,0.5,1,0,3004.0,3013,0.2987056090275473,3,301.3825867000269,301.3826092000818,UB_TIGHT→GAP<0.3%
EB_n100_002_a25_004,EB,100,0.25,1,1,1859.0,1879,1.06439595529537,12,300.27033139998093,300.27035230002366,STALL→tier0→1 d_max=10
EB_n100_002_a25_004,EB,100,0.25,2,1,1859.0,1863,0.2147074610842727,12,300.1831845000852,600.7463362000417,UB_TIGHT→GAP<0.3%
EC_n080_034_a75_102,EC,80,0.75,1,0,3424.0,3425,0.029197080291970805,3,300.17875149997417,300.1787717998959,OBJ+5 tier->0
ED_n045_007_a75_021,ED,45,0.75,1,0,1278.0,1278,0.0,1,15.34251139999833,15.34253390005324,UB_STOP
EB_n130_018_a50_053,EB,130,0.5,1,0,4465.0,4468,0.06714413607878246,4,300.25392269995064,300.2539516999386,OBJ+134 tier->0
ED_n070_031_a25_091,ED,70,0.25,1,0,878.0,878,0.0,0,0.0,0.0,UB_PROVEN_INIT
B_n120_011_a25_031,B,120,0.25,1,1,2526.0,2597,2.7339237581825184,8,300.0159278999781,300.015970599954,STALL→tier0→1 d_max=12
B_n120_011_a25_031,B,120,0.25,2,2,2526.0,2574,1.8648018648018647,8,300.5204975999659,601.948790699942,STALL→tier1→2 d_max=17
B_n120_011_a25_031,B,120,0.25,3,3,2526.0,2574,1.8648018648018647,8,300.06990589993075,903.5694004999241,TIERS_EXHAUSTED
D_n060_021_a75_063,D,60,0.75,1,0,1700.0,1700,0.0,0,0.0,0.0,UB_PROVEN_INIT
C_n065_017_a75_051,C,65,0.75,1,0,1971.0,1971,0.0,0,0.0,0.0,UB_PROVEN_INIT
EC_n060_012_a50_035,EC,60,0.5,1,0,1710.0,1710,0.0,0,0.0,0.0,UB_PROVEN_INIT
C_n060_011_a50_032,C,60,0.5,1,0,1664.0,1664,0.0,6,300.01731929997914,300.01734050002415,UB_TIGHT→GAP<0.3%
ED_n065_026_a25_076,ED,65,0.25,1,0,858.0,872,1.6055045871559634,6,300.07900430005975,300.0790314000333,OBJ+25 tier->0
ED_n065_026_a25_076,ED,65,0.25,2,1,858.0,864,0.6944444444444444,6,300.20706170005724,600.2861271000002,STALL→tier0→1 d_max=5
ED_n065_026_a25_076,ED,65,0.25,3,1,858.0,859,0.11641443538998836,6,300.4815018000081,901.0592025000369,UB_TIGHT→GAP<0.3%
EC_n075_027_a75_081,EC,75,0.75,1,0,2221.0,2222,0.045004500450045004,3,300.0428951999638,300.0429251999594,OBJ+1 tier->0
C_n060_014_a50_041,C,60,0.5,1,0,2341.0,2341,0.0,6,300.01502769999206,300.01505119993817,UB_TIGHT→GAP<0.3%
C_n070_024_a75_072,C,70,0.75,1,0,3009.0,3009,0.0,0,0.0,0.0,UB_PROVEN_INIT
ED_n060_022_a75_066,ED,60,0.75,1,0,1944.0,1956,0.6134969325153374,2,301.2508197000716,301.250850200071,OBJ+23 tier->0
ED_n060_022_a75_066,ED,60,0.75,2,1,1944.0,1955,0.5626598465473146,2,300.09905089996755,601.3499557999894,STALL→tier0→1 d_max=13
ED_n060_022_a75_066,ED,60,0.75,3,2,1944.0,1954,0.511770726714432,1,300.68668689997867,902.2915150000481,STALL→tier1→2 d_max=18
ED_n060_022_a75_066,ED,60,0.75,4,3,1944.0,1954,0.511770726714432,1,300.1819558000425,1202.7322897000704,TIERS_EXHAUSTED
D_n045_010_a75_030,D,45,0.75,1,0,1613.0,1613,0.0,0,0.0,0.0,UB_PROVEN_INIT
EC_n075_029_a75_087,EC,75,0.75,1,0,3221.0,3222,0.031036623215394164,3,300.582224200014,300.58225340000354,OBJ+4 tier->0
C_n075_027_a50_080,C,75,0.5,1,0,2184.0,2185,0.045766590389016024,3,300.8252026999835,300.8252298999578,UB_TIGHT→GAP<0.3%
C_n055_006_a75_018,C,55,0.75,1,0,1589.0,1589,0.0,0,0.0,0.0,UB_PROVEN_INIT
C_n055_009_a75_027,C,55,0.75,1,0,2373.0,2373,0.0,0,0.0,0.0,UB_PROVEN_INIT
B_n100_003_a25_007,B,100,0.25,1,1,2312.0,2323,0.4735256134309083,14,300.2020727000199,300.2021162000019,STALL→tier0→1 d_max=11
B_n100_003_a25_007,B,100,0.25,2,1,2312.0,2313,0.043233895373973194,14,300.0826232000254,600.49147550005,UB_TIGHT→GAP<0.3%
C_n070_023_a75_069,C,70,0.75,1,0,2359.0,2359,0.0,0,0.0,0.0,UB_PROVEN_INIT
EB_n130_016_a50_047,EB,130,0.5,1,0,4095.0,4096,0.0244140625,3,301.384422800038,301.3844451000914,UB_TIGHT→GAP<0.3%
ED_n060_022_a25_064,ED,60,0.25,1,0,864.0,864,0.0,0,0.0,0.0,UB_PROVEN_INIT
EC_n070_021_a50_062,EC,70,0.5,1,0,1953.0,1956,0.15337423312883436,6,300.08073519996833,300.08075590000954,OBJ+14 tier->0
EC_n075_029_a50_086,EC,75,0.5,1,0,2982.0,3003,0.6993006993006993,4,300.2980635999702,300.2981093999697,OBJ+132 tier->0
EC_n075_029_a50_086,EC,75,0.5,2,0,2982.0,2985,0.10050251256281408,3,300.0595829000231,600.357744500041,UB_TIGHT→GAP<0.3%
EC_n070_023_a50_068,EC,70,0.5,1,0,2206.0,2218,0.5410279531109108,4,300.5451469999971,300.5451814000262,OBJ+4 tier->0
EC_n070_023_a50_068,EC,70,0.5,2,1,2206.0,2236,1.3416815742397137,4,300.1262074999977,600.6714246999472,STALL→tier0→1 d_max=13
EC_n070_023_a50_068,EC,70,0.5,3,2,2206.0,2219,0.5858494817485354,4,300.0182715000119,900.8930998999858,STALL→tier1→2 d_max=18
EC_n070_023_a50_068,EC,70,0.5,4,3,2206.0,2217,0.49616599007668016,3,301.1767330999719,1202.2962132999673,TIERS_EXHAUSTED
C_n070_023_a25_067,C,70,0.25,1,1,1628.0,1639,0.6711409395973155,7,300.3470728000393,300.3471031000372,STALL→tier0→1 d_max=8
C_n070_023_a25_067,C,70,0.25,2,2,1628.0,1633,0.3061849357011635,7,300.10471109999344,600.6975871999748,STALL→tier1→2 d_max=11
C_n070_023_a25_067,C,70,0.25,3,3,1628.0,1633,0.3061849357011635,7,300.0080904000206,900.9327960000373,TIERS_EXHAUSTED
C_n080_035_a50_104,C,80,0.5,1,1,2778.0,2808,1.0683760683760684,2,301.45701200002804,301.4570396000054,STALL→tier0→1 d_max=15
C_n080_035_a50_104,C,80,0.5,2,1,2778.0,2782,0.14378145219266716,2,300.9581204999704,602.7024853000185,UB_TIGHT→GAP<0.3%
EC_n055_009_a75_027,EC,55,0.75,1,0,2370.0,2370,0.0,0,0.0,0.0,UB_PROVEN_INIT
D_n055_019_a25_055,D,55,0.25,1,1,1147.0,1179,2.7141645462256148,7,300.0377155999886,300.0377500000177,STALL→tier0→1 d_max=5
D_n055_019_a25_055,D,55,0.25,2,2,1147.0,1164,1.4604810996563573,8,300.0029821000062,600.2078005999792,STALL→tier1→2 d_max=7
D_n055_019_a25_055,D,55,0.25,3,3,1147.0,1157,0.864304235090752,8,300.0236699000234,900.3959841000615,TIERS_EXHAUSTED
B_n100_004_a25_010,B,100,0.25,1,1,2831.0,2856,0.8753501400560224,11,300.18835129996296,300.18837979994714,STALL→tier0→1 d_max=12
B_n100_004_a25_010,B,100,0.25,2,1,2831.0,2839,0.28178936245156744,10,300.2647067999933,600.622800400015,UB_TIGHT→GAP<0.3%
D_n045_010_a50_029,D,45,0.5,1,1,1462.0,1484,1.482479784366577,4,300.1307931999909,300.13083909999114,STALL→tier0→1 d_max=7
D_n045_010_a50_029,D,45,0.5,2,1,1462.0,1464,0.1366120218579235,3,300.048715999932,600.2887733000098,UB_TIGHT→GAP<0.3%
C_n065_020_a75_060,C,65,0.75,1,0,2489.0,2489,0.0,0,0.0,0.0,UB_PROVEN_INIT
EC_n050_003_a75_009,EC,50,0.75,1,0,1584.0,1584,0.0,0,0.0,0.0,UB_PROVEN_INIT
EC_n060_013_a50_038,EC,60,0.5,1,0,1744.0,1765,1.189801699716714,7,300.49656729993876,300.4965955000371,OBJ+2 tier->0
EC_n060_013_a50_038,EC,60,0.5,2,0,1744.0,1746,0.11454753722794961,7,300.17584239994176,600.6724881000118,UB_TIGHT→GAP<0.3%
ED_n060_024_a25_070,ED,60,0.25,1,0,1253.0,1267,1.1049723756906076,9,300.0189677000744,300.0190125000663,OBJ+119 tier->0
ED_n060_024_a25_070,ED,60,0.25,2,1,1253.0,1283,2.338269680436477,9,300.1612635999918,600.180308900075,STALL→tier0→1 d_max=5
ED_n060_024_a25_070,ED,60,0.25,3,2,1253.0,1266,1.0268562401263823,9,300.0089468000224,900.4953245000215,STALL→tier1→2 d_max=6
ED_n060_024_a25_070,ED,60,0.25,4,3,1253.0,1260,0.5555555555555556,9,300.01313849992584,1200.8193668000167,TIERS_EXHAUSTED
EC_n055_008_a75_024,EC,55,0.75,1,0,1606.0,1606,0.0,0,0.0,0.0,UB_PROVEN_INIT
EB_n100_004_a25_010,EB,100,0.25,1,1,2417.0,2435,0.7392197125256673,13,300.1453467999818,300.1453771000961,STALL→tier0→1 d_max=10
EB_n100_004_a25_010,EB,100,0.25,2,1,2417.0,2418,0.0413564929693962,13,300.0066625000909,600.3284734000918,UB_TIGHT→GAP<0.3%
C_n055_010_a75_030,C,55,0.75,1,0,2048.0,2048,0.0,0,0.0,0.0,UB_PROVEN_INIT
C_n050_005_a75_015,C,50,0.75,1,0,1737.0,1737,0.0,0,0.0,0.0,UB_PROVEN_INIT
ED_n040_004_a75_012,ED,40,0.75,1,0,1526.0,1526,0.0,0,0.0,0.0,UB_PROVEN_INIT
EC_n055_007_a75_021,EC,55,0.75,1,0,1612.0,1612,0.0,1,0.3602481000125408,0.3602693999418989,UB_STOP
D_n055_020_a25_058,D,55,0.25,1,1,1157.0,1175,1.5319148936170213,5,300.01108349999413,300.0111040000338,STALL→tier0→1 d_max=5
D_n055_020_a25_058,D,55,0.25,2,2,1157.0,1164,0.6013745704467355,6,300.06275290006306,600.2492383000208,STALL→tier1→2 d_max=7
D_n055_020_a25_058,D,55,0.25,3,2,1157.0,1159,0.1725625539257981,6,300.2536409999011,900.6763642999576,UB_TIGHT→GAP<0.3%
EC_n075_028_a50_083,EC,75,0.5,1,0,2435.0,2439,0.16400164001640016,3,300.4110860999208,300.41111489990726,OBJ+22 tier->0
B_n100_001_a25_001,B,100,0.25,1,0,2142.0,2144,0.09328358208955223,12,300.08734590001404,300.0873741999967,UB_TIGHT→GAP<0.3%
EC_n075_027_a50_080,EC,75,0.5,1,0,2145.0,2146,0.046598322460391424,4,300.01515779993497,300.0152065999573,OBJ+12 tier->0
EC_n060_014_a75_042,EC,60,0.75,1,0,2474.0,2477,0.12111425111021397,5,300.5519246000331,300.5519533000188,OBJ+1 tier->0
B_n100_002_a25_004,B,100,0.25,1,1,2364.0,2380,0.6722689075630253,10,300.1288154000649,300.1288398000179,STALL→tier0→1 d_max=12
B_n100_002_a25_004,B,100,0.25,2,1,2364.0,2366,0.08453085376162299,9,300.0068686999148,600.359443299938,UB_TIGHT→GAP<0.3%
ED_n045_006_a50_017,ED,45,0.5,1,0,1099.0,1099,0.0,0,0.0,0.0,UB_PROVEN_INIT
EB_n120_012_a25_034,EB,120,0.25,1,0,2496.0,2532,1.4218009478672986,10,300.0008758000331,300.0008971999632,OBJ+131 tier->0
EB_n120_012_a25_034,EB,120,0.25,2,1,2496.0,2509,0.5181347150259068,9,300.3924812999321,600.3934142999351,STALL→tier0→1 d_max=12
EB_n120_012_a25_034,EB,120,0.25,3,1,2496.0,2501,0.19992003198720512,9,300.2170049000997,901.428791299928,UB_TIGHT→GAP<0.3%
C_n055_008_a50_023,C,55,0.5,1,1,1381.0,1395,1.003584229390681,7,300.0129747000756,300.0130249999929,STALL→tier0→1 d_max=10
C_n055_008_a50_023,C,55,0.5,2,1,1381.0,1382,0.0723589001447178,7,300.00001900002826,600.1499823000049,UB_TIGHT→GAP<0.3%
ED_n065_028_a25_082,ED,65,0.25,1,0,1152.0,1157,0.432152117545376,8,300.2211606000783,300.2211890000617,OBJ+9 tier->0
ED_n065_028_a25_082,ED,65,0.25,2,1,1152.0,1161,0.7751937984496124,8,300.0444089999655,600.2656265000114,STALL→tier0→1 d_max=4
ED_n065_028_a25_082,ED,65,0.25,3,2,1152.0,1157,0.432152117545376,8,300.3698169999989,900.9514831000706,STALL→tier1→2 d_max=6
ED_n065_028_a25_082,ED,65,0.25,4,3,1152.0,1157,0.432152117545376,9,300.0041629000334,1201.212365000043,TIERS_EXHAUSTED
C_n060_013_a75_039,C,60,0.75,1,0,2019.0,2019,0.0,0,0.0,0.0,UB_PROVEN_INIT
C_n065_018_a75_054,C,65,0.75,1,0,2146.0,2146,0.0,0,0.0,0.0,UB_PROVEN_INIT
EB_n120_013_a25_037,EB,120,0.25,1,0,2688.0,2734,1.6825164594001463,10,300.0148078999482,300.0148357999278,OBJ+100 tier->0
EB_n120_013_a25_037,EB,120,0.25,2,1,2688.0,2704,0.591715976331361,10,300.23742909997236,600.2522918999894,STALL→tier0→1 d_max=10
EB_n120_013_a25_037,EB,120,0.25,3,1,2688.0,2693,0.18566654288897141,9,300.00310019997414,900.6926562999142,UB_TIGHT→GAP<0.3%
ED_n060_021_a25_061,ED,60,0.25,1,0,846.0,861,1.7421602787456445,9,300.0107079000445,300.0107314999914,OBJ+14 tier->0
ED_n060_021_a25_061,ED,60,0.25,2,1,846.0,851,0.5875440658049353,9,300.04539079999086,600.0561500999611,STALL→tier0→1 d_max=4
ED_n060_021_a25_061,ED,60,0.25,3,1,846.0,846,0.0,9,300.0452888000291,900.3591717999661,UB_TIGHT→GAP<0.3%
EC_n075_026_a75_078,EC,75,0.75,1,0,2053.0,2059,0.291403593977659,3,300.30911909998395,300.30916930001695,OBJ+4 tier->0
ED_n045_009_a50_026,ED,45,0.5,1,0,1487.0,1488,0.06720430107526883,4,300.2763709999854,300.2763927000342,OBJ+1 tier->0
B_n130_018_a25_052,B,130,0.25,1,1,3192.0,3207,0.4677268475210477,5,300.18993790005334,300.1899609999964,STALL→tier0→1 d_max=15
B_n130_018_a25_052,B,130,0.25,2,1,3192.0,3197,0.15639662183296843,4,300.4563022000948,601.1603823999176,UB_TIGHT→GAP<0.3%
C_n050_004_a75_012,C,50,0.75,1,0,2062.0,2062,0.0,0,0.0,0.0,UB_PROVEN_INIT
EC_n065_016_a75_048,EC,65,0.75,1,0,1921.0,1922,0.052029136316337155,4,300.0288711000467,300.0289173000492,OBJ+5 tier->0
B_n100_005_a25_013,B,100,0.25,1,1,2241.0,2248,0.3113879003558719,12,300.0376910000341,300.03771980002057,STALL→tier0→1 d_max=11
B_n100_005_a25_013,B,100,0.25,2,1,2241.0,2242,0.04460303300624443,11,300.0875489000464,600.2755438999739,UB_TIGHT→GAP<0.3%
EC_n055_010_a75_030,EC,55,0.75,1,0,2038.0,2038,0.0,1,0.7149348999373615,0.7149591000052169,UB_STOP
EC_n060_011_a50_032,EC,60,0.5,1,0,1662.0,1662,0.0,1,14.174508100026287,14.174545599962585,UB_STOP
C_n080_034_a50_101,C,80,0.5,1,1,3205.0,3219,0.4349176762969867,2,301.418823499931,301.4188470999943,STALL→tier0→1 d_max=16
C_n080_034_a50_101,C,80,0.5,2,1,3205.0,3207,0.06236357966947303,2,300.7521536999848,602.387480400037,UB_TIGHT→GAP<0.3%
B_n110_010_a25_028,B,110,0.25,1,0,2549.0,2553,0.15667841754798276,10,300.0034793999512,300.00350199989043,UB_TIGHT→GAP<0.3%
EC_n055_006_a75_018,EC,55,0.75,1,0,1587.0,1587,0.0,1,0.3594110000412911,0.359435599995777,UB_STOP
D_n050_012_a50_035,D,50,0.5,1,1,1216.0,1245,2.3293172690763053,4,299.9665621999884,299.9665904000867,STALL→tier0→1 d_max=7
D_n050_012_a50_035,D,50,0.5,2,2,1216.0,1224,0.6535947712418301,5,300.06420509994496,600.1432912000455,STALL→tier1→2 d_max=9
D_n050_012_a50_035,D,50,0.5,3,2,1216.0,1216,0.0,4,300.48285020003095,900.7407339001074,UB_TIGHT→GAP<0.3%
C_n055_008_a75_024,C,55,0.75,1,0,1617.0,1617,0.0,0,0.0,0.0,UB_PROVEN_INIT
D_n040_004_a75_012,D,40,0.75,1,0,1537.0,1537,0.0,0,0.0,0.0,UB_PROVEN_INIT
B_n130_017_a25_049,B,130,0.25,1,1,3062.0,3089,0.8740692780835222,5,300.76296780002303,300.76299800002016,STALL→tier0→1 d_max=16
B_n130_017_a25_049,B,130,0.25,2,2,3062.0,3074,0.3903708523096942,5,300.002722300007,602.3435594000621,STALL→tier1→2 d_max=21
B_n130_017_a25_049,B,130,0.25,3,3,3062.0,3073,0.35795639440286364,5,300.0185107999714,903.3118654000573,TIERS_EXHAUSTED
D_n045_009_a75_027,D,45,0.75,1,0,1651.0,1651,0.0,0,0.0,0.0,UB_PROVEN_INIT
EC_n060_012_a75_036,EC,60,0.75,1,0,1757.0,1757,0.0,0,0.0,0.0,UB_PROVEN_INIT
EB_n120_014_a25_040,EB,120,0.25,1,0,2707.0,2730,0.8424908424908425,11,300.0172574000899,300.0173066999996,OBJ+301 tier->0
EB_n120_014_a25_040,EB,120,0.25,2,1,2707.0,2755,1.7422867513611617,11,300.15822810004465,600.1755744999973,STALL→tier0→1 d_max=10
EB_n120_014_a25_040,EB,120,0.25,3,2,2707.0,2730,0.8424908424908425,10,300.005258899997,900.608589099953,STALL→tier1→2 d_max=14
EB_n120_014_a25_040,EB,120,0.25,4,3,2707.0,2721,0.5145167217934583,9,300.3217483999906,1201.2919497999828,TIERS_EXHAUSTED
D_n045_009_a50_026,D,45,0.5,1,0,1528.0,1528,0.0,0,0.0,0.0,UB_PROVEN_INIT
EC_n075_030_a75_090,EC,75,0.75,1,0,2720.0,2738,0.6574141709276844,2,300.2485172000015,300.2485419000732,OBJ+11 tier->0
EC_n075_030_a75_090,EC,75,0.75,2,0,2720.0,2720,0.0,2,300.0798607999459,600.3284473000094,UB_TIGHT→GAP<0.3%
EB_n130_019_a50_056,EB,130,0.5,1,0,4769.0,4820,1.058091286307054,3,300.02983899996616,300.0298846999649,OBJ+144 tier->0
EB_n130_019_a50_056,EB,130,0.5,2,1,4769.0,4784,0.31354515050167225,3,300.33564399997704,600.3655612999573,STALL→tier0→1 d_max=22
EB_n130_019_a50_056,EB,130,0.5,3,1,4769.0,4770,0.020964360587002094,3,300.8729741999414,901.6443322999403,UB_TIGHT→GAP<0.3%
C_n070_025_a25_073,C,70,0.25,1,1,1680.0,1689,0.5328596802841918,8,300.076600600034,300.076629600022,STALL→tier0→1 d_max=8
C_n070_025_a25_073,C,70,0.25,2,1,1680.0,1681,0.0594883997620464,8,300.3692479999736,600.666418400011,UB_TIGHT→GAP<0.3%
ED_n055_016_a25_046,ED,55,0.25,1,0,845.0,850,0.5882352941176471,12,300.00534749997314,300.00537779997103,OBJ+13 tier->0
ED_n055_016_a25_046,ED,55,0.25,2,0,845.0,846,0.1182033096926714,11,300.0690667000599,600.0744723000098,UB_TIGHT→GAP<0.3%
B_n110_007_a25_019,B,110,0.25,1,1,2510.0,2526,0.6334125098970704,9,300.1274360999232,300.1274850999471,STALL→tier0→1 d_max=13
B_n110_007_a25_019,B,110,0.25,2,2,2510.0,2519,0.3572846367606193,8,300.0197271000361,600.4278409000253,STALL→tier1→2 d_max=17
B_n110_007_a25_019,B,110,0.25,3,2,2510.0,2515,0.19880715705765406,8,300.0161542999558,900.6990559999831,UB_TIGHT→GAP<0.3%
C_n050_003_a75_009,C,50,0.75,1,0,1595.0,1595,0.0,0,0.0,0.0,UB_PROVEN_INIT
C_n050_005_a50_014,C,50,0.5,1,0,1684.0,1684,0.0,0,0.0,0.0,UB_PROVEN_INIT
ED_n050_012_a50_035,ED,50,0.5,1,0,1014.0,1020,0.5882352941176471,7,300.26314940000884,300.2631956000114,OBJ+111 tier->0
ED_n050_012_a50_035,ED,50,0.5,2,0,1014.0,1015,0.09852216748768472,7,300.11143349995837,600.3746662000194,UB_TIGHT→GAP<0.3%
C_n080_032_a50_095,C,80,0.5,1,0,2403.0,2404,0.04159733777038269,2,302.0740651000524,302.07409520004876,UB_TIGHT→GAP<0.3%
EB_n110_010_a25_028,EB,110,0.25,1,0,2128.0,2153,1.1611704598235022,13,300.0044185000006,300.0044384000357,OBJ+103 tier->0
EB_n110_010_a25_028,EB,110,0.25,2,1,2128.0,2135,0.32786885245901637,12,299.6953633999219,599.699838600005,STALL→tier0→1 d_max=10
EB_n110_010_a25_028,EB,110,0.25,3,1,2128.0,2134,0.28116213683223995,13,300.04523150005843,899.9928876000922,UB_TIGHT→GAP<0.3%
EB_n110_009_a25_025,EB,110,0.25,1,0,2697.0,2698,0.037064492216456635,14,300.01199060003273,300.01203400001395,OBJ+301 tier->0
C_n055_007_a75_021,C,55,0.75,1,0,1623.0,1623,0.0,0,0.0,0.0,UB_PROVEN_INIT
C_n050_003_a50_008,C,50,0.5,1,1,1362.0,1380,1.3043478260869565,10,300.31830929999705,300.3183403000003,STALL→tier0→1 d_max=9
C_n050_003_a50_008,C,50,0.5,2,1,1362.0,1363,0.07336757153338225,9,300.28093420004006,600.7018916000379,UB_TIGHT→GAP<0.3%
D_n045_006_a75_018,D,45,0.75,1,0,1245.0,1245,0.0,0,0.0,0.0,UB_PROVEN_INIT
D_n055_016_a25_046,D,55,0.25,1,1,984.0,992,0.8064516129032258,7,300.0500339999562,300.0500576000195,STALL→tier0→1 d_max=5
D_n055_016_a25_046,D,55,0.25,2,2,984.0,987,0.303951367781155,7,300.1929114999948,600.4369903999614,STALL→tier1→2 d_max=7
D_n055_016_a25_046,D,55,0.25,3,2,984.0,985,0.10152284263959391,7,300.00821550004184,900.6676560000051,UB_TIGHT→GAP<0.3%
C_n050_002_a75_006,C,50,0.75,1,0,1495.0,1495,0.0,0,0.0,0.0,UB_PROVEN_INIT
ED_n055_019_a25_055,ED,55,0.25,1,0,1036.0,1038,0.1926782273603083,11,300.0173429000424,300.0173643999733,OBJ+191 tier->0
EC_n060_014_a50_041,EC,60,0.5,1,0,2215.0,2240,1.1160714285714286,10,300.0113440999994,300.01136520004366,OBJ+10 tier->0
EC_n060_014_a50_041,EC,60,0.5,2,0,2215.0,2221,0.27014858171994593,9,300.02546560007613,600.0368579000933,UB_TIGHT→GAP<0.3%
C_n055_006_a50_017,C,55,0.5,1,0,1540.0,1540,0.0,0,0.0,0.0,UB_PROVEN_INIT
C_n070_025_a75_075,C,70,0.75,1,0,2601.0,2601,0.0,0,0.0,0.0,UB_PROVEN_INIT
EC_n055_010_a50_029,EC,55,0.5,1,0,1791.0,1823,1.755348326933626,11,300.22562269994523,300.2256456000032,OBJ+2 tier->0
EC_n055_010_a50_029,EC,55,0.5,2,1,1791.0,1807,0.8854454897620365,11,300.1203567999182,600.3460581999971,STALL→tier0→1 d_max=9
EC_n055_010_a50_029,EC,55,0.5,3,1,1791.0,1791,0.0,10,300.1599068000214,900.6072582000634,UB_TIGHT→GAP<0.3%
ED_n045_008_a50_023,ED,45,0.5,1,0,1326.0,1334,0.5997001499250375,5,300.2855782000115,300.2856298000552,OBJ+13 tier->0
ED_n045_008_a50_023,ED,45,0.5,2,0,1326.0,1326,0.0,5,300.27862220001407,600.5642791000428,UB_TIGHT→GAP<0.3%
EC_n050_004_a75_012,EC,50,0.75,1,0,2060.0,2060,0.0,0,0.0,0.0,UB_PROVEN_INIT
D_n065_030_a25_088,D,65,0.25,1,1,1698.0,1734,2.0761245674740483,2,300.4484643000178,300.44848640006967,STALL→tier0→1 d_max=8
D_n065_030_a25_088,D,65,0.25,2,2,1698.0,1716,1.048951048951049,2,300.0475113999564,601.2381103000371,STALL→tier1→2 d_max=11
D_n065_030_a25_088,D,65,0.25,3,3,1698.0,1707,0.5272407732864675,2,300.21215810009744,902.1217561000958,TIERS_EXHAUSTED
EC_n050_002_a75_006,EC,50,0.75,1,0,1482.0,1482,0.0,1,0.2653259999351576,0.26537020003888756,UB_STOP
C_n055_009_a50_026,C,55,0.5,1,1,2225.0,2226,0.04492362982929021,10,300.021640400053,300.0216644000029,STALL→tier0→1 d_max=9
D_n045_007_a75_021,D,45,0.75,1,0,1369.0,1369,0.0,0,0.0,0.0,UB_PROVEN_INIT
EC_n060_015_a75_045,EC,60,0.75,1,0,2187.0,2188,0.04570383912248629,5,299.0809812999796,299.0810120999813,OBJ+10 tier->0
C_n080_035_a25_103,C,80,0.25,1,1,1897.0,1902,0.26288117770767616,6,300.32028699992225,300.3203176999232,STALL→tier0→1 d_max=8
EC_n075_026_a50_077,EC,75,0.5,1,0,1970.0,1974,0.2026342451874367,5,300.049940399942,300.04996839992236,OBJ+12 tier->0
C_n080_033_a50_098,C,80,0.5,1,0,2748.0,2748,0.0,2,300.0761444000527,300.0761753000552,UB_TIGHT→GAP<0.3%
C_n050_004_a50_011,C,50,0.5,1,1,2016.0,2017,0.04957858205255329,14,300.01959219994023,300.01961489999667,STALL→tier0→1 d_max=9
C_n055_007_a50_020,C,55,0.5,1,0,1368.0,1368,0.0,0,0.0,0.0,UB_PROVEN_INIT
ED_n055_020_a25_058,ED,55,0.25,1,0,963.0,964,0.1037344398340249,9,300.01721059996635,300.01724029995967,UB_TIGHT→GAP<0.3%
EC_n080_035_a75_105,EC,80,0.75,1,0,2932.0,2950,0.6101694915254238,2,302.1803712999681,302.180420699995,OBJ+13 tier->0
EC_n080_035_a75_105,EC,80,0.75,2,0,2932.0,2932,0.0,2,300.8813101000851,603.0617580000544,UB_TIGHT→GAP<0.3%
D_n045_006_a50_017,D,45,0.5,1,0,1208.0,1208,0.0,0,0.0,0.0,UB_PROVEN_INIT
C_n070_024_a25_070,C,70,0.25,1,1,2046.0,2056,0.48638132295719844,14,300.02607640007045,300.02610410004854,STALL→tier0→1 d_max=7
C_n070_024_a25_070,C,70,0.25,2,1,2046.0,2046,0.0,13,300.152955400059,600.3255496000638,UB_TIGHT→GAP<0.3%
ED_n040_003_a75_009,ED,40,0.75,1,0,1138.0,1138,0.0,0,0.0,0.0,UB_PROVEN_INIT
EC_n055_008_a50_023,EC,55,0.5,1,0,1360.0,1377,1.2345679012345678,10,300.42336409993004,300.4234172999859,OBJ+2 tier->0
EC_n055_008_a50_023,EC,55,0.5,2,0,1360.0,1363,0.22010271460014674,9,300.2127590000164,600.6362129000481,UB_TIGHT→GAP<0.3%
EC_n075_028_a75_084,EC,75,0.75,1,0,2581.0,2581,0.0,3,300.0068840000313,300.0069051999599,UB_TIGHT→GAP<0.3%
C_n075_026_a50_077,C,75,0.5,1,0,1977.0,1978,0.05055611729019212,3,299.96724639995955,299.96726609999314,UB_TIGHT→GAP<0.3%
C_n060_015_a75_045,C,60,0.75,1,0,2190.0,2190,0.0,0,0.0,0.0,UB_PROVEN_INIT
D_n040_005_a50_014,D,40,0.5,1,1,1351.0,1372,1.530612244897959,6,300.0333314000163,300.0333543999586,STALL→tier0→1 d_max=7
D_n040_005_a50_014,D,40,0.5,2,1,1351.0,1353,0.14781966001478197,6,300.1825416999636,600.306853099959,UB_TIGHT→GAP<0.3%
EC_n075_030_a50_089,EC,75,0.5,1,0,2456.0,2466,0.40551500405515,4,300.574683999992,300.5747036000248,OBJ+4 tier->0
EC_n075_030_a50_089,EC,75,0.5,2,1,2456.0,2482,1.04754230459307,3,300.39747850003187,600.9722169000888,STALL→tier0→1 d_max=13
EC_n075_030_a50_089,EC,75,0.5,3,2,2456.0,2468,0.48622366288492713,3,300.19088039989583,901.4083431999898,STALL→tier1→2 d_max=17
EC_n075_030_a50_089,EC,75,0.5,4,3,2456.0,2465,0.36511156186612576,3,300.2088550000917,1201.863378200098,TIERS_EXHAUSTED
ED_n040_005_a75_015,ED,40,0.75,1,0,1466.0,1466,0.0,0,0.0,0.0,UB_PROVEN_INIT
D_n040_005_a75_015,D,40,0.75,1,0,1467.0,1467,0.0,0,0.0,0.0,UB_PROVEN_INIT
C_n080_031_a75_093,C,80,0.75,1,0,2365.0,2365,0.0,2,300.032416400034,300.0324380999664,UB_TIGHT→GAP<0.3%
EC_n055_007_a50_020,EC,55,0.5,1,0,1258.0,1266,0.631911532385466,14,300.0095378999831,300.0095668999711,OBJ+1 tier->0
EC_n055_007_a50_020,EC,55,0.5,2,0,1258.0,1258,0.0,14,300.10707759996876,600.1166995000094,UB_TIGHT→GAP<0.3%
EB_n120_011_a25_031,EB,120,0.25,1,0,2028.0,2034,0.2949852507374631,12,300.0924967000028,300.09252299997024,OBJ+11 tier->0
D_n040_003_a75_009,D,40,0.75,1,0,1149.0,1149,0.0,0,0.0,0.0,UB_PROVEN_INIT
B_n130_019_a25_055,B,130,0.25,1,1,3359.0,3441,2.383028189479802,7,300.00407269992866,300.0041019000346,STALL→tier0→1 d_max=14
B_n130_019_a25_055,B,130,0.25,2,2,3359.0,3413,1.5821857603281568,7,300.0842050999636,600.5099984999979,STALL→tier1→2 d_max=18
B_n130_019_a25_055,B,130,0.25,3,3,3359.0,3410,1.4956011730205279,6,300.0289586998988,900.9796500999946,TIERS_EXHAUSTED
D_n045_008_a75_024,D,45,0.75,1,0,1483.0,1483,0.0,0,0.0,0.0,UB_PROVEN_INIT
EB_n110_007_a25_019,EB,110,0.25,1,0,2068.0,2070,0.0966183574879227,12,300.00183630001266,300.00186580000445,OBJ+122 tier->0
EC_n050_001_a75_003,EC,50,0.75,1,0,1444.0,1445,0.06920415224913494,11,300.18205309996847,300.1820771000348,OBJ+1 tier->0
C_n080_034_a75_102,C,80,0.75,1,0,3425.0,3425,0.0,2,300.0884082999546,300.0884543999564,UB_TIGHT→GAP<0.3%
ED_n040_001_a75_003,ED,40,0.75,1,0,1201.0,1201,0.0,0,0.0,0.0,UB_PROVEN_INIT
EC_n055_009_a50_026,EC,55,0.5,1,0,1996.0,2003,0.3494757863205192,12,300.25704599998426,300.2570763999829,OBJ+1 tier->0
EC_n055_009_a50_026,EC,55,0.5,2,0,1996.0,1998,0.10010010010010009,12,300.02038959995843,600.2775006999727,UB_TIGHT→GAP<0.3%
D_n045_008_a50_023,D,45,0.5,1,1,1337.0,1349,0.8895478131949592,4,300.0595010999823,300.0595328999916,STALL→tier0→1 d_max=8
D_n045_008_a50_023,D,45,0.5,2,1,1337.0,1338,0.07473841554559044,4,300.0253643000033,600.1969836000353,UB_TIGHT→GAP<0.3%
EC_n055_006_a50_017,EC,55,0.5,1,0,1508.0,1509,0.06626905235255136,12,300.0445047999965,300.04452380002476,OBJ+11 tier->0
ED_n045_010_a50_029,ED,45,0.5,1,1,1449.0,1454,0.34387895460797796,5,300.1584330999758,300.1584552000277,STALL→tier0→1 d_max=6
ED_n045_010_a50_029,ED,45,0.5,2,1,1449.0,1449,0.0,5,300.19109869992826,600.4701708999928,UB_TIGHT→GAP<0.3%
D_n045_006_a25_016,D,45,0.25,1,0,745.0,745,0.0,13,300.12829740007874,300.12834470008966,UB_TIGHT→GAP<0.3%
C_n050_001_a75_003,C,50,0.75,1,0,1445.0,1445,0.0,10,300.13605189998634,300.13607359991875,UB_TIGHT→GAP<0.3%
EB_n100_005_a25_013,EB,100,0.25,1,0,1917.0,1917,0.0,17,300.0206441000337,300.020673800027,UB_TIGHT→GAP<0.3%
D_n055_017_a25_049,D,55,0.25,1,0,773.0,773,0.0,12,300.0624392000027,300.06246290006675,UB_TIGHT→GAP<0.3%
D_n055_018_a25_052,D,55,0.25,1,0,973.0,973,0.0,12,300.0900577000575,300.0900870000478,UB_TIGHT→GAP<0.3%
C_n075_028_a25_082,C,75,0.25,1,1,1829.0,1843,0.759631036353771,6,300.3224135999335,300.3224417999154,STALL→tier0→1 d_max=9
C_n075_028_a25_082,C,75,0.25,2,2,1829.0,1835,0.32697547683923706,6,300.36504299996886,601.1018608999439,STALL→tier1→2 d_max=12
C_n075_028_a25_082,C,75,0.25,3,2,1829.0,1834,0.27262813522355506,6,300.02149429998826,901.5563584999181,UB_TIGHT→GAP<0.3%
B_n110_006_a25_016,B,110,0.25,1,1,2434.0,2477,1.7359709325797335,9,300.32214030006435,300.3221867000684,STALL→tier0→1 d_max=12
B_n110_006_a25_016,B,110,0.25,2,2,2434.0,2474,1.6168148746968474,9,299.7160889999941,600.8084685000358,STALL→tier1→2 d_max=16
B_n110_006_a25_016,B,110,0.25,3,3,2434.0,2473,1.5770319450060657,9,300.0780182000017,901.6823786000023,TIERS_EXHAUSTED
ED_n040_005_a50_014,ED,40,0.5,1,0,1161.0,1162,0.08605851979345956,6,300.3434173000278,300.34343889995944,OBJ+12 tier->0
EC_n050_005_a75_015,EC,50,0.75,1,0,1727.0,1727,0.0,1,0.25499170005787164,0.25502629997208714,UB_STOP
C_n065_019_a25_055,C,65,0.25,1,1,1864.0,1871,0.3741314804917157,15,299.7668669000268,299.7668948000064,STALL→tier0→1 d_max=7
C_n065_019_a25_055,C,65,0.25,2,1,1864.0,1864,0.0,14,300.1449680000078,600.0368871999672,UB_TIGHT→GAP<0.3%
EB_n110_008_a25_022,EB,110,0.25,1,1,1825.0,1839,0.7612833061446439,16,300.00746310001705,300.00749230000656,STALL→tier0→1 d_max=8
EB_n110_008_a25_022,EB,110,0.25,2,1,1825.0,1829,0.2186987424822307,16,300.0772003000602,600.3558469000272,UB_TIGHT→GAP<0.3%
D_n045_009_a25_025,D,45,0.25,1,1,936.0,943,0.7423117709437964,15,300.1509262000909,300.1509559000842,STALL→tier0→1 d_max=4
D_n045_009_a25_025,D,45,0.25,2,1,936.0,938,0.21321961620469082,15,300.1342946999939,600.4204210999887,UB_TIGHT→GAP<0.3%
EC_n050_003_a50_008,EC,50,0.5,1,0,1350.0,1369,1.3878743608473338,13,300.00277519994415,300.00281530001666,OBJ+2 tier->0
EC_n050_003_a50_008,EC,50,0.5,2,0,1350.0,1353,0.22172949002217296,13,300.02225500007626,600.0251130000688,UB_TIGHT→GAP<0.3%
EC_n050_005_a50_014,EC,50,0.5,1,0,1581.0,1612,1.9230769230769231,13,300.00770580000244,300.00773610000033,OBJ+2 tier->0
EC_n050_005_a50_014,EC,50,0.5,2,1,1581.0,1594,0.8155583437892095,13,300.1642060999293,600.1720001999056,STALL→tier0→1 d_max=8
EC_n050_005_a50_014,EC,50,0.5,3,1,1581.0,1581,0.0,13,300.001268299995,900.2762016999768,UB_TIGHT→GAP<0.3%
C_n065_020_a25_058,C,65,0.25,1,0,1566.0,1568,0.12755102040816327,13,300.0037616000045,300.0037908999948,UB_TIGHT→GAP<0.3%
C_n050_002_a50_005,C,50,0.5,1,0,1257.0,1257,0.0,0,0.0,0.0,UB_PROVEN_INIT
C_n080_033_a75_099,C,80,0.75,1,0,2803.0,2803,0.0,2,301.1226662999252,301.12269539991394,UB_TIGHT→GAP<0.3%
D_n040_004_a50_011,D,40,0.5,1,0,1374.0,1374,0.0,7,300.09268390003126,300.09270589996595,UB_TIGHT→GAP<0.3%
ED_n040_002_a75_006,ED,40,0.75,1,0,1026.0,1029,0.2915451895043732,9,300.195179500035,300.1952233000193,OBJ+99 tier->0
D_n045_008_a25_022,D,45,0.25,1,0,953.0,953,0.0,20,300.03095489996485,300.03098209993914,UB_TIGHT→GAP<0.3%
EB_n120_015_a25_043,EB,120,0.25,1,0,2247.0,2291,1.9205587079877782,12,300.00508949998766,300.0051164999604,OBJ+132 tier->0
EB_n120_015_a25_043,EB,120,0.25,2,0,2247.0,2251,0.1776988005330964,11,300.0101332999766,600.0152867999859,UB_TIGHT→GAP<0.3%
D_n040_001_a50_002,D,40,0.5,1,0,970.0,970,0.0,6,300.01301380002405,300.0130373999709,UB_TIGHT→GAP<0.3%
C_n075_027_a25_079,C,75,0.25,1,0,1618.0,1618,0.0,0,0.0,0.0,UB_PROVEN_INIT
EB_n100_003_a25_007,EB,100,0.25,1,1,1616.0,1628,0.7371007371007371,21,300.08742190001067,300.0874501999933,STALL→tier0→1 d_max=8
EB_n100_003_a25_007,EB,100,0.25,2,1,1616.0,1618,0.12360939431396785,34,299.9998270000797,600.2049310000148,UB_TIGHT→GAP<0.3%
EC_n070_023_a25_067,EC,70,0.25,1,0,1496.0,1503,0.4657351962741184,11,300.00031430006493,300.0003636000911,OBJ+21 tier->0
EC_n070_023_a25_067,EC,70,0.25,2,1,1496.0,1505,0.5980066445182725,11,300.0099493000889,600.0103478000965,STALL→tier0→1 d_max=7
EC_n070_023_a25_067,EC,70,0.25,3,2,1496.0,1502,0.3994673768308922,12,300.0637441999279,900.3236795000266,STALL→tier1→2 d_max=9
EC_n070_023_a25_067,EC,70,0.25,4,3,1496.0,1501,0.3331112591605596,18,300.0882390999468,1200.5386701000389,TIERS_EXHAUSTED
C_n075_029_a25_085,C,75,0.25,1,1,2168.0,2197,1.3199817933545746,10,300.23530020006,300.23532080010045,STALL→tier0→1 d_max=8
C_n075_029_a25_085,C,75,0.25,2,1,2168.0,2172,0.1841620626151013,13,300.05940909998026,600.4331896000076,UB_TIGHT→GAP<0.3%
EB_n130_018_a25_052,EB,130,0.25,1,0,3020.0,3032,0.395778364116095,13,300.2246204999974,300.2246405000333,OBJ+100 tier->0
EB_n130_018_a25_052,EB,130,0.25,2,0,3020.0,3026,0.19828155981493722,13,300.0124333000276,600.2370982000139,UB_TIGHT→GAP<0.3%
C_n050_001_a50_002,C,50,0.5,1,0,1236.0,1236,0.0,0,0.0,0.0,UB_PROVEN_INIT
C_n080_035_a75_105,C,80,0.75,1,0,2934.0,2934,0.0,3,300.02519509999547,300.02521559991874,UB_TIGHT→GAP<0.3%
EB_n100_001_a25_001,EB,100,0.25,1,0,1609.0,1611,0.12414649286157665,29,300.0117280000122,300.0117519000778,UB_TIGHT→GAP<0.3%
B_n130_016_a25_046,B,130,0.25,1,1,2744.0,2820,2.6950354609929077,9,300.15316280000843,300.15319250000175,STALL→tier0→1 d_max=13
B_n130_016_a25_046,B,130,0.25,2,2,2744.0,2800,2.0,11,300.06354459992144,601.1239212999353,STALL→tier1→2 d_max=17
B_n130_016_a25_046,B,130,0.25,3,3,2744.0,2799,1.9649874955341193,11,300.0135383999441,902.2439056999283,TIERS_EXHAUSTED
C_n060_015_a25_043,C,60,0.25,1,0,1466.0,1468,0.13623978201634876,25,300.0404796000803,300.04049370007124,UB_TIGHT→GAP<0.3%
EC_n075_028_a25_082,EC,75,0.25,1,0,1697.0,1703,0.35231943628890194,10,300.0946358999936,300.09466699999757,OBJ+130 tier->0
EC_n075_028_a25_082,EC,75,0.25,2,1,1697.0,1712,0.8761682242990654,14,300.0642101999838,600.158895600005,STALL→tier0→1 d_max=8
EC_n075_028_a25_082,EC,75,0.25,3,2,1697.0,1704,0.41079812206572774,14,300.00147360004485,900.4074586000061,STALL→tier1→2 d_max=10
EC_n075_028_a25_082,EC,75,0.25,4,3,1697.0,1703,0.35231943628890194,14,300.2447271000128,1200.9192098999629,TIERS_EXHAUSTED
EC_n050_004_a50_011,EC,50,0.5,1,0,1885.0,1886,0.05302226935312832,28,300.0045377999777,300.00455760001205,UB_TIGHT→GAP<0.3%
D_n065_029_a25_085,D,65,0.25,1,1,1663.0,1700,2.176470588235294,7,300.00214359990787,300.0021582999034,STALL→tier0→1 d_max=6
D_n065_029_a25_085,D,65,0.25,2,2,1663.0,1676,0.7756563245823389,7,300.00627740006894,600.1628828999819,STALL→tier1→2 d_max=8
D_n065_029_a25_085,D,65,0.25,3,2,1663.0,1668,0.2997601918465228,7,300.02924659999553,900.3391397999367,UB_TIGHT→GAP<0.3%
ED_n055_018_a25_052,ED,55,0.25,1,0,742.0,744,0.2688172043010753,28,300.05149600002915,300.0515162999509,UB_TIGHT→GAP<0.3%
EB_n110_006_a25_016,EB,110,0.25,1,1,1710.0,1727,0.9843659525188188,25,300.09000789991114,300.09002649993636,STALL→tier0→1 d_max=9
EB_n110_006_a25_016,EB,110,0.25,2,1,1710.0,1711,0.058445353594389245,24,300.116714600008,600.6642264999682,UB_TIGHT→GAP<0.3%
C_n070_022_a25_064,C,70,0.25,1,1,1413.0,1432,1.3268156424581006,19,300.0396582999965,300.0396797999274,STALL→tier0→1 d_max=6
C_n070_022_a25_064,C,70,0.25,2,2,1413.0,1420,0.49295774647887325,19,300.03648750006687,600.2398785999976,STALL→tier1→2 d_max=9
C_n070_022_a25_064,C,70,0.25,3,2,1413.0,1415,0.1413427561837456,19,300.09424220002256,900.4904234999558,UB_TIGHT→GAP<0.3%
EC_n075_030_a25_088,EC,75,0.25,1,0,1484.0,1484,0.0,1,3.1096418000524864,3.1096614999696612,UB_STOP
C_n055_010_a25_028,C,55,0.25,1,0,1186.0,1187,0.08424599831508003,30,300.00980269990396,300.0098439999856,UB_TIGHT→GAP<0.3%
D_n045_007_a25_019,D,45,0.25,1,0,662.0,663,0.1508295625942685,33,300.00547380000353,300.0054936000379,UB_TIGHT→GAP<0.3%
EC_n050_002_a50_005,EC,50,0.5,1,0,1136.0,1143,0.6124234470691163,30,300.0028914998984,300.0029121999396,OBJ+1 tier->0
EC_n050_002_a50_005,EC,50,0.5,2,0,1136.0,1136,0.0,30,300.0831860000035,600.0861223000102,UB_TIGHT→GAP<0.3%
ED_n060_023_a25_067,ED,60,0.25,1,0,1050.0,1051,0.09514747859181732,25,300.0074603999965,300.00748009991366,OBJ+20 tier->0
D_n065_026_a25_076,D,65,0.25,1,1,1185.0,1190,0.42016806722689076,6,300.0809838999994,300.08099930000026,STALL→tier0→1 d_max=6
D_n065_026_a25_076,D,65,0.25,2,1,1185.0,1186,0.08431703204047217,6,300.00474360003136,600.2792134999763,UB_TIGHT→GAP<0.3%
EC_n075_029_a25_085,EC,75,0.25,1,0,1755.0,1755,0.0,1,1.1937988999998197,1.1938176000257954,UB_STOP
C_n060_013_a25_037,C,60,0.25,1,0,1294.0,1294,0.0,0,0.0,0.0,UB_PROVEN_INIT
D_n040_003_a50_008,D,40,0.5,1,0,1023.0,1023,0.0,16,300.0462853999343,300.0462987999199,UB_TIGHT→GAP<0.3%
C_n065_016_a25_046,C,65,0.25,1,0,1312.0,1313,0.07616146230007616,24,300.062519100029,300.06255909998436,UB_TIGHT→GAP<0.3%
EB_n130_017_a25_049,EB,130,0.25,1,1,2678.0,2694,0.5939123979213066,13,300.2497907000361,300.2498133999761,STALL→tier0→1 d_max=12
EB_n130_017_a25_049,EB,130,0.25,2,1,2678.0,2683,0.18635855385762207,12,300.25381239992566,601.457750499947,UB_TIGHT→GAP<0.3%
EB_n130_016_a25_046,EB,130,0.25,1,0,2237.0,2246,0.4007123775601068,17,299.4902415999677,299.4902770000044,OBJ+12 tier->0
EB_n130_016_a25_046,EB,130,0.25,2,1,2237.0,2268,1.3668430335097002,17,300.06262640003115,599.5529212000547,STALL→tier0→1 d_max=10
EB_n130_016_a25_046,EB,130,0.25,3,2,2237.0,2246,0.4007123775601068,16,300.19456960004754,900.7842184000183,STALL→tier1→2 d_max=13
EB_n130_016_a25_046,EB,130,0.25,4,2,2237.0,2242,0.22301516503122212,16,300.2455933999736,1202.1476207999513,UB_TIGHT→GAP<0.3%
EC_n070_025_a25_073,EC,70,0.25,1,0,1374.0,1376,0.14534883720930233,22,300.011586299981,300.0116065000184,UB_TIGHT→GAP<0.3%
ED_n045_007_a50_020,ED,45,0.5,1,0,914.0,919,0.544069640914037,16,300.0054732999997,300.0055122000631,OBJ+110 tier->0
ED_n045_007_a50_020,ED,45,0.5,2,0,914.0,915,0.1092896174863388,16,300.00513230008073,600.0106660000747,UB_TIGHT→GAP<0.3%
C_n065_017_a25_049,C,65,0.25,1,1,1302.0,1310,0.6106870229007634,28,299.9999442999251,299.9999657999724,STALL→tier0→1 d_max=6
C_n065_017_a25_049,C,65,0.25,2,1,1302.0,1303,0.07674597083653108,26,300.00805319997016,600.1294793999987,UB_TIGHT→GAP<0.3%
C_n065_018_a25_052,C,65,0.25,1,0,1386.0,1386,0.0,0,0.0,0.0,UB_PROVEN_INIT
C_n075_030_a25_088,C,75,0.25,1,0,1777.0,1777,0.0,0,0.0,0.0,UB_PROVEN_INIT
C_n080_032_a75_096,C,80,0.75,1,0,2461.0,2461,0.0,3,300.03060049994383,300.0306158999447,UB_TIGHT→GAP<0.3%
C_n070_021_a25_061,C,70,0.25,1,1,1314.0,1324,0.7552870090634441,19,300.0994697000133,300.09948299999814,STALL→tier0→1 d_max=6
C_n070_021_a25_061,C,70,0.25,2,1,1314.0,1317,0.22779043280182232,17,300.08400359994266,600.3042503999313,UB_TIGHT→GAP<0.3%
ED_n040_003_a50_008,ED,40,0.5,1,0,994.0,994,0.0,17,300.00403029995505,300.0040433999384,UB_TIGHT→GAP<0.3%
ED_n040_001_a50_002,ED,40,0.5,1,0,948.0,958,1.0438413361169103,15,300.01316930004396,300.013186300057,OBJ+1 tier->0
ED_n040_001_a50_002,ED,40,0.5,2,0,948.0,948,0.0,15,300.01406209997367,600.0272747999988,UB_TIGHT→GAP<0.3%
D_n065_028_a25_082,D,65,0.25,1,1,1383.0,1393,0.7178750897343862,7,300.0360851000296,300.0361056999536,STALL→tier0→1 d_max=6
D_n065_028_a25_082,D,65,0.25,2,2,1383.0,1388,0.36023054755043227,7,300.0238619000884,600.2382164000301,STALL→tier1→2 d_max=8
D_n065_028_a25_082,D,65,0.25,3,3,1383.0,1388,0.36023054755043227,7,300.0285093000857,900.4413720000302,TIERS_EXHAUSTED
ED_n050_015_a25_043,ED,50,0.25,1,0,852.0,853,0.11723329425556857,25,300.04267680004705,300.0426922000479,UB_TIGHT→GAP<0.3%
D_n050_015_a25_043,D,50,0.25,1,1,968.0,983,1.5259409969481181,9,300.12121000001207,300.12122430000454,STALL→tier0→1 d_max=5
D_n050_015_a25_043,D,50,0.25,2,2,968.0,973,0.513874614594039,9,300.03152000007685,600.2483932999894,STALL→tier1→2 d_max=7
D_n050_015_a25_043,D,50,0.25,3,2,968.0,969,0.10319917440660474,9,300.00119290000293,900.3487424999475,UB_TIGHT→GAP<0.3%
EB_n130_019_a25_055,EB,130,0.25,1,0,2807.0,2826,0.6723283793347488,16,300.00401189993136,300.00403309997637,OBJ+302 tier->0
EB_n130_019_a25_055,EB,130,0.25,2,1,2807.0,2855,1.6812609457092822,15,300.1865152999526,600.1905745000113,STALL→tier0→1 d_max=11
EB_n130_019_a25_055,EB,130,0.25,3,2,2807.0,2826,0.6723283793347488,14,300.1825234000571,900.6869101000484,STALL→tier1→2 d_max=14
EB_n130_019_a25_055,EB,130,0.25,4,3,2807.0,2819,0.4256828662646328,14,300.0101044999901,1200.9672573000425,TIERS_EXHAUSTED
D_n040_002_a50_005,D,40,0.5,1,0,894.0,894,0.0,20,300.0717544000363,300.07179359998554,UB_TIGHT→GAP<0.3%
C_n050_005_a25_013,C,50,0.25,1,0,1077.0,1078,0.0927643784786642,33,300.0487581999041,300.0487934999401,UB_TIGHT→GAP<0.3%
C_n060_012_a25_034,C,60,0.25,1,1,1113.0,1127,1.2422360248447204,29,300.03807819995563,300.0380998000037,STALL→tier0→1 d_max=6
C_n060_012_a25_034,C,60,0.25,2,1,1113.0,1115,0.17937219730941703,29,300.0112315999577,600.1570874999743,UB_TIGHT→GAP<0.3%
EC_n070_024_a25_070,EC,70,0.25,1,0,1671.0,1678,0.4171632896305125,27,300.0038917999482,300.0039090999635,OBJ+100 tier->0
EC_n070_024_a25_070,EC,70,0.25,2,0,1671.0,1671,0.0,28,300.0065649000462,600.0104938000441,UB_TIGHT→GAP<0.3%
C_n055_008_a25_022,C,55,0.25,1,0,1004.0,1004,0.0,37,300.04293530003633,300.04295799997635,UB_TIGHT→GAP<0.3%
EB_n130_020_a25_058,EB,130,0.25,1,0,2348.0,2352,0.17006802721088435,17,300.12129359995015,300.1213133999845,OBJ+133 tier->0
D_n045_007_a50_020,D,45,0.5,1,1,1105.0,1138,2.899824253075571,11,300.0024438999826,300.00246809993405,STALL→tier0→1 d_max=6
D_n045_007_a50_020,D,45,0.5,2,2,1105.0,1113,0.7187780772686434,10,300.0707642000634,600.1385302999988,STALL→tier1→2 d_max=8
D_n045_007_a50_020,D,45,0.5,3,2,1105.0,1105,0.0,10,300.0274722999893,900.2230073999381,UB_TIGHT→GAP<0.3%
EC_n080_032_a25_094,EC,80,0.25,1,0,1423.0,1427,0.2803083391730904,17,300.0298077000771,300.02984500001185,OBJ+128 tier->0
C_n060_014_a25_040,C,60,0.25,1,1,1544.0,1551,0.4513217279174726,34,300.00557259994093,300.00561240001116,STALL→tier0→1 d_max=5
C_n060_014_a25_040,C,60,0.25,2,1,1544.0,1545,0.06472491909385113,33,300.0233980000485,600.1011873000534,UB_TIGHT→GAP<0.3%
ED_n055_017_a25_049,ED,55,0.25,1,0,364.0,364,0.0,0,0.0,0.0,UB_PROVEN_INIT
EC_n065_020_a25_058,EC,65,0.25,1,0,1075.0,1076,0.09293680297397769,30,300.03457729995716,300.0345921999542,UB_TIGHT→GAP<0.3%
C_n060_011_a25_031,C,60,0.25,1,0,1212.0,1213,0.08244023083264633,28,300.0259417000925,300.0259637000272,UB_TIGHT→GAP<0.3%
EC_n065_018_a25_052,EC,65,0.25,1,0,1183.0,1189,0.5046257359125316,30,300.00006009999197,300.0000747999875,OBJ+19 tier->0
EC_n065_018_a25_052,EC,65,0.25,2,0,1183.0,1186,0.25295109612141653,30,300.0080791999353,600.0082013999345,UB_TIGHT→GAP<0.3%
ED_n050_014_a25_040,ED,50,0.25,1,0,1034.0,1034,0.0,1,0.753179999999702,0.7532009000424296,UB_STOP
EC_n065_019_a25_055,EC,65,0.25,1,0,1372.0,1372,0.0,35,300.0022810000228,300.00229400000535,UB_TIGHT→GAP<0.3%
D_n040_001_a75_003,D,40,0.75,1,0,1203.0,1203,0.0,0,0.0,0.0,UB_PROVEN_INIT
EC_n075_027_a25_079,EC,75,0.25,1,1,1304.0,1317,0.9870918754745633,19,299.5466029000236,299.5466385000618,STALL→tier0→1 d_max=6
EC_n075_027_a25_079,EC,75,0.25,2,1,1304.0,1307,0.22953328232593728,20,300.0064781999681,599.8605406000279,UB_TIGHT→GAP<0.3%
EC_n065_016_a25_046,EC,65,0.25,1,0,867.0,867,0.0,1,1.9675717999925837,1.9676153999753296,UB_STOP
D_n050_011_a25_031,D,50,0.25,1,0,952.0,952,0.0,16,300.0056568,300.00567809992936,UB_TIGHT→GAP<0.3%
EC_n075_026_a25_076,EC,75,0.25,1,0,879.0,884,0.5656108597285068,21,300.0121739000315,300.0121884000255,OBJ+13 tier->0
EC_n075_026_a25_076,EC,75,0.25,2,1,879.0,890,1.2359550561797752,18,299.57511839992367,599.5873243999667,STALL→tier0→1 d_max=6
EC_n075_026_a25_076,EC,75,0.25,3,2,879.0,884,0.5656108597285068,18,300.11676130001433,899.8696477999911,STALL→tier1→2 d_max=8
EC_n075_026_a25_076,EC,75,0.25,4,2,879.0,880,0.11363636363636363,17,300.06376559997443,1200.1068952999776,UB_TIGHT→GAP<0.3%
EC_n065_017_a25_049,EC,65,0.25,1,0,993.0,1000,0.7000000000000001,35,300.0055120000616,300.00555030000396,OBJ+9 tier->0
EC_n065_017_a25_049,EC,65,0.25,2,0,993.0,993,0.0,35,300.03003049991094,600.0356404999038,UB_TIGHT→GAP<0.3%
D_n050_014_a25_040,D,50,0.25,1,1,1136.0,1163,2.3215821152192606,17,300.0750499999849,300.07507350004744,STALL→tier0→1 d_max=5
D_n050_014_a25_040,D,50,0.25,2,2,1136.0,1146,0.8726003490401396,18,300.03195520001464,600.1880286000669,STALL→tier1→2 d_max=6
D_n050_014_a25_040,D,50,0.25,3,2,1136.0,1138,0.17574692442882248,19,300.04698640003335,900.3240524000721,UB_TIGHT→GAP<0.3%
EC_n050_001_a50_002,EC,50,0.5,1,0,1103.0,1103,0.0,1,0.6852934999624267,0.6853315000189468,UB_STOP
D_n040_005_a25_013,D,40,0.25,1,0,837.0,837,0.0,20,299.9983656000113,299.99840460007545,UB_TIGHT→GAP<0.3%
EC_n070_022_a25_064,EC,70,0.25,1,0,1093.0,1098,0.45537340619307837,33,299.316761199967,299.3167751999572,OBJ+120 tier->0
EC_n070_022_a25_064,EC,70,0.25,2,0,1093.0,1094,0.09140767824497258,30,300.0008300000336,599.3176240000175,UB_TIGHT→GAP<0.3%
C_n055_009_a25_025,C,55,0.25,1,0,1353.0,1354,0.07385524372230429,45,300.00999499997124,300.0100108999759,UB_TIGHT→GAP<0.3%
EC_n070_021_a25_061,EC,70,0.25,1,0,868.0,873,0.572737686139748,29,300.0332393000135,300.0332556000212,OBJ+12 tier->0
EC_n070_021_a25_061,EC,70,0.25,2,1,868.0,880,1.3636363636363635,26,300.0010730000213,600.0343460000586,STALL→tier0→1 d_max=5
EC_n070_021_a25_061,EC,70,0.25,3,2,868.0,873,0.572737686139748,24,300.00683670002036,900.1634454000741,STALL→tier1→2 d_max=7
EC_n070_021_a25_061,EC,70,0.25,4,2,868.0,869,0.11507479861910241,24,300.1247721000109,1200.4160709000425,UB_TIGHT→GAP<0.3%
D_n040_002_a75_006,D,40,0.75,1,0,1137.0,1137,0.0,0,0.0,0.0,UB_PROVEN_INIT
ED_n040_004_a50_011,ED,40,0.5,1,0,1154.0,1168,1.1986301369863013,17,300.0115444000112,300.01156600005925,OBJ+10 tier->0
ED_n040_004_a50_011,ED,40,0.5,2,1,1154.0,1165,0.944206008583691,16,300.0956067000516,600.1071996000828,STALL→tier0→1 d_max=5
ED_n040_004_a50_011,ED,40,0.5,3,2,1154.0,1165,0.944206008583691,17,300.00222650007345,900.1708619000856,STALL→tier1→2 d_max=6
ED_n040_004_a50_011,ED,40,0.5,4,3,1154.0,1165,0.944206008583691,16,300.05145169992466,1200.2816661000252,TIERS_EXHAUSTED
D_n065_027_a25_079,D,65,0.25,1,1,1094.0,1130,3.185840707964602,7,300.0454208999872,300.045442200033,STALL→tier0→1 d_max=5
D_n065_027_a25_079,D,65,0.25,2,2,1094.0,1103,0.8159564823209429,7,300.29019480000716,600.5371218000073,STALL→tier1→2 d_max=7
D_n065_027_a25_079,D,65,0.25,3,2,1094.0,1096,0.18248175182481752,7,300.2646036000224,901.0078046000563,UB_TIGHT→GAP<0.3%
EC_n060_015_a25_043,EC,60,0.25,1,0,1075.0,1075,0.0,37,299.5145467999391,299.51456609996967,UB_TIGHT→GAP<0.3%
C_n075_026_a25_076,C,75,0.25,1,1,1316.0,1327,0.8289374529012812,13,300.0126544999657,300.01266889995895,STALL→tier0→1 d_max=7
C_n075_026_a25_076,C,75,0.25,2,2,1316.0,1320,0.30303030303030304,13,300.00550349999685,600.1844404999865,STALL→tier1→2 d_max=9
C_n075_026_a25_076,C,75,0.25,3,2,1316.0,1317,0.07593014426727411,13,300.012519299984,900.3655099000316,UB_TIGHT→GAP<0.3%
ED_n050_011_a25_031,ED,50,0.25,1,0,623.0,623,0.0,0,0.0,0.0,UB_PROVEN_INIT
C_n050_003_a25_007,C,50,0.25,1,0,994.0,995,0.10050251256281408,48,300.0007531000301,300.0007730999496,UB_TIGHT→GAP<0.3%
EC_n060_011_a25_031,EC,60,0.25,1,0,867.0,883,1.8120045300113252,35,300.02341799996793,300.0234509999864,OBJ+12 tier->0
EC_n060_011_a25_031,EC,60,0.25,2,0,867.0,869,0.23014959723820483,32,300.04941480001435,600.0728855000343,UB_TIGHT→GAP<0.3%
C_n055_006_a25_016,C,55,0.25,1,0,975.0,975,0.0,0,0.0,0.0,UB_PROVEN_INIT
EC_n060_012_a25_034,EC,60,0.25,1,0,894.0,907,1.4332965821389196,40,300.0170572999632,300.0170720999595,OBJ+9 tier->0
EC_n060_012_a25_034,EC,60,0.25,2,0,894.0,894,0.0,40,300.02404489996843,600.0411433998961,UB_TIGHT→GAP<0.3%
EC_n055_008_a25_022,EC,55,0.25,1,0,773.0,773,0.0,0,0.0,0.0,UB_PROVEN_INIT
EC_n060_013_a25_037,EC,60,0.25,1,0,1082.0,1082,0.0,0,0.0,0.0,UB_PROVEN_INIT
C_n055_007_a25_019,C,55,0.25,1,0,804.0,804,0.0,49,299.06916749989614,299.06918329990003,UB_TIGHT→GAP<0.3%
ED_n040_002_a50_005,ED,40,0.5,1,0,772.0,772,0.0,1,1.561696199933067,1.561717399978079,UB_STOP
D_n050_013_a25_037,D,50,0.25,1,0,963.0,963,0.0,24,300.0132014999399,300.01322359999176,UB_TIGHT→GAP<0.3%
ED_n050_013_a25_037,ED,50,0.25,1,0,742.0,742,0.0,38,300.0035722000757,300.0035929000005,UB_TIGHT→GAP<0.3%
D_n050_012_a25_034,D,50,0.25,1,0,753.0,754,0.1326259946949602,25,300.0063621000154,300.0063769000117,UB_TIGHT→GAP<0.3%
ED_n050_012_a25_034,ED,50,0.25,1,0,354.0,354,0.0,0,0.0,0.0,UB_PROVEN_INIT
C_n050_002_a25_004,C,50,0.25,1,0,783.0,783,0.0,65,300.0241875000065,300.0242031000089,UB_TIGHT→GAP<0.3%
EC_n050_005_a25_013,EC,50,0.25,1,0,826.0,826,0.0,71,300.05395209998824,300.05397579993587,UB_TIGHT→GAP<0.3%
EC_n050_003_a25_007,EC,50,0.25,1,0,773.0,773,0.0,0,0.0,0.0,UB_PROVEN_INIT
C_n050_004_a25_010,C,50,0.25,1,0,1242.0,1243,0.08045052292839903,61,299.3004297000589,299.30044919997454,UB_TIGHT→GAP<0.3%
EC_n055_007_a25_019,EC,55,0.25,1,0,375.0,375,0.0,0,0.0,0.0,UB_PROVEN_INIT
D_n040_001_a25_001,D,40,0.25,1,0,715.0,715,0.0,0,0.0,0.0,UB_PROVEN_INIT
EC_n055_006_a25_016,EC,55,0.25,1,0,634.0,634,0.0,0,0.0,0.0,UB_PROVEN_INIT
EC_n060_014_a25_040,EC,60,0.25,1,0,1037.0,1057,1.8921475875118259,52,300.01665150001645,300.01667200005613,OBJ+11 tier->0
EC_n060_014_a25_040,EC,60,0.25,2,0,1037.0,1037,0.0,51,300.0465263999067,600.0632459999761,UB_TIGHT→GAP<0.3%
EC_n055_010_a25_028,EC,55,0.25,1,0,925.0,925,0.0,57,299.1573927999707,299.15741210000124,UB_TIGHT→GAP<0.3%
EC_n055_009_a25_025,EC,55,0.25,1,0,944.0,957,1.3584117032392893,62,299.99991480004974,299.9999342999654,OBJ+10 tier->0
EC_n055_009_a25_025,EC,55,0.25,2,0,944.0,944,0.0,62,300.03608859993983,600.0360896999482,UB_TIGHT→GAP<0.3%
EC_n080_031_a25_091,EC,80,0.25,1,0,1068.0,1072,0.3731343283582089,18,300.1556805000873,300.1557126000989,OBJ+13 tier->0
EC_n080_031_a25_091,EC,80,0.25,2,1,1068.0,1080,1.1111111111111112,18,300.06689050002024,600.222630500095,STALL→tier0→1 d_max=6
EC_n080_031_a25_091,EC,80,0.25,3,2,1068.0,1074,0.5586592178770949,18,300.007762299967,900.4035037000431,STALL→tier1→2 d_max=8
EC_n080_031_a25_091,EC,80,0.25,4,2,1068.0,1070,0.1869158878504673,18,300.043523499975,1200.6334888000274,UB_TIGHT→GAP<0.3%
D_n040_004_a25_010,D,40,0.25,1,0,723.0,723,0.0,0,0.0,0.0,UB_PROVEN_INIT
ED_n040_005_a25_013,ED,40,0.25,1,0,445.0,445,0.0,0,0.0,0.0,UB_PROVEN_INIT
EC_n050_002_a25_004,EC,50,0.25,1,0,355.0,355,0.0,0,0.0,0.0,UB_PROVEN_INIT
ED_n045_006_a25_016,ED,45,0.25,1,0,523.0,523,0.0,0,0.0,0.0,UB_PROVEN_INIT
C_n050_001_a25_001,C,50,0.25,1,0,735.0,735,0.0,59,299.81706430006307,299.81708349997643,UB_TIGHT→GAP<0.3%
D_n040_002_a25_004,D,40,0.25,1,0,352.0,352,0.0,0,0.0,0.0,UB_PROVEN_INIT
ED_n040_003_a25_007,ED,40,0.25,1,0,352.0,352,0.0,1,0.06398820003960282,0.06402809999417514,UB_STOP
ED_n045_007_a25_019,ED,45,0.25,1,0,253.0,253,0.0,0,0.0,0.0,UB_PROVEN_INIT
ED_n040_004_a25_010,ED,40,0.25,1,0,422.0,422,0.0,0,0.0,0.0,UB_PROVEN_INIT
ED_n040_001_a25_001,ED,40,0.25,1,0,412.0,412,0.0,0,0.0,0.0,UB_PROVEN_INIT
EC_n050_001_a25_001,EC,50,0.25,1,0,421.0,421,0.0,1,0.04494870000053197,0.04496329999528825,UB_STOP
ED_n040_002_a25_004,ED,40,0.25,1,0,212.0,212,0.0,0,0.0,0.0,UB_PROVEN_INIT
ED_n045_010_a25_028,ED,45,0.25,1,0,813.0,813,0.0,35,300.0273103999207,300.0273447999498,UB_TIGHT→GAP<0.3%
D_n040_003_a25_007,D,40,0.25,1,1,563.0,565,0.35398230088495575,44,300.0012575999135,300.0012730999151,STALL→tier0→1 d_max=3
D_n040_003_a25_007,D,40,0.25,2,1,563.0,563,0.0,47,300.04737569997087,600.1145948999329,UB_TIGHT→GAP<0.3%
ED_n045_008_a25_022,ED,45,0.25,1,0,732.0,732,0.0,53,299.2130223000422,299.21303560002707,UB_TIGHT→GAP<0.3%
ED_n045_009_a25_025,ED,45,0.25,1,0,843.0,850,0.823529411764706,28,300.03376890008803,300.03378540009726,OBJ+100 tier->0
ED_n045_009_a25_025,ED,45,0.25,2,0,843.0,843,0.0,36,299.51499200006947,599.548795800074,UB_TIGHT→GAP<0.3%
EC_n050_004_a25_010,EC,50,0.25,1,0,844.0,856,1.4018691588785046,81,300.01672449999023,300.01674540003296,OBJ+10 tier->0
EC_n050_004_a25_010,EC,50,0.25,2,0,844.0,844,0.0,102,299.99840639997274,600.0151749000652,UB_TIGHT→GAP<0.3%
